邢潇,56.0,1
萨姆·门德斯,37614.2;54205.7,2
陈正道,20000.8;27387.0;2896.14;36605.6,4
霍建起,177.0;195.15;3302.0;202.5,4
罗兰·艾默里奇,13688.44;17726.8;50313.2,3
孔令晨,1325.2,1
卫捷,54.7;9.2;253.0,3
赵艺然,54.7;46.4,2
何振华,89.8,1
麦咏麟,89.8;57.2;4200.7;126.03,4
唐文湘,89.8,1
斯考特·摩尔,174.5,1
乔恩·卢卡斯,174.5,1
张玮真,244.23,1
郭廷波,49.2;9.9,2
严嘉,2260.0,1
孙达,452.3;377.92,2
刘名峰,2089.6,1
邓鉴泉,42.7,1
林依琦,42.7,1
陈木川,42.7,1
森岛,39.7,1
徐克,2515.7;1878.0;88285.7;304.7;60078.7;505.7;931.4;551.74;54000.52,9
赵文杰,1878.0,1
章明,5.1,1
彭顺,2502.11;2257.7;4136.5;3424.33;896.87;13309.2,6
吕建民,1245.0,1
韩杰,222.2,1
张馨,31.1,1
张琦,4413.65;1637.57;12782.3,3
徐志强,40.5,1
布莱恩·辛格,80267.9;72296.8;5415.7,3
易立,2777.4,1
李建林,0.0,1
陈德森,11891.7,1
陈建斌,1907.1,1
海达,92.4,1
冯小刚,37113.6;8.2;8.3;71380.6,4
王家卫,28924.1;6289.8,2
张猛,2623.7;4750.7;1.1,3
戎川,11.7,1
翟俊杰,205.0,1
翟小兴,205.0,1
高群书,2276.3;4750.7;779.73;5403.8,4
苗述,6.9;11.0;7.8;49.0,4
金依萌,17250.5;6972.1,2
石磊,144.9,1
李平,238.3,1
孙渤涵,688.0,1
张承,8268.4;884.0,2
杨健武,70.44,1
刘香萍,3.8,1
李思易,0.86,1
姜文,51494.6,1
邹佡,22852.5;3658.2,2
肯尼思·布拉纳,16064.6;44470.4;9008.62,3
温钧凯,0.0,1
侯亮,570.9;87.8,2
章家瑞,6972.1;167.6,2
潘安子,6972.1;2303.39;5449.0;5347.6,4
宋迪,6972.1;3221.3,2
王钧,588.1,1
叶伟民,1425.0;41216.1;757.8;4334.34;8842.1,5
朱嘉欣,504.2;500.5,2
曾国祥,16162.86;991.95,2
李红建,707.1,1
杜潇傲,1228.2,1
刘鸿,1228.2,1
叫兽易小星,32232.2;219.2,2
赵天宇,435.01;27539.35;40912.7,3
李玉,14831.8;10738.7;6194.11,3
王竞,265.0;452.9;1819.79,3
李春啸,3.2,1
江平,474.77,1
杜琪峰,10041.5;4748.2;9067.33;19875.0;14696.0;21095.7;2141.61,7
杜琪峯,10041.5,1
陈国新,25.14,1
刘炜,2382.4,1
张婉婷,1224.1,1
傅燕,232.4;392.5;158.3,3
周耀武,791.9;754.8;393.36,3
谢鸣晓,135.6,1
卓立,322.71,1
李德威,254.3;10.91,2
王子鸣,28400.7,1
刘伟强,1984.15;111783.6;7183.4,3
郑丹瑞,1028.3,1
孙周,11178.0,1
许传海,389.26,1
史蒂文·奎里,11041.6,1
田玉奎,4.1,1
闫然,72.8;2.1,2
周君,77.1,1
叶伟英,77.1;922.48,2
张鑫,178.0;126.5,2
王维明,1668.3,1
杜奇泉,14.3,1
祁子轩,14.3,1
钟萱,11.6,1
林大雄,392.3,1
尹丽川,556.52,1
刘小春,48.4,1
郑义,432.2,1
张常青,432.2,1
谷立红,432.2,1
王猛,5.2,1
王文杰,425.2,1
张秉坚,91.4,1
杨真,49.3,1
安澜,0.1;848.4,2
董振业,10.5,1
方义华,10.5,1
杨小朴,61.29,1
方军,61.29,1
刘全玮,61.29;31.8,2
郑晓佳,61.29,1
汪小平,8.05,1
陈可辛,53880.3;34468.8;17021.41;1248.8,4
蔡于位,301.6,1
卓韵芝,10108.4;8.3,2
曹剑,68.6,1
陈明新,0.1,1
钱江汉,781.9,1
宁敬武,400.2;248.9;3.83;135.4;2221.0;4.5,6
罗敏,46.27,1
罗安得,272.13;1305.4,2
成宝钢,7.4,1
王岳伦,506.86;11618.9,2
彭磊,5.8,1
约书亚·迈克尔·斯坦恩,1259.2,1
陆川,68280.2;6441.87;7699.8,3
巴里·索南菲尔德,5197.45;50301.8,2
大飞,31.3;18.3,2
任飞,1.1,1
巴兹·鲁尔曼,8506.3,1
郭柯,0.0,1
丑丑,20.06,1
罗伯特·泽米吉斯,9079.3,1
安迪·沃卓斯基,17019.8;28437.1,2
拉娜·沃卓斯基,17019.8,1
汤姆·提克威,17019.8,1
张伟国,172.35,1
孔玟燕,1557.83;40.4,2
曲全立,1557.83,1
高炳权,1557.83,1
张荣吉,1557.83;888.6,2
霍辛·阿米尼,880.0,1
李欣蔓,60.5;6820.0,2
曹安俊,226.1,1
余丹戈,226.1,1
徐峥,126800.1;161335.5,2
崔守杰,0.0,1
杨林,0.0,1
蔡尚君,118.73,1
香允豪,118.73,1
乔·卡纳汉,3839.61,1
辛成江,405.9,1
刘观伟,405.9;0.0,2
彭浩翔,1430.8;23048.6;7047.72,3
梁德森,433.5;20.7,2
刘左峰,34.4,1
张一白,14043.06;58849.3;4750.7;3002.2,4
吴琴,12.8,1
魏民,5653.3,1
魏楠,5653.3,1
英达尔·珍杜巴耶夫,6008.92,1
牛建荣,6.3,1
邓原,17.9,1
巴巴克·纳加非,2066.0,1
李昂,0.9,1
黄斌,35351.1,1
杨文军,35351.1,1
王鼎,8.8,1
李红翔,8.8,1
陈雨田,8.8,1
蒋旭,63.6,1
皮埃尔·莫瑞尔,398.2,1
文伟鸿,60463.31,1
科林·特莱沃若,142065.9,1
史蒂文·斯皮尔伯格,34947.2,1
克里斯托夫·迈考利,9711.4;86963.6,2
李彦廷,2.7,1
罗世平,0.1,1
张若以,0.1,1
贾雷鸣,26.1,1
韩兆,188.2;2212.8;80.8,3
黄宏,66.0,1
黄真真,4365.37;6417.4;14912.7;20490.7,4
刘奋斗,3131.15;175.4,2
周晓鹏,0.0;4.9,2
郑剑锋,27387.0,1
关尔,361.07;801.3;211.7;2348.59;3531.5;1046.3,6
克里斯·哥伦布,10096.5,1
赵非,120.42,1
刘存明,70.3,1
熊欣欣,376.6,1
孙立军,2973.0;1565.29;447.0,3
葛水英,265.4,1
卫晓茼,73.8,1
郭子健,78.7;7746.3;124699.4,3
汪涛,3507.7,1
钟少雄,332.1;52490.3,2
非行,18118.5,1
陈国辉,5824.77;15953.0;17336.7,3
夏永康,5824.77,1
董春泽,83.0,1
陈庆嘉,8614.07;16714.78,2
秦小珍,8614.07;19506.7;17422.9;19234.2;16714.78;6264.7,6
黄肖英,161.7,1
非可,9.9,1
周看,9.9,1
尼克·鲍威尔,9.9;2433.4,2
吴子云,654.4,1
藤井树,654.4,1
谷德昭,8090.9;2754.1;5830.4;5060.79,4
肖风,236.5,1
麦兆辉,13382.28;23219.4;20893.5;30823.3,4
庄文强,13382.28;23219.4;20893.5;30823.3,4
约翰·卡尼,2027.1,1
张长征,76.3;30.6,2
谢政辉,30.1;3.1;6.3,3
郑斌辉,1.8,1
忻钰坤,1147.9;1065.6,2
陈世杰,1147.9,1
西瓦罗·孔萨库,1147.9,1
许晨,0.0,1
曹利民,0.0;9.9,2
邢健,3.1;30.0,2
罗永昌,14269.6;1270.6,2
史蒂夫·马蒂诺,44709.7;3668.1,2
盖伦t·楚,44554.41;42461.26,2
麦克·特米尔,44554.41;42461.26,2
卡洛斯·沙尔丹哈,4416.4;13981.16;24246.2,3
徐伟,4320.0,1
弗拉基米尔·缅绍夫,5.3,1
陈国星,958.9;171.7;1819.79,3
王小列,958.9,1
珍妮弗·李,29830.8,1
克里斯·巴克,29830.8,1
邹凯光,15629.6,1
叶伟信,15629.6;77028.4,2
贺梦凡,110.1,1
罗守耀,491.6,1
刘浩良,2091.8,1
孙铁,7.7;39.1,2
蒋国权,285.4;131.0;525.5,3
王柯,285.4,1
雷金克,2.8;15.7;16.3,3
康与江,12.21,1
闫旭升,84.19,1
杨小欣,18.1,1
叶念琛,1276.1;4261.7;1139.1;72.0;2415.8,5
吴基桓,19284.8,1
邓超,66544.9;64883.6,2
俞白眉,66544.9;64883.6,2
胡艺川,7.8,1
张自立,441.6,1
罗伯特·斯文克,11013.6;12206.3;2981.78,3
尼尔·博格,7677.9;4508.04,2
戚家基,3025.4,1
杨虎,18.1;8.3,2
蒋钦民,61.46,1
刘娟,225.8,1
孙亮,117.0,1
周阁,41.5,1
吕克·贝松,5646.3,1
黄岳泰,1188.8,1
张一墨,1.7;1.5,2
藏溪川,1.7,1
邓勇星,11.7,1
王光利,1293.6,1
彭际航,72.8,1
任鹏远,72.8,1
侯孝贤,6140.2,1
黄健明,822.9,1
刘小宁,1.2,1
田羽生,25199.7;12967.9,2
陶明喜,24.8;1.1;5.05;0.0,4
落落,6149.3,1
周星驰,2559.5;339139.8;124699.4,3
解福印,30.2;3.76,2
宁瀛,67.1;784.2;210.7,3
袁祥仁,67.1,1
陈天星,131.0;473.3,2
詹妮弗·余,55414.79,1
吕寅荣,100176.1,1
亚力山德罗·卡罗尼,100176.1,1
范文彬,144.8,1
尼基尔·阿德瓦尼,990.3,1
西蒙·韦斯特,4425.8;33214.9,2
蒂洛·格拉夫·罗瑟科什,241.29,1
尹哲,9.2;0.9,2
金沙,213.0,1
时尧,58849.3,1
午马,668.3,1
李晓雨,1905.2,1
安战军,0.4;19.5;109.26,3
陈思诚,40553.1;76116.5,2
薛晓路,51975.0;78669.7,2
郭爽,246.7,1
冯媛,246.7,1
余治林,333.0,1
杨树鹏,2766.0,1
曹钟强,58.3,1
周格泰,394.7,1
卢恒宇,11981.9,1
李姝洁,11981.9,1
康康,128.3,1
徐昂,1396.9,1
盛志民,2004.6,1
成龙,88113.4;4020.72,2
葛海涛,59.4,1
王丹,224.98;28.1,2
王昶昊,0.6,1
张侨勇,16.7,1
杜玉贞,840.6,1
刘天荣,104.1;246.0,2
邓科,536.6;521.4,2
张江南,679.1;363.1,2
牛朝阳,1144.3;1452.98;906.8;3153.7,4
陆诗雨,853.2;184.83,2
赵宇,232.4,1
阿牛,232.4,1
朱丹,168.1,1
董玲,82.0;7746.83,2
龚应恬,32.3,1
彭丹,27.31,1
肖恩·利维,32304.4;12120.37,2
袁和平,25624.6,1
雪村,29.1,1
陈木胜,16728.54;23788.0;17137.91,3
郑大圣,1.8,1
段国云,102.2,1
许秦豪,6271.2,1
管虎,27277.8;4750.7;1914.76;88304.0,4
吴卫东,168.03;0.0;0.0,3
秦臻,310.5,1
埃兰·克里维,566.8,1
林德禄,9525.0;20779.26,2
江涛,1104.4,1
tao jiang,1104.4,1
周琦,7.0;31.3;1596.15,3
马德林,7.0;1596.15,2
迈克尔·贝,96695.21;197756.5,2
邱礼涛,1266.63;1113.0;3739.0;96.5;387.58,5
张时霖,238.7,1
菲力浦·施托泽,1308.2,1
田芬,92.3,1
谭晓明,107.2,1
刘辉,1063.4,1
关信辉,2221.6,1
埃里克·斯泰尔斯,3481.0,1
陈奕铭,1.49,1
晴朗,1529.7,1
陈穗华,30.1,1
曾鹏,30.1,1
康新春,30.1,1
王凯,121.0;291.7;1282.4,3
程中豪,121.0;291.7;1282.4,3
郭帆,45574.1;830.34,2
山本泰一郎,2667.44,1
静野孔文,2667.44;8161.1,2
韩寒,62882.1,1
刘宁,2.89;1348.3,2
方文山,170.6,1
郑芬芬,244.0,1
丁荫楠,40.3,1
丁震,40.3,1
徐耿,1112.5;10.0,2
梁明,5.5;8.5,2
李睿珺,8.2;77.7;219.2,3
陈力,5941.4;83.0,2
张伟,81.7,1
金莹,81.7,1
黄瀛灏,81.7,1
王冰,81.7;2591.9,2
李云波,0.0,1
张皓,6792.8,1
何康,76.2,1
秦瑞明,4.5,1
赵小溪,744.2;1.3;268.8;2354.7;586.0,5
赵小鸥,744.2;1.3,2
杨广福,1016.8;3.1;0.1,3
孟奇,139.6,1
刘江,28446.9,1
八木龙一,53028.3,1
山崎贵,53028.3;4546.97,2
八锹新之介,10358.7,1
加里斯·爱德华斯,48142.1,1
黄修平,502.2;57.0,2
李济德,14.1,1
杨博,28.9,1
杨亚洲,28.9;505.9,2
苏伦,33.5,1
温德光,196.5;896.4,2
明振江,196.5,1
李理,253.0,1
杨子,86.0;280.0;339.21,3
竹卿,171.4;947.8,2
唐昱,59.8,1
赵崇邦,13925.04,1
简耀宗,12493.9;16759.92;8624.3;832.6,4
陈辉衍,16759.92,1
黄晓雪,16759.92,1
黄伟明,6777.6;3566.4;2803.5,3
伊卫军,313.47,1
梁君健,1153.6,1
萧寒,1153.6,1
晓寒,170.6,1
毛启超,170.6,1
陈嘉上,19506.7;17422.9;19234.2;15064.83,4
郭峰,44.2,1
林孝谦,1108.8,1
何平,168.6,1
刘抒鹃,23.0,1
王全安,36.3;14163.31,2
马源,27.2,1
车径行,3.7;280.6;21.2,3
汤姆·霍伯,647.41;6305.9,2
宋江波,1021.4,1
林爱华,3013.9;8440.8,2
佐藤敬一,3787.0,1
哈罗德·兹瓦特,2971.0,1
毛呆,533.7,1
杨采妮,2349.5,1
何钜宇,571.3,1
马系海,571.3,1
霍耀良,3228.3;15526.9,2
郭在容,1106.7;16180.7,2
唐永康,0.8,1
梁杰,701.0;137.0,2
吴耀权,266.83;66.54,2
布拉德·佩顿,38608.42;62967.4,2
阿方索·卡隆,43560.3,1
帕翠西娅·里根,2347.7,1
金泰均,993.3,1
孙皓,4699.2,1
安吉丽娜·朱莉,3682.7,1
土井裕泰,3757.8,1
鲍勃·布朗,327.2;30032.0,2
张鹏,327.2,1
李超,0.0,1
马成林,0.0,1
李梅,0.11;500.0,2
葛宁,0.11,1
乔斯·韦登,56847.56;146437.6,2
钱国伟,133.78,1
陈家霖,72.6,1
赵真奎,15191.2,1
赵珍奎,15191.2,1
闫非,144145.5,1
彭大魔,144145.5,1
陆诗雷,220.39,1
戴思杰,3317.6,1
丁小洋,333.2,1
方亚熙,752.9,1
菲利普·穆伊尔,2204.4,1
唐伟成,0.0,1
张坤一,17.78,1
王晶,14963.5;52490.3;97473.6;111783.6;222.1;7022.4;10244.48,7
段青民,1.2,1
卢国成,66.54,1
雷尼·哈林,2536.2;88914.56,2
胡崇曦,476.1,1
黄朝亮,776.5,1
李文岐,32.5,1
朱延平,147.2;5219.07,2
许安,114.4;28387.3,2
庄红胜,44.3,1
张蠡,48.6,1
金容华,11284.5,1
梁柏坚,3769.76;498.2,2
高晓松,4128.68,1
金波·兰道,15702.9,1
苗月,1023.4;1177.3,2
向飞,352.3,1
刘镇伟,2962.6;35993.48;1413.4;1025.4;2924.8,5
周显扬,4817.68;18422.8,2
侯季然,79.4,1
万籁鸣,4908.01,1
唐澄,4908.01,1
狄菲菲,4908.01,1
尔冬升,17327.65;6319.2,2
梁旋,56509.5,1
张春,56509.5,1
李凯,58.0;162.1,2
吴中天,3639.3,1
章国庆,2.1;0.0;501.1,3
周杰伦,11984.8,1
云山,2.7,1
柳广辉,0.0;27.1,2
李仁港,74409.7;100021.35,2
罗伯·明可夫,12160.3,1
孙健君,30032.0,1
沈东,3324.2;413.6;28.2;6009.02,4
宁海强,3324.2;541.36;41347.6;28.9;51.7,5
蔡明钦,410.6;134.5,2
蔡志忠,410.6,1
孔凡羽,398.74,1
罗惠德,1.6;170.22,2
格雷格·施特劳斯,5722.95,1
科林·施特劳斯,5722.95,1
梅新,0.1,1
吴宇森,19542.5;5104.2,2
基努·里维斯,2756.7,1
詹姆斯·马瑟,3470.81,1
斯蒂芬·圣·莱杰,3470.81,1
郑成峰,229.6;358.9;641.7;618.8;1575.1;1584.9,6
祝新运,13.8,1
彭三源,21615.2,1
滕华涛,29973.52;4750.7;7965.2,3
丁小明,59.9,1
袁杰,223.7;1489.2;423.6;1228.0,4
罗尼·德尔卡门,9723.0,1
彼特·道格特,9723.0,1
徐捷,4.0;108.2,2
邓衍成,853.3,1
黑特尔·达利亚,817.4,1
崔东勋,2225.1;4697.9,2
张新亚,74.4,1
陈晓雷,74.4,1
吴林,0.09;123.9,2
乔恩·费儒,97932.3,1
许树宁,103.32,1
陈健,28.21,1
罗斌,0.1,1
岑俊义,43428.0,1
郭明尔,25.8,1
钟智行,847.9;5864.2,2
安东尼·福奎阿,4021.4;771.33;771.33,3
多米尼克·塞纳,3817.54,1
郭大雷,6338.3;514.2,2
梁婷,1283.3;1203.4,2
林子皓,22.19,1
刘新,38.0,1
邱处机,1192.2,1
盛石头,94.6,1
彭发,162.9;334.1;13309.2;1653.6;1038.9,5
高志森,14.4,1
孙爱国,41.4,1
韩风,41.4,1
吴宗强,873.04;0.0,2
张艺飞,0.5;9.8;28.8,3
王鸿飞,0.0,1
周勇,330.1,1
廉涛,360.2,1
王琨皓,360.2,1
钟继昌,8749.09;1672.8,2
李桢凡,760.37,1
梁凯杰,82.2,1
齐为民,19.2;10.3;41.17,3
萧龙,1.6,1
李明明,308.29,1
张力,30.9;97.81;729.2;201.4,4
威尔·古勒,345.5,1
乔·怀特,32.72,1
王立新,22.01,1
尹博,232.7,1
布莱特·拉特纳,8282.2;4439.06,2
张训玮,731.23,1
王传宗,44.4,1
杨贻茜,44.4,1
张恒,461.51,1
王骏,497.6,1
李锐,497.6,1
刘可,497.6,1
潘礼平,497.6,1
杜林,497.6,1
安泉,0.4,1
加里·弗莱德,3255.0,1
柳珂,26.2,1
张番番,1532.28,1
俞岛,901.4,1
梁乐民,25303.8;67811.1;20973.8,3
陆剑青,25303.8;67811.1;20973.8,3
刘伟恒,53.7,1
马里奥·安德鲁西奥,3211.59,1
乌尔善,166752.1;70210.75,2
杨龙澄,28387.3,1
邢博,567.3;104.5,2
王孟圆,2574.3,1
罗英,0.6,1
王宁,3936.2,1
田刚磊,7.8,1
黄建新,150.8;40923.18,2
钱晓鸿,150.8,1
郭敬明,48478.1;52156.7;48856.3;290.26;29654.4;6690.48,6
翁朝晖,449.3,1
张明,449.3,1
杜鹏,105.4;6845.0,2
马克·伯顿,5377.6,1
理查德·斯塔扎克,5377.6,1
孟文龙,110.7,1
管霄超,110.7,1
汤华宝,110.7,1
刘沛,110.7,1
张忠,8.8,1
柯威,3.5,1
王微,7868.0,1
乔·赖特,2848.8,1
方晓罡,52.75;1.3,2
娄烨,105.1;1314.8;554.4,3
査传谊,105.1,1
皮艾尔·柯芬,43575.2;32397.5,2
凯尔·巴尔达,43575.2,1
李霄峰,53.5,1
许斌,258.8,1
谢绍亮,2.5,1
肖智慧,154.3,1
陈凌超,154.3,1
雷珺麟,85.4,1
李安,57290.0,1
肖洋,5068.3,1
斯图尔特·比蒂,4703.4,1
朱赵伟,0.4;374.0;485.3;58.38,4
贾樟柯,3221.5,1
纪明,11.2,1
白海滨,26.6,1
周旭,35.5,1
王子元,3.9,1
苏有朋,48521.5,1
李欣,5177.2;1915.8,2
叶凯,5177.2;7550.9,2
刘浩,1915.8,1
于人,1915.8,1
陈诚,3828.3,1
S.S. Rajamouli ,730.92;730.92,2
s·s·拉贾穆里,730.92;730.92,2
阮世生,1792.3;2596.1,2
詹姆斯·瓦特金斯,1428.37,1
王菁,2114.45,1
安兴伟,5.1,1
徐皓峰,5478.4,1
保罗·金,9986.1,1
李作楠,349.7;255.12;146.7,3
梅昕,1.8,1
西尔扎提·亚合甫,213.94,1
张扬,3450.2,1
戴睿,1309.2,1
詹姆斯·麦克提格,948.0,1
王轩堃,31.3,1
陈宝玲,165.31,1
马雍,23.6;19.5,2
翁靖廷,79.1,1
罗耀辉,93.5,1
塔西姆·辛,3564.7;4404.41,2
尚永峰,926.4,1
保罗·安德森,9759.2;11058.8,2
尼玛·诺里扎德,1993.7,1
蔡华,0.37,1
韩三平,40923.18,1
金英卓,320.88,1
胡明刚,896.4,1
徐杰,294.4,1
安德鲁·斯坦顿,25977.43;25410.75;25329.2,3
过华,508.6,1
战越,442.7,1
徐正超,2093.0;825.7,2
张艺谋,29146.8;13392.3;6.43,3
谢宋奇,499.8;499.8;515.9;515.9,4
宋奇,499.8;515.9;0.8,3
裴军,1.45,1
潘源良,1814.33,1
顾长卫,28636.4;5832.02,2
李唯劼,243.3,1
胡学林,1059.8,1
于向远,0.69,1
宁浩,117002.8;25959.2;15006.58,3
甄人,3.9,1
戴夫·格林,39352.1,1
乔纳森·理贝斯曼,38769.3,1
权聆,213.3,1
于仁泰,6182.0,1
张玉中,1822.4;41347.6;45.0;107.6,4
傅华阳,15360.1;660.85;522.3,3
张艾嘉,1390.7,1
Gengxu Lu ,202.8,1
王松,562.6;32.1,2
佟亦坚,1894.6,1
石井辉仪,2591.9,1
丹·斯坎隆,20999.2,1
田蒙,757.8;5018.5,2
咸旭初,757.8;72.8,2
李佳,3.8,1
董润年,5365.4,1
文牧野,5365.4,1
傅天余,5365.4,1
韩轶,5365.4,1
冀佳彤,5365.4,1
方霆,0.0,1
高光磊,0.0,1
丁乃筝,83.7,1
周智勇,113.6,1
白承勋,38.5,1
张洋,607.2,1
李庆城,133.7,1
鸿水,74.1;53.2,2
王良,387.3,1
孙宏凯,277.2,1
黄精甫,803.9,1
王莉,886.5,1
陈咏歌,30.9,1
张夷非,481.1;44.3,2
张林子,1035.4,1
王艺,0.0;32.2,2
曹桂千,55.1,1
邓迎海,28.1,1
何亚妮,2.6,1
邱爽,2.6,1
潘明光,17.0,1
李骏,7863.7,1
朱浩伟,63881.6;33806.1,2
王鸣,869.8,1
黎志,2362.5,1
黄雷,844.6,1
费格尔·雷利,51382.8;22565.93,2
克雷·卡提斯,51382.8;22565.93,2
克莱·凯蒂,51382.8;22565.93,2
赵世磊,454.53,1
王小帅,498.29;1003.6,2
吴钦,6.6,1
韩晶,517.5,1
喻瀚湫,104.7;371.06,2
晏菲,307.5,1
核桃,1200.6,1
周彬,1200.6;1216.48,2
马楚成,0.0;2444.55,2
侯克明,17.81,1
刘坤,17.81,1
金丰起,2085.2,1
范立欣,652.9,1
王漪钏,1.8,1
黄海,1.8,1
刘紫薇,0.0,1
李蔚然,8774.5,1
李小果,2.8,1
黄发,2.8,1
郑立,77.1,1
亢宝晶,433.9,1
汤继业,433.9;85.4,2
吴佳,85.4,1
伊能静,1553.5,1
于胜军,207.4;6952.7;2728.68;7048.1,4
安尚勋,21524.1,1
宋胤熹,550.8;379.6,2
陈奕利,3744.6,1
陈飞宏,3744.6,1
朱枫,7222.23,1
马志宇,3028.6,1
陈晓曦,332.4;45.7,2
肖旭琳,19.5,1
霍猛,74.6,1
周军,179.6,1
陈玉珊,35939.6,1
赵根植,3418.6,1
盛先庭,0.4,1
高根荣,0.4;10.1,2
洪金宝,32443.9,1
陈丽英,36.5;185.7,2
陈慧翎,2419.3,1
赵崇基,780.1,1
黄军,164.7;741.8,2
翁秀兰,147.9,1
吴飞跃,79.4,1
秦晓宇,79.4,1
郝杰,1230.4;67.9,2
赵翀,56.7;63.3,2
李石川,0.0,1
黄微,77.8,1
董亚春,1210.4,1
吴京,54444.2,1
路阳,50.5;9320.5,2
金帝荣,8107.1,1
李在容,559.2,1
张唯,61.3,1
大卫·斯托滕,1796.7,1
陈童,91.3,1
彼得·列佩尼奥提斯,3637.7,1
刘潇珂,0.0,1
李坚,637.5,1
裘仲维,637.5,1
童江南,3.5,1
莱昂·朱森,440.3,1
臧溪川,133.2,1
覃杰,13.7,1
黄河,13.7,1
胡安·何塞·坎帕内利亚,621.8,1
陈英雄,294.57,1
许诚毅,243952.0,1
唐旭,18.5,1
陈星池,26.0,1
毕国智,4362.8,1
任海曜,17.1,1
李海蜀,1770.91,1
魏健,52.7,1
谭华,180.5,1
艾什·布兰农,3961.9,1
刘可欣,2483.04;1747.28;1046.6,3
李婷婷,893.6;1049.28,2
邵晓黎,6845.0,1
舒展,216.8,1
奥利维埃·达昂,2628.4,1
韩承桓,417.45;710.6,2
周伟,551.9;320.0,2
张敏,198.6;97473.6,2
高翊浚,610.9,1
吉尔·考夫曼,230.97,1
派特里克·休斯,45329.5,1
陶生,127.2,1
洪智育,0.1,1
孟卫国,10.8,1
黎东泰,619.9,1
周艺华,1.3,1
蒋惠岩,3.1,1
何澄,8769.2;4243.9,2
张振益,8769.2,1
于明亮,70.3,1
梁董龙,70.3,1
杨晓君,70.3,1
陈磊,8.64;193.5,2
李惠民,641.81,1
傅红星,1686.1,1
罗伯特·雷德福,319.2,1
宋占涛,308.2,1
徐艺华,0.0,1
李萍萍,14.5;5.2,2
刘兆东,1.4,1
夏咏,584.4,1
樊志远,0.0,1
胡涵清,12.6,1
刘国昌,244.2,1
李长欣,44.9,1
王海丰,2.2,1
李炼,1710.4,1
布拉德·伯德,11845.4;67134.05,2
道格·里曼,40642.0,1
仁杰,15.3,1
罗慧敏,15.3,1
肖桂云,44.5,1
李前宽,44.5,1
j·j·艾布拉姆斯,82538.7;35320.1,2
林书宇,1436.81,1
克里斯托弗·诺兰,75537.4;33879.0,2
林诣彬,35635.26;25216.7;41372.8,3
金泰勇,6505.38,1
陈志宏,206.69,1
谢军,0.0,1
火火,703.5,1
李光耀,4488.6,1
董董,199.5,1
罗卓瑶,2456.0,1
赵晔,127.0,1
贾斯汀·查德维克,68.0,1
布瑞克·埃斯纳尔,17982.9,1
吴娜,155.8;2.4,2
徐静蕾,28353.4,1
田原,219.2,1
刘勇宏,219.2,1
姜颖,219.2,1
佟志坚,219.2,1
王大庆,219.2,1
杨智麟,219.2,1
杜波,219.2,1
杨瑾,11.7,1
金杨,11.7,1
智磊,44.7,1
张元,39.6,1
维克·阿姆斯特朗,3539.9,1
加贝·伊班内兹,2114.1,1
达伦·阿罗诺夫斯基,31487.2,1
何塞·帕迪里亚,31487.2,1
尹志文,585.44;991.95,2
李丰博,585.44,1
郑保瑞,56035.2;104560.5;120079.1,3
李杨,830.34,1
李阳,830.34,1
安竹间,4967.1,1
陈楚童,21.1,1
郭啸,500.0,1
杨溢,207.2,1
陈卓,4.65,1
陈勋奇,3471.57;327.8,2
尼尔·布洛姆坎普,15976.4;10368.6,2
斯科特·沃夫,41168.0,1
乔方,399.4,1
埃里克森·科尔,24840.1,1
大卫·索伦,11295.4,1
朗·霍华德,2003.1,1
严敏,12548.3,1
任静,12548.3,1
郑来志,406.7;805.4,2
来喜,406.7,1
邓特希,396.4,1
王巍,833.3,1
高厂,29.52,1
吴琦,29.52,1
何炅,37900.2,1
于荣光,10.3,1
陈真,2.9,1
王云飞,6426.3;2208.8;6190.0;6543.9,4
许鞍华,7051.59;5156.4,2
毕然,10.6,1
石易矗,20.7,1
徐鸿钧,15.6,1
王凯阳,46.1,1
章俊夫,46.1,1
王鸣飞,209.4,1
张太维,8100.6,1
张楠,0.0,1
杨振豪,3.1,1
克里斯·韦奇,4996.1,1
李远,372.0;126.03,2
程力栋,372.0,1
莫腾·泰杜姆,5255.4,1
佟秀玄,333.5,1
蒂姆·肯德尔,32233.2,1
王坪,450.5,1
李东,16.0,1
詹文冠,10.2,1
江澄,479.3,1
尚敬,18590.48,1
黄正杰,244.3,1
解航,551.6,1
麦子,551.7,1
姜军,368.7,1
鲁坚,266.03,1
李彧,637.8,1
蔡抒南,50.3,1
胡大中,27.2,1
周玉鹏,0.0,1
俞钟,23.11,1
姚宇,121.11;56.1,2
史凤和,246.1,1
鲍强,500.0,1
潘培成,500.0,1
杨劲松,392.5,1
黄嘉韵,392.5,1
陈石,392.5,1
董龙,392.5,1
常晓阳,5.0,1
扈耀之,39.6,1
梁家仁,47.5,1
盛林,9.2,1
海涛,1101.1;321.7,2
宋豪辉,382.3,1
任鹏,122.6;24.8,2
蒋卓元,1093.9,1
卓建荣,584.2,1
罗伯特·斯托姆伯格,29624.8,1
黄柏基,201.1;65.9,2
松太加,4.5,1
马伟豪,7091.8,1
邢树民,0.0,1
赖俊羽,811.0;566.3,2
朴英均,1220.5,1
贾昆,1220.5,1
李一犁,1220.5,1
谷淞,1220.5,1
王鑫,1220.5,1
大卫·叶茨,30604.6,1
胡韵,718.9,1
陈刚,756.3,1
龚宾四,4788.3,1
乌格斯·马特尔,7697.4,1
郑潇,898.2,1
何冉昊,39.6,1
贾东朔,217.16,1
李升,18.8,1
豪沃得·豪尔,71.8,1
马克·a·z·迪普,2642.0,1
安格斯·麦克莱恩,25410.75,1
阿兰,56.0,1
汤姆·摩尔,1548.31,1
罗越,55.9,1
乔和平,55.9,1
保罗·提比特,5674.0,1
罗志良,7708.3;15948.99,2
行定勋,1006.3,1
雷·昆特,240.7,1
安德鲁·韦特,240.7,1
约翰·布鲁诺,240.7,1
林超贤,4030.76;11792.7;14527.7;10833.1,4
基智,31.1,1
韩延,51102.9,1
王引,66.63,1
卜万苍,66.63,1
赵国桦,0.6,1
李克龙,105.5;23.9;628.4,3
谭轶心,1653.42,1
何子力,5754.17;4762.6;3387.2,3
李保樟,84.9,1
孙雷,27.9,1
肖立波,10.1,1
山下宏幸,10322.1,1
雷德利·斯科特,58667.7,1
尼古拉·列别捷夫,3067.4,1
肖淮海,583.2,1
杨东亮,0.0,1
杨庆,37054.1,1
吉米·海沃德,4997.1,1
威廉·布伦特·贝尔,1688.9,1
刘宝贤,399.7;2146.6,2
曹保平,30482.3;13493.53,2
克里斯蒂安·库尔特·魏斯,8.9,1
甘国亮,277.46,1
查慕春,177.8,1
蒋丛,191.72,1
王冀邢,408.33,1
Jixing Wang ,408.33,1
董成鹏,116014.5,1
谭国欣,24808.1,1
刘富源,24808.1;29558.2,2
丁亮,24808.1;28766.3;29558.2,3
王强,28766.3,1
张秉君,28766.3,1
林汇达,28766.3,1
陈为强,28766.3,1
林永长,28766.3,1
叶天龙,28766.3,1
黎涛,12.5,1
陈双印,0.6,1
詹姆斯·波宾,38703.7,1
王安庆,25.5,1
汪子琦,113.8,1
林家威,113.0,1
朱少宇,534.37,1
亚罗·切尼,38878.12,1
克里斯·雷纳德,38878.12;32397.5,2
唐丹,341.34;544.2,2
朱时茂,722.8,1
丛艺,59.2,1
郑宇哲,60.63,1
刘荣艳,762.8,1
曲江涛,536.1,1
倾海,20.1,1
肖飞,1734.9,1
征长张,1734.9,1
康博,80.0,1
崔轶,0.1,1
花明,1211.9,1
殷悦,39.0,1
林妍,69683.7,1
谢涤葵,69683.7;22348.3,2
叶田,98.6,1
郑正,3.8,1
李得胜,9.6,1
得胜与鲍勃,9.6,1
得胜,9.6,1
鲍勃,9.6,1
杨士增,149.74,1
冯自立,51.0,1
小徐,741.7,1
彼得·特拉维斯,3006.6,1
王仁里,286.6,1
保尔夫,9.4;11.8,2
姚光华,159.3;7048.1,2
大卫·阿耶,11902.4;2448.7,2
袁野,304.8,1
杨江,167.4,1
戈尔·维宾斯基,8145.2,1
张新武,44.3,1
让·克·阿诺,69970.9,1
赵成熙,413.5,1
伏羲,581.1,1
塞德里克·萨科,10631.1,1
胡耀辉,634.5,1
鲁伯特·瓦耶特,17846.88,1
马特·里夫斯,70925.2,1
古志斌,4365.1;1187.18,2
陆锦明,4365.1;1187.18;4545.2,3
陆锦辉,4545.2,1
刘潘,85.7,1
帕斯卡·莫莱利,159.5,1
田壮壮,13392.3,1
十庆,13392.3,1
范建会,3164.6,1
钟澍佳,1170.2;1376.2,2
马修·沃恩,48450.1,1
马库斯·尼斯佩尔,4439.06,1
朱家麟,117.5,1
杨守信,10.91,1
昂昂炫道,255.0,1
郭桂成,772.48,1
王卡劳,772.48,1
艾略特·莱斯特,3155.54,1
卡米勒·德拉马雷,12845.1,1
吉尔莫·德尔·托罗,69530.9,1
莱恩·约翰逊,12935.55,1
原野,9.0,1
筱原哲雄,412.6,1
何文超,48.3,1
连奕琦,3723.6,1
陈之月,6.2;88.9,2
陶盟喜,20.3,1
李小军,31.4,1
李继贤,2736.0,1
里奇·摩尔,153030.3,1
拜恩·霍华德,153030.3,1
杰拉德·布什,153030.3,1
蒂姆·约翰逊,17214.6,1
宋阳,504.3,1
何中华,2.4,1
蔡岳勋,8731.75;20433.3,2
张之亮,38916.0;1262.75,2
刁亦男,10259.5,1
程小东,17502.1,1
刘芳,1762.0,1
邱浩强,1762.0;1730.9,2
赵奔,1113.8,1
莎莉,173.8,1
磐石,85.6,1
桑林,0.0,1
吴天明,8690.7,1
李霞,67.0,1
李志毅,6273.5,1
乔治·克鲁尼,4711.2,1
谢毅航,2.67,1
王崴,2.2,1
赵海城,2186.85,1
丁晟,2186.85;19591.2;53438.3,3
李奥,273.5,1
王熠,2013.8,1
朱晓兵,673.4,1
黄贻青,673.4,1
梅生,9.6,1
王生唯,9.6,1
胡雪桦,4597.1,1
亚历克斯·普罗亚斯,23541.0,1
道格拉斯·马金农,16134.9,1
黄百鸣,3739.0,1
Louis Schwartzberg ,0.0,1
皮建鑫,407.25,1
郑阳,26.4,1
范思和,3.2,1
吴兵,503.8,1
沈乐平,5998.1;0.0,2
韦斯·波尔,15064.1;19690.8,2
牟天翔,37.9,1
刘彬杰,37.9,1
佐米·希尔拉,10530.9;5373.49,2
高峰,338.5,1
施阳,24.0,1
姜国民,7022.4;282.7,2
游晓锦,80.8,1
安兵基,5810.73;8217.3;5038.6,3
摩撒利,522.6,1
刘峰,733.3,1
高育新,733.3,1
吴志国,0.2,1
韩焱,3575.43,1
李妮,47.0,1
谢尔盖·波德罗夫,17291.6,1
孔令政,197.8,1
李载汉,7324.9,1
江金霖,1067.9;7633.79,2
谢亮宏,10.1,1
康宁,71.3,1
姬雨,1082.3,1
崔龄燕,21.7,1
徐浩峰,332.1,1
伍宗德,400.6,1
格恩迪·塔塔科夫斯基,7441.7;11967.2,2
宋岳峰,2499.0;5740.9,2
塔韦华·温泰,247.7,1
季伟,144.2,1
约翰·希尔寇特,708.6,1
李明,341.1,1
谢升皓,67.7,1
夏伟,107.54,1
罗冬,955.2,1
艾萨克·佛罗伦汀,1234.39,1
张勇谋,801.87,1
彭晖,801.87,1
付滃,23.9,1
刘子威,23.9,1
崔磊,473.3,1
艾伦·泰勒,72529.3;34239.9,2
张加贝,104.2,1
杨朗从,235.27,1
卢卫国,40.2,1
巴塔萨·科马库,10223.3,1
周文武贝,3672.6;3504.5,2
山姆·菲尔,88914.56,1
曹义锡,914.7,1
金丙书,914.7,1
何涛,101.82,1
林小鑫,60.4,1
许江华,60.4,1
黄泰来,1391.9,1
亨里克·鲁本·甘茨,471.7,1
郑伟,0.0,1
潘婕,38.8,1
张峻程,702.7,1
王伟,702.7;319.2;125.4,3
乔·庄斯顿,46.53,1
安东尼·罗素,62514.85;124617.0,2
乔·罗素,62514.85;124617.0,2
大卫·o·拉塞尔,2083.1,1
林育贤,616.24;1806.4,2
文谦,499.7,1
麦丽斯,10.15,1
黄琦,0.0,1
肖央,20887.8,1
徐远翔,20887.8,1
Ruo Fei Gong ,51.22,1
王鹤钧,19.1,1
雷献禾,1048.3,1
李景浩,2891.0,1
雷建成,803.8,1
吴建中,803.8,1
金知云,4923.2,1
范宇,24.8,1
高山,24.8,1
刘治寰,24.8,1
王浩,24.8,1
安德烈·康查洛夫斯基,2759.64,1
五百,5473.3,1
梁剑伟,2.1,1
Yiheng Chen ,2.1,1
王永强,58.38,1
朱江华,5.0,1
王首越,5.0,1
马克·斯蒂文·约翰逊,130.2,1
依平,110.85,1
孙小光,933.72,1
奥利维尔·米加顿,5020.4,1
赵薇,71918.1,1
周拓如,33660.4,1
邓洁,193.5,1
李勇,193.5,1
金镇雅,241.3,1
金镇娥,241.3,1
周美玲,217.7,1
伍家伟,0.1,1
欧阳奋强,12.7;168.7,2
虞军豪,7458.1,1
张少军,395.5,1
亚利桑德罗·冈萨雷斯·伊纳里图,37740.8,1
吴军,2.2;1.2,2
王鹏程,1.3,1
克里斯多夫·莫利斯,1.3,1
刘海波,31.5,1
范秀明,31.5,1
项华祥,192.0,1
冯小宁,9.2,1
任贤齐,1305.4,1
拉加·高斯内尔,13796.9,1
崔健,420.2,1
黄明升,170.22;256.0,2
刘宇军,477.0,1
约翰·摩尔,20126.0,1
吴国勇,195.0,1
佩顿·里德,67174.4,1
斯蒂文·奈特,3244.9,1
颢然,0.0,1
张哲洙,761.8,1
李光浩,761.8,1
千丙哲,761.8,1
张哲秀,761.8,1
张也弛,662.5,1
扎克·施奈德,61912.3;39449.3,2
张继龙,13.8,1
昆汀·塔伦蒂诺,1788.9,1
王加世,213.45,1
印希庸,213.45,1
黄山,213.45,1
陆成法,213.45,1
袁淑梅,170.5,1
史奕,170.5,1
刘畅,245.8,1
李佳怡,245.8,1
田晓鹏,95635.1,1
傅东育,1797.1,1
胡明凯,12.6,1
赵宝刚,7685.0,1
赵半狄,190.3,1
薛芳民,3.5,1
宋方,8.7,1
朴裕焕,360.7,1
王放放,55.2;227.4,2
杨竞泽,259.3,1
刘崇崇,286.0,1
梁普智,1819.1,1
张帆,0.0;345.6,2
项海明,340.7,1
吉桥,340.7,1
游松,134.3,1
王健,0.0,1
李锦航,602.5,1
邓安东,296.45,1
钱人豪,933.3,1
车悦,356.8,1
刘一君,0.6;99.7,2
江流,4.7;0.0,2
托比·格恩柯尔,1233.06;1233.06,2
Sean McCormack ,1233.06;1233.06,2
何志强,0.0,1
谢晓嵋,39.7,1
赵治平,23.0,1
毕国书,319.2,1
何瑞博,13.22,1
姚婷婷,17989.0,1
陈果,1349.2,1
青阳,2071.1,1
罗杰·唐纳森,2956.4,1
保罗·格林格拉斯,44285.8,1
林岭东,14884.3,1
大卫·凯普,2279.7,1
申太罗,21343.1,1
王章俊,3116.55;6233.0;5661.1;7644.4,4
付杰,3116.55,1
黄伟建,4403.27,1
殷玉麒,7644.4,1
迪恩·派瑞萨特,5581.1,1
沃尔特·希尔,1280.2,1
马克·韦布,58559.1,1
岳松,551.0,1
冯志强,2883.8,1
viktor lakisov,1873.9,1
维克托·拉基索夫,1873.9,1
维克多·拉基索夫,1873.9,1
唐·霍尔,52634.6,1
阿里尔·弗罗门,10354.2,1
袁菲,37.3,1
曹雷,37.3,1
李恒烈,37.3,1
瓦利·菲斯特,12586.7,1
李志洲,29.7,1
谢东燊,3002.2,1
毕赣,643.5,1
鲍积明,2751.31,1
华原,2751.31,1
李智,316.0,1
李晓军,151.8,1
杜家毅,415.5,1
张黎,4020.72,1
顾培欣,2596.0;4022.2,2
程炳峰,4022.2,1
程耳,2920.17,1
刘韵文,1423.8,1
刘晨,778.0,1
田里,778.0,1
胡储玺,37.3,1
颜廷录,125.7,1
赵起,5.9,1
张天辉,13493.53,1
弓子,2.1,1
尼古拉斯·斯托勒,4447.67,1
doug sweetland,4447.67,1
道格·斯威特兰德,4447.67,1
阿方索·普亚特,3538.6,1
温子仁,242654.8,1
胡大为,880.02,1
陈凯歌,40076.5,1
约瑟夫·科金斯基,14850.2,1
武洪武,507.0;1.1,2
徐程,22.3,1
阎善春,415.1,1
钱运达,415.1,1
九把刀,7633.79,1
廖明毅,7633.79,1
王魏,18.94,1
冬至,18.94,1
高毅,150.7,1
朱义昌,150.7,1
禾家,1.4,1
王超,16.88,1
曹大伟,1988.8,1
m·奈特·沙马兰,21458.7,1
陆强,385.7,1
陈兵,25.0,1
詹姆斯·曼高德,24978.8,1
李爽,560.8,1
马里奥,105.4,1
于莉,1097.4,1
哈磊,1097.4;551.1,2
李曼华,5.2,1
鲍德熹,40912.7,1
阿甘,939.1,1
陈亚洲,0.5,1
吕祖松,90.7,1
沙恩·布莱克,75487.0,1
张建亚,622.13,1
菲利达·劳埃德,560.8,1
朴正宇,743.7,1
理查德·安德森,5.4,1
沈好放,5.4,1
加里·麦肯德莱,3351.85,1
赵林山,10606.6,1
郑国伟,4441.7,1
詹姆斯·古恩,59656.0,1
杨超,255.93,1
江化霖,255.93,1
马会雷,37.8,1
戴维,538.5,1
王繁钦,0.1,1
曾宪林,101.72;2102.4,2
北村丰晴,47.3,1
萧力修,47.3,1
文章,19202.5,1
三木单丹,156.7,1
占俊科,2.7,1
尹力,2391.7,1
马丁·斯科塞斯,2009.18,1
奉俊昊,7485.9,1
王颖,3499.18,1
王择谚,46.6,1
彼得·杰克逊,31628.7;76607.7;46272.9,3
高希希,6636.9,1
滕俊杰,98.41,1
王俊,16.78,1
陈星海,16.78,1
王静儿,7.3,1
刘杰,2813.3,1
谢悠,45.5,1
杨仁贤,1008.6,1
尼尔森·申,1776.9,1
彭飞,434.2,1
常光希,434.2,1
李宝生,5.2,1
邓尼·戈登,13711.7,1
李学兵,192.5,1
毛坚,138.12,1
徐博,138.12,1
钱升玮,609.4,1
钱路劼,33.8,1
岳晓琳,51.1,1
李广德,51.1,1
袁锦麟,30833.9,1
郭继政,0.6,1
王珈,6009.02,1
张杨,525.84,1
陈苗,32.4,1
孙虹,33.2,1
德克斯特·弗莱彻,670.5,1
加里·罗斯,17465.12,1
弗朗西斯·劳伦斯,17194.2;22497.9;14349.4,3
曾翠珊,239.1,1
埃里克·达尼尔,20987.36;25321.8,2
汤姆·麦克格雷斯,20987.36,1
康拉德·弗农,20987.36,1
西蒙·j·史密斯,25321.8,1
迪恩·德布洛斯,40324.2,1
林世勇,299.4,1
陆可,12994.5,1
吴治邦,118.7,1
王川,499.41;2430.8;2529.9,3
邓肯·琼斯,147195.3,1
山姆·雷米,16421.9,1
Wai Man Yip ,8842.1,1
方磊,2186.6,1
格兰·柴卡,92.1,1
特瑞·琼斯,699.6,1
王早,783.9,1
彭鹏华,414.8,1
金成浩,1038.9,1
Pakphum Wonjinda ,1038.9,1
金汉珉,2674.9,1
李艳秋,7.5,1
李亚威,7.5,1
李俊民,4439.04;4439.0,2
谢立文,4439.04;457.59;4693.14;4439.0,4
Junmin Li ,4439.04;4439.0,2
滕文骥,5.6,1
刘磊,5.6,1
王为,5.6,1
葛晓红,5.6,1
吕小龙,29.6,1
曹霁,96.8,1
凯文·麦克唐纳,224.87,1
史学刚,7048.1,1
青松,7048.1,1
施屹,7048.1,1
杜云萍,986.1,1
曾剑锋,81.7,1
沃尔特·拜克,6265.0,1
王好为,11.8,1
胡陞忠,2077.8,1
陶声,495.4,1
王玮,495.4,1
刘一炜,0.21,1
郑崇炘,1172.6,1
