moviename,screens,weighted
,11088,0.008352997
0.5的爱情,8407,0.006333119
007：大破天幕杀机,289586,0.218174681
007：幽灵党,554920,0.418078547
101次求婚,183180,0.138007908
18岁18天,2,7.53405E-07
1980年代的爱情,6938,0.005226368
201314,43585,0.032836388
201413,6676,0.005028976
201413爱你一世一生,9684,0.007295217
2014艺术影院第一批篇目,12,8.28745E-06
2015年1月艺术影院国产片,2,7.53405E-07
2015法国新浪潮电影回顾展,12,8.28745E-06
2016国家大剧院国际歌剧电影展,3,1.50681E-06
2016年乌兹别克斯坦电影周,1,0
2016年国家大剧院国际歌剧电影展,31,2.26021E-05
2016年意大利电影展映,2,7.53405E-07
2016新西兰电影节,1,0
2016法国电影展映活动,47,3.46566E-05
21岁派对,21492,0.016191419
234说爱你,44913,0.033836909
37次想你,6419,0.004835351
3D食人虫,80002,0.060273124
405谋杀案,2,7.53405E-07
4B青年之4楼B座,32846,0.024745575
5月天诺亚方舟,44242,0.033331374
708090之深圳恋歌,7318,0.005512662
80后的独立宣言,1070,0.00080539
81号农场之保卫麦咭,62454,0.04705238
81号农场之疯狂的麦咭,35452,0.026708948
9号女神,187,0.000140133
CCG EXPO动画电影展,6,3.76702E-06
CCG EXPO动画电影展映,1,0
Hi，高考君,739,0.000556013
N见钟情,168,0.000125819
U盘,2522,0.001899333
X战警：天启,752101,0.566635626
X战警：逆转未来,481873,0.363044599
“杏”福来敲门,57,4.21907E-05
一万年以后,95734,0.072125686
一个人的武林,240060,0.180861563
一个勺子,74393,0.056047278
一个和八个,1,0
一个温州的女人,6637,0.004999593
一个老师的学校,1117,0.0008408
一代宗师,271774,0.204755038
一代宗师3D,87512,0.065931193
一兵一卒,13,9.04086E-06
一切都好,45076,0.033959714
一刻十年,1951,0.001469139
一剑钟情,4,2.26021E-06
一句顶一万句,10,6.78064E-06
一号目标,18482,0.013923671
一场风花雪月的事,55298,0.041661016
一夜危机,1909,0.001437496
一夜惊喜,202792,0.152783679
一家老小向前冲,17166,0.012932191
一座城池,40172,0.030265018
一念天堂,126122,0.095020146
一条叫王子的狗,5828,0.004390089
一棵心中的许愿树,1105,0.000831759
一步之城,64,4.74645E-05
一步之遥,445927,0.335962716
一江明烛,1,0
一生一世,307458,0.231639529
一生有爱,27,1.95885E-05
一触即发,273203,0.205831653
一诺重如山,4,2.26021E-06
一路向前,31633,0.023831695
一路惊喜,136813,0.103074795
一路狂奔,33485,0.025227001
一路顺疯,47736,0.03596377
七月与安生,401003,0.302116766
七月半2：前世今生,38263,0.028826768
七月半之恐怖宿舍,43421,0.032712829
万万没想到,456526,0.343948051
万物生长,247256,0.186283063
三七情缘,2,7.53405E-07
三个和尚,2,7.53405E-07
三个孬家伙,4368,0.003290118
三人行,252901,0.190536032
三只小猪与神灯,67529,0.050875908
三城记,56973,0.042922969
三小强,22669,0.017078176
三更车库,43742,0.032954672
三月情流感,13295,0.010015761
三毛从军记,1,0
三毛流浪记,1,0
上海“文学与电影”展映活动,6,3.76702E-06
上海公园,132,9.8696E-05
上海英国电影周,3,1.50681E-06
下一站再爱你,7357,0.005542044
不二神探,297042,0.223792066
不再说分手,35844,0.027004282
不可思异,245227,0.184754405
不惧风暴,246387,0.185628355
不朽的时光,6090,0.004587481
不爱不散,8284,0.006240451
不肯去观音,6682,0.005033496
不能说的夏天,62785,0.047301757
不能错过,559,0.0004204
不要迷恋姐,926,0.000696899
不见不散,2106,0.001585917
不许动,21,1.50681E-05
不速之客,28102,0.021171424
不需要初恋的夏天,3,1.50681E-06
与贼同屋,6310,0.00475323
丑小鸭历险记,30689,0.023120481
丑男大翻身,1104,0.000831005
世纪大阅兵,6,3.76702E-06
丛林之王,60572,0.045634472
东北偏北,7889,0.005942856
东方中国梦,384,0.000288554
东莞女孩,1328,0.000999768
丝路英雄・云镝,3203,0.002412402
丢羊,226,0.000169516
中国合伙人,357626,0.269436333
中国好声音之为你转身,21606,0.016277307
丰年,2,7.53405E-07
临时同居,207724,0.156499471
临时约定,70,5.19849E-05
临沧的诱惑,60,4.44509E-05
临终迨,44361,0.03342103
为梦想，跑,10,6.78064E-06
为爱放手,5369,0.004044276
乐乐熊奇幻追踪,699,0.000525876
乔布斯,34131,0.0257137
九局下半,5,3.01362E-06
九层妖塔,535005,0.403074494
九条命,282624,0.212929478
九色鹿,2,7.53405E-07
乡村守望的女人,7,4.52043E-06
乡村里的中国,470,0.000353347
乡间童谣,188,0.000140887
乱世护宝,30,2.18487E-05
乳娘情,23,1.65749E-05
了不起的盖茨比,95577,0.072007401
二子开店,2,7.53405E-07
云中岗亭,16,1.13011E-05
云中行走,232338,0.175043773
云图,170711,0.128613705
云朵上的羊角花,25,1.80817E-05
云的模样,23,1.65749E-05
五女拜寿,920,0.000692379
亚马逊萌猴奇遇记,45784,0.034493124
亡命地中海,39698,0.029907904
京城81号,331548,0.249789047
亲亲海豚,21,1.50681E-05
亲兄弟,4,2.26021E-06
亲爱,4005,0.003016632
亲爱的,321173,0.241972474
亲，别怕鬼宅凶灵,11469,0.008640044
人命如天,3,1.50681E-06
人在驴途,246,0.000184584
人生不能重来,172,0.000128832
人皮拼图,35741,0.026926682
人间&middot;小团圆,73262,0.055195177
人间正道,1,0
人间蒸发,19988,0.015058298
今天我休息,2,7.53405E-07
从你的全世界路过,158904,0.119718257
从哪来，到哪去,1563,0.001176818
从天“儿”降,162141,0.122157028
从天儿降,20,1.43147E-05
他是龙,144664,0.108989775
代课老师,6,3.76702E-06
伊宁不眠夜,3,1.50681E-06
伊犁河,20,1.43147E-05
伙头福星,1,0
会飞的小精灵,941,0.0007082
伞头和他的女人,1207,0.000908606
伦敦陷落,611326,0.460575089
伴你高飞,2,7.53405E-07
伴我同行,135,0.000100956
伴我闯天涯,1,0
似水流年,2,7.53405E-07
低碳爱情,78,5.80122E-05
何以笙箫默,469582,0.353784502
你是不是我的爱人,524,0.000394031
你的情歌我来唱,2,7.53405E-07
使命召唤,32565,0.024533869
使徒行者,619087,0.466422262
侏罗纪世界,700745,0.527943778
侏罗纪公园3D,271970,0.204902705
侠僧探案传奇之大兴赌坊,1,0
侠探杰克,134206,0.101110669
侨女日记,86,6.40394E-05
倒霉的一天,2,7.53405E-07
倔人吕尚斌,2,7.53405E-07
倾城,7931,0.005974499
假装看不见之电影大师,1962,0.001477426
催命符,19349,0.014576873
催眠大师,288944,0.217690996
像素大战,296981,0.223746109
兄弟会5：同学录,2,7.53405E-07
光的棍,9461,0.007127208
光荣使命,2,7.53405E-07
光辉岁月,27522,0.020734449
兔侠之青黎传说,17253,0.012997737
兔子镇的火狐狸,9616,0.007243986
党的女儿尹灵芝,1606,0.001209214
全力扣杀,15599,0.011751606
全城通缉,103164,0.077723482
全城高考,12516,0.009428859
全民目击,238582,0.179748031
全能灏,12170,0.009168181
八万里,2,7.53405E-07
公主的诱惑,19913,0.015001793
公路美人,3310,0.002493016
六弄咖啡馆,57038,0.04297194
六扇门之玄武初现,15,1.05477E-05
六福喜事,131292,0.098915248
兰亭,1895,0.001426948
兰梅记,10,6.78064E-06
兰花香,121,9.04086E-05
关工委主任,20,1.43147E-05
兵临城下,1,0
再次出发,25651,0.019324829
再爱一次好不好,11215,0.00844868
再生之乐,416,0.000312663
再见巨人,45,3.31498E-05
再见我们的十年,48418,0.036477592
再见，在也不见,79419,0.059833889
军医,6,3.76702E-06
农谷之恋,2,7.53405E-07
冬,555,0.000417386
冬去春来,50,3.69168E-05
冬荫功2：拳霸天下,42503,0.032021204
冰封：重生之门,245591,0.185028644
冰川时代5：星际碰撞,726804,0.547576749
冰川时代：融冰之灾,113800,0.085736694
冰河追凶,198959,0.149895879
冰美人,531,0.000399304
冰雪奇缘,167998,0.126569719
冰雪女王,22170,0.016702227
冲上云霄,151513,0.114149843
冲锋号,2102,0.001582903
冲锋战警,28484,0.021459224
冲锋车,84105,0.063364343
决不饶恕,880,0.000662243
冷瞳,17145,0.012916369
凡人烦恼,384,0.000288554
凤凰台,777,0.000584642
凤凰谷,3168,0.002386032
凶间雪山,3108,0.002340828
击战,3414,0.00257137
刀,1,0
分手不分手,5473,0.00412263
分手再说我爱你,16972,0.01278603
分手合约,225037,0.169543166
分手大师,407657,0.30712992
分手木马计,3733,0.002811706
分手达人,33319,0.025101936
分歧者2：绝地反击,175604,0.132300114
分歧者3：忠诚世界,391842,0.295214826
分歧者：异类觉醒,151236,0.11394115
刑警兄弟,92119,0.069402128
刘庄布偶,1,0
刘老庄八十二壮士,2381,0.001793103
初夏日记,39,2.86294E-05
初恋未满,22019,0.016588463
判我有罪,24669,0.018584986
别开门,5090,0.003834076
别惹我,128974,0.097168856
别有动机,71665,0.05399199
别样警花,16,1.13011E-05
别说抱歉，别说再见,1,0
别跟我谈高富帅,275,0.000206433
制服,54648,0.041171303
刺夜,9945,0.007491856
刺客,2129,0.001603245
刺客聂隐娘,118011,0.088909281
刺猬小子之天生我刺,35395,0.026666004
刻在石磨上的勋章,18,1.28079E-05
前任2：备胎反击战,365607,0.275449255
前任攻略,112145,0.084489809
前目的地,61968,0.046686225
剑河,3527,0.002656505
剑齿王朝,37,2.71226E-05
剩者为王,138507,0.104351062
功夫,116390,0.087688012
功夫世家,151,0.000113011
功夫侠,5668,0.004269544
功夫小龙,3,1.50681E-06
功夫战斗机,11729,0.00883593
功夫熊猫3,843238,0.635298665
加油中国,10,6.78064E-06
动植物大战,8492,0.006397159
动物也疯狂,27168,0.020467744
劫案迷云,91109,0.06864119
勿忘初心,928,0.000698406
匆匆那些年,2063,0.00155352
匆匆那年,539537,0.406488923
化妆师,36004,0.027124827
北京&middot;纽约,78117,0.058852957
北京;纽约,78249,0.058952406
北京万国城2016香港主题电影展映,9,6.02724E-06
北京时间,11642,0.008770383
北京爱情故事,341583,0.257349462
北京纽约,78249,0.058952406
北京遇上西雅图,265661,0.200149475
北京遇上西雅图之,63188,0.047605379
北京遇上西雅图之不二情书,704217,0.530559599
北回归线,24069,0.018132943
北漂鱼,20002,0.015068846
十七岁,23001,0.017328307
十万个冷笑话,174631,0.131567052
十万伙急,20757,0.015637667
十万火急,130,9.71892E-05
十二公民,44208,0.033305759
十二生肖,63237,0.047642296
十二生肖城市英雄,5223,0.003934279
十月初五的月光,66441,0.050056204
十月阳春,9,6.02724E-06
千里追踪,3,1.50681E-06
千锤百炼,782,0.000588409
午夜43路,30728,0.023149864
午夜寻访录,12071,0.009093594
午夜微博,23726,0.017874525
午夜火车,27863,0.02099136
半夜叫你别回头,29378,0.022132768
半熟少女,33384,0.025150907
半熟少女之梦想预备生,44,3.23964E-05
半生缘,2,7.53405E-07
华丽上班族,161111,0.121381021
卒迹,62,4.59577E-05
单亲宝贝,7,4.52043E-06
单身汉,3,1.50681E-06
单身男女2,309880,0.233464275
南京的那个夏天,1,0
南口1937,656,0.00049348
南方大冰雪,82,6.10258E-05
南漂,2,7.53405E-07
博物馆奇妙夜3,406259,0.30607666
卡萨布兰卡,1,0
卧虎藏龙2：青冥宝剑,89789,0.067646695
卧虎藏龙：青冥宝剑,434859,0.327624033
卧龙岗,5577,0.004200984
危城,273362,0.205951445
危情营救,9934,0.007483568
危机行动,9316,0.007017964
厨子戏子痞子,245778,0.185169531
厨子程天喜,1,0
去年夏天,11,7.53405E-06
县委书记焦裕禄（豫剧）,530,0.000398551
参天树,61,4.52043E-05
双旗镇刀客,399,0.000299855
双生灵,15072,0.011354561
双胞胎,3,1.50681E-06
双雄,63047,0.047499149
双龙会,2,7.53405E-07
反贪风暴,192629,0.145126828
反贪风暴2,504613,0.38017702
发条城市,50716,0.038208916
变形金刚4：绝迹重生,672729,0.506836394
变脸,4,2.26021E-06
变身契约,19,1.35613E-05
变身超人,16604,0.012508777
叛逆女特工,3,1.50681E-06
古城会,142,0.00010623
古堡之吻,18297,0.013784291
古曼,21682,0.016334566
古田会议,2965,0.002233091
古路,179,0.000134106
古镇凶灵之巫咒缠身,38567,0.029055803
只要我们在一起,13,9.04086E-06
可爱的你,94753,0.071386596
史前怪兽,71242,0.0536733
史努比：花生大电影,69806,0.052591411
史来贺,298,0.000223761
叶问3,762109,0.5741757
叶问：终极一战,53448,0.040267218
合欢树,10,6.78064E-06
吉星高照2015,42899,0.032319552
吉祥宝宝之我是食神,2473,0.001862416
同城邂逅,13656,0.01028774
同根生,50,3.69168E-05
同桌的,404356,0.304642931
同谋,62306,0.046940876
名侦探柯南2012：第11人的前锋,17,1.20545E-05
名侦探柯南2015：业火的向日葵,25444,0.019168874
名侦探柯南：业火的向日葵,161931,0.121998813
后会无期,443666,0.334259268
向日葵女孩,7,4.52043E-06
向阳坡传说,6,3.76702E-06
向阳花开,1027,0.000772993
君子道,268,0.000201159
听见下雨的声音,23863,0.017977741
听说,19368,0.014591188
启功,2826,0.002128368
吴哥的微笑,21,1.50681E-05
告别,3,1.50681E-06
告诉他们，我乘白鹤去了,159,0.000119038
周恩来,3,1.50681E-06
周恩来的四个昼夜,156,0.000116778
味道中国,8129,0.006123673
呼吸正常,2,7.53405E-07
命中注定,121916,0.091851326
命运派对,4242,0.003195189
咏春小龙,295,0.000221501
咒丝,30806,0.02320863
咕噜咕噜美人鱼,29068,0.021899213
咱们的工会主席,37,2.71226E-05
咱们结婚吧,374410,0.282081476
哆啦A梦：伴我同行,523203,0.394182812
哆啦A梦：新・大雄的日本诞生,279093,0.210269207
哈勃望远镜3D,55,4.06839E-05
哥斯拉,479612,0.361341151
哪一天我们会飞,27563,0.020765339
哭恋,2471,0.001860909
哺乳期的女人,1861,0.001401333
唇唇欲动,5385,0.004056331
唐人街探案,527177,0.397176842
唐家山之恋,1560,0.001174558
商魂,1,0
啊朋友还钱,22336,0.016827293
喊・山,8839,0.00665859
喜临门,1,0
喜乐长安,21602,0.016274294
喜剧王,6663,0.005019182
喜羊羊与灰太狼之喜气羊羊过蛇年,164188,0.123699247
喜羊羊与灰太狼之羊年喜羊羊,129651,0.097678911
喜羊羊与灰太狼之飞马奇遇记,168738,0.127127238
喜羊羊与灰太郎之牛气冲天,12,8.28745E-06
喜马拉雅天梯,8949,0.006741465
喵星少年漂流记,4873,0.003670587
四大名捕2,254524,0.191758808
四大名捕大结局,272884,0.205591317
回乡种田,2,7.53405E-07
回乡逗儿,2749,0.002070356
回到原点,219,0.000164242
回到爱开始的地方,38029,0.028650471
回到被爱的每一天,15519,0.011691333
回头是远方,936,0.000704433
回家,68,5.04781E-05
因为谷桂花,499,0.000375196
团圆,985,0.00074135
国宝疑云,265,0.000198899
国家利益,12047,0.009075512
国徽,3,1.50681E-06
国酒,2827,0.002129122
图兰朵,21,1.50681E-05
土豪520,114572,0.086318322
圣保罗医院之谜,2,7.53405E-07
圣斗士星矢,76496,0.057631688
圣斗士星矢：圣域传说,95384,0.071861994
圣杯神器：骸骨之城,71197,0.053639396
圣诞大赢家,27214,0.0205024
圣诞树2,3,1.50681E-06
圣诞玫瑰,77690,0.058531253
圣龙奇兵大冒险,20037,0.015095215
在一起,59555,0.04486826
在世界中心呼唤爱,64081,0.048278169
在雨中,103,7.68473E-05
地下室惊魂,17381,0.013094173
地下追击,1,0
地心引力,370260,0.278954847
地心营救,98018,0.073846462
地球四季,15374,0.011582089
坏姐姐之拆婚联盟,57988,0.043687675
坏蛋必须死,131121,0.098786416
坚不可摧,67622,0.050945975
垫底辣妹,118980,0.08963933
城南庄1948,241,0.000180817
城南旧事,1,0
城市游戏,32974,0.024842011
城市门,1,0
塔洛,1,0
墓穴迷城,14518,0.010937175
壁虎,3,1.50681E-06
复仇者联盟2：奥创纪元,1017216,0.766374496
夏日示爱,11667,0.008789218
夏有乔木 雅望天堂,318318,0.239821503
夏洛特烦恼,611969,0.461059528
外公芳龄38,1,0
多梦季节,1,0
夜半哭声,19399,0.014614543
夜半梳头,53754,0.040497759
夜半歌声,12,8.28745E-06
夜孔雀,167090,0.125885627
夜幕惊魂,18809,0.014170034
夜莺,25304,0.019063397
夜迷宫,1,0
夜魔人,5925,0.004463169
大上海,33219,0.025026595
大丑,13,9.04086E-06
大力神3D,93793,0.070663328
大叔，我爱你,27089,0.020408225
大变局之梦回甲午,1376,0.001035931
大唐玄奘,115078,0.086699545
大喜临门,30410,0.022910282
大地有爱,5,3.01362E-06
大墙无言,2,7.53405E-07
大宅男,13842,0.010427874
大富之家,2,7.53405E-07
大寒桃花开,15148,0.01141182
大山之恋,1,0
大山的声音,2,7.53405E-07
大山的女儿,1,0
大峰祖师,5777,0.004351665
大明劫,23252,0.017517411
大明猩,153792,0.115866852
大李小李和老李,1,0
大李，小李和老李,1,0
大气层消失,1,0
大漠赤诚,173,0.000129586
大火种,4411,0.003322514
大片,25036,0.018861485
大牌+39&deg;,9516,0.007168645
大红灯笼高高挂,1,0
大话东游之一,2,7.53405E-07
大话东游之二,1,0
大话天仙,73912,0.05568489
大话西游3,751284,0.566020095
大话西游之大圣娶亲,22232,0.016748938
大话西游之月光宝盒,21517,0.016210254
大野狼和小绵羊的爱情,8755,0.006595304
大顺&middot;一九二七,2,7.53405E-07
大鱼海棠,562621,0.423880516
天上的菊美,9,6.02724E-06
天之恩赐,17,1.20545E-05
天云山传奇,2,7.53405E-07
天亮&middot;分手,8377,0.006310517
天亮;分手,8377,0.006310517
天亮之前,131850,0.099335648
天亮了,8,5.27383E-06
天亮分手,8377,0.006310517
天使请吻我,1077,0.000810663
天使：生命处方,447,0.000336018
天台爱情,179470,0.135212777
天将雄师,377532,0.284433605
天才眼镜狗,192126,0.144747866
天机&middot;富春山居图,307773,0.231876851
天河,6277,0.004728367
天理难容,11,7.53405E-06
天琴,5,3.01362E-06
天生有福,93,6.93132E-05
天生狂野,8,5.27383E-06
天眼传奇,12997,0.009791247
天空的微笑,67,4.97247E-05
天若有情,1,0
天边的孩子,2835,0.002135149
天钟,48,3.541E-05
太平轮（上）,326308,0.245841206
太平轮：彼岸,111496,0.08400085
太极侠,68358,0.051500481
太极先锋,3,1.50681E-06
太空熊猫历险记,10235,0.007710343
太空熊猫总动员,14107,0.010627526
太空熊猫英雄归来,38487,0.028995531
太空营救,6,3.76702E-06
太阳总在左边,1,0
太阳脸,424,0.00031869
失孤,405009,0.305134905
失眠男女,14204,0.010700606
失踪的女中学生,1,0
头彩,1,0
头脑特工队,172294,0.129806345
夺命地铁,55065,0.041485473
夺命推理,795,0.000598203
夺命旅行,55303,0.041664783
夺命枪火,12732,0.009591594
夺命追踪,26065,0.019636738
夺宝联盟,51656,0.038917116
夺樽,2633,0.001982961
夺路而逃,133,9.94494E-05
奇幻森林,855820,0.644778002
奇缘灰姑娘,3197,0.002407881
奇葩追梦,5161,0.003887568
奈河,1,0
奔爱,65886,0.049638064
奔跑吧！兄弟,497022,0.374457925
奔跑吧！狗狗,16,1.13011E-05
奔驰的大葱,5191,0.00391017
奥拉星：进击圣殿,36102,0.027198661
奥林匹斯的陷落,76993,0.05800613
奥赛罗,4,2.26021E-06
女人要爱,63,4.67111E-05
女倾慕者,1,0
女大学生宿舍,1,0
女汉子真爱公式,194983,0.146900343
女理发师,3,1.50681E-06
女生宿舍,51964,0.039149165
女神时代,1626,0.001224283
女神跟我走,5588,0.004209272
女蛹,34753,0.026182318
她们的名字叫做红,41,3.01362E-05
好命先生,73208,0.055154493
好好活着,23,1.65749E-05
好好过,473,0.000355607
好想和你在一起,95,7.082E-05
好运，特克斯,110,8.21211E-05
如果没有你,39,2.86294E-05
如此荒唐,2,7.53405E-07
妄想症,15052,0.011339493
妈咪侠,3047,0.002294871
妈妈别哭,1,0
妈妈让我再爱你一次,195,0.00014616
妖医,60049,0.045240442
妹娃要过河,147,0.000109997
始祖轩辕,2159,0.001625847
姑娘,208,0.000155955
姑鲁之恋,24,1.73283E-05
婚礼及其他自然灾害,13,9.04086E-06
孕城,253,0.000189858
孙中山,1,0
孤岛,28150,0.021207587
孤岛惊魂2,42018,0.031655803
孤胆保镖,51016,0.038434937
孩子王,1,0
孪生密码,10492,0.007903968
孽海恩怨,1,0
宅女侦探桂香,147200,0.110900409
守候的心,88,6.55462E-05
守望未来,2,7.53405E-07
守望者,4,2.26021E-06
守梦者,1681,0.00126572
守灵,2,7.53405E-07
安妮：纽约奇缘,28262,0.021291968
安德的游戏,198045,0.149207268
完美人生,9,6.02724E-06
完美假妻168,91308,0.068791117
完美婚礼,11,7.53405E-06
完美超越,5933,0.004469196
宙斯之子：赫拉克勒斯,201066,0.151483303
宝米恰恰,7366,0.005548825
宝贝别哭,11,7.53405E-06
宝贝当家,71907,0.054174314
宝贝快跑,694,0.000522109
宝贝，对不起,28679,0.021606138
实习生,1,0
客房,68,5.04781E-05
宫锁沉香,104047,0.078388739
家亦有道,15,1.05477E-05
家园防线,129577,0.097623159
家里有我,1,0
寄生兽,200629,0.151154065
密道追踪之阴兵虎符,46095,0.034727433
寒战2,595242,0.448457329
对不起，我爱你,16729,0.012602953
对岸的战争,4,2.26021E-06
对风说爱你,25745,0.019395649
寻宝者,2,7.53405E-07
寻找声音的耳朵,142,0.00010623
寻找女神・娇阿依,69,5.12315E-05
寻找心中的你,8188,0.006168124
寻找智美更登,1,0
寻龙诀,816336,0.615030573
封神传奇,470532,0.354500237
封神传奇之驱魔英雄,103,7.68473E-05
封门村,30792,0.023198082
封门诡影,91472,0.068914675
将离草,34,2.48624E-05
"将错,就错",1,0
将错就错,113845,0.085770597
小事大爱,3,1.50681E-06
小亲亲,1,0
小兵张嘎,1,0
小小校长,380,0.00028554
小小飞虎队,7494,0.005645261
小时代,408045,0.307422241
小时代3：刺金时代,447707,0.337303776
小时代4：灵魂尽头,454148,0.342156455
小时代4：灵魂尽头（纪录片版）,7501,0.005650535
小时代:青木时代,299659,0.225763726
小猪班纳大电影之梦想大“帽”险,25022,0.018850937
小王子,204155,0.15381057
小神来了,5501,0.004143725
小等,247,0.000185338
小羊肖恩,69995,0.052733804
小英雄雨来,2,7.53405E-07
小蚂蚁之环球大冒险,12811,0.009651113
小街,1,0
小西天狄道传奇,702,0.000528137
小角色,1142,0.000859635
小门神,112075,0.084437071
小飞侠：幻梦启航,113714,0.085671901
小鬼智多星,1076,0.00080991
小鬼队,3,1.50681E-06
小魔仙之黑魔法来袭,10144,0.007641783
小黄人大眼萌,560952,0.422623084
少共国际师,7,4.52043E-06
少女哪吒,1221,0.000919154
少女灵异日记,17096,0.012879452
少年岳飞,175,0.000131092
少年师爷之大禹宝藏,9899,0.007457199
少年当自强,32,2.33555E-05
少年杨靖宇,555,0.000417386
少年林祥谦,42,3.08896E-05
少年毛泽东,8040,0.00605662
少年班,142181,0.107119071
少林英雄,2,7.53405E-07
尼罗河情人,3,1.50681E-06
屠魔战士,187340,0.141142071
山外是海,43,3.1643E-05
山水有相逢,8,5.27383E-06
山河故人,78197,0.058913229
山花烂漫时,3840,0.00289232
山那边有匹马,1437,0.001081889
岛,809,0.000608751
崂山道士,2,7.53405E-07
工会主席,4,2.26021E-06
左耳,448056,0.337566714
巨人捕手杰克,98196,0.073980568
巴啦啦小魔仙,85219,0.064203636
巴啦啦小魔仙之魔法的考验,76157,0.057376283
巴啦啦小魔仙之魔箭公主,48372,0.036442936
巴霍巴利王：开端,29870,0.022503443
巴黎假期,63600,0.047915781
巴黎危机,114261,0.086084014
巴黎淘气帮,3410,0.002568356
布基兰,46,3.39032E-05
布基兰小站的腊八夜,1307,0.000983946
师父,172224,0.129753607
帕丁顿熊,177827,0.133974933
帝国秘符,25057,0.018877307
帝王蝶的迁徙,65,4.82179E-05
平凡的足球,13,9.04086E-06
平原游击队,2,7.53405E-07
平安之盾,2,7.53405E-07
平安岛,1,0
年兽大作战,57558,0.043363711
年少轻狂,75050,0.056542264
幸存者,50981,0.038408568
幸福中转栈,3963,0.002984989
幸福很,1511,0.001137641
幸福快递,15388,0.011592637
幸福梦想,245,0.000183831
幸运是我,8790,0.006621673
幸运组合,1,0
幻体：续命游戏,177157,0.133470152
幻影车神：魔盗激情,40935,0.030839865
幽灵医院,3005,0.002263228
床下有人2,56443,0.042523664
床下有人3,45357,0.034171421
庐山恋,3,1.50681E-06
库布里克回顾展,14,9.79426E-06
庞贝末日,159481,0.120152971
废柴特工,124863,0.09407161
廉吏于成龙,1,0
廊桥1937,1,0
开心超人,61769,0.046536298
开心超人2启源星之战,60767,0.045781386
开罗宣言,17404,0.013111501
异种,54525,0.041078634
张震讲故事之合租屋,26907,0.020271105
张震讲故事之鬼迷心窍,72593,0.054691149
弹无虚发之对决黄金谷,5,3.01362E-06
弹无虚发之死亡之海,22,1.58215E-05
强者,1,0
归来,352654,0.265690405
归途列车,17,1.20545E-05
当我们年轻的时候,4484,0.003377513
当流星划过天际,7813,0.005885597
御前侍卫,3,1.50681E-06
微微一笑很倾城,430625,0.324434118
微爱之渐入佳境,363259,0.273680261
微风吹乱蜗牛心,1,0
德吉的诉讼,5,3.01362E-06
心咒,20442,0.015400344
心战,49502,0.037294283
心曲,431,0.000323964
心灵的阳光,3,1.50681E-06
心灵解码,2,7.53405E-07
心花路放,624268,0.470325652
心跳戈壁,1146,0.000862648
心迷宫,33305,0.025091388
忍者神龟2：破影而出,479370,0.361158827
忍者神龟：变种时代,458205,0.345213018
忘了去懂你,12589,0.009483858
忠烈杨家将,110113,0.082958891
忠诚,4,2.26021E-06
快乐到家,196259,0.147861687
快手枪手快枪手,194211,0.146318714
念书的孩子,143,0.000106983
念念,28511,0.021479566
怒放之青春再见,19638,0.014794607
怖偶,39008,0.029388055
怦然星动,328560,0.247537874
怨灵,63668,0.047967013
怨灵人偶,69958,0.052705928
怪兽大学,222960,0.167978344
怪谈,50818,0.038285763
恋爱789,206,0.000154448
恋爱中的城市,120442,0.090740808
恋爱排班表,17165,0.012931437
恋爱教父之三个“坏”家伙,10943,0.008243754
恋者多喜欢,3244,0.002443291
恐怖将映,30861,0.023250067
恐怖游泳馆,24053,0.018120888
恐怖照相机,10264,0.007732192
恐怖爱情故事之死亡公路,8649,0.006515443
恐怖电影院,52188,0.039317928
恐怖禁忌之红旗袍,26147,0.019698518
恭喜发财之谈钱说爱,14467,0.010898751
恶人报喜,72996,0.054994771
恶战,35102,0.026445256
恶棍天使,487809,0.367516808
恶灵之门,33568,0.025289533
悬战,29004,0.021850995
悲惨世界,61517,0.04634644
情为何物,17,1.20545E-05
情况不妙,40837,0.030766032
情剑,3266,0.002459866
情归陶然亭,63,4.67111E-05
情归鹭岛,2,7.53405E-07
情战,4,2.26021E-06
情敌蜜月,46373,0.03493688
情满人间,11,7.53405E-06
情笛之爱,3708,0.002792871
情缘廊桥,97,7.23268E-05
情花谷,207,0.000155201
惊天危机,194903,0.14684007
惊天大逆转,192263,0.144851082
惊天绑架团,110845,0.083510383
惊天魔盗团,214171,0.161356671
惊天魔盗团2,661998,0.498751609
惊爆红色十月,3,1.50681E-06
惊魂电影院,40133,0.030235635
意外的恋爱时光,89434,0.067379237
愤怒的小孩,25531,0.01923442
愤怒的小鸟,484624,0.365117215
愤怒的小鸟大电影,313015,0.235826199
成记茶楼,4,2.26021E-06
我不是王毛,20288,0.01528432
我不是贼,244,0.000183077
我为太极狂,7,4.52043E-06
我为相亲狂,24525,0.018476495
我亲爱的小淘气,532,0.000400058
我们接吻吧,5,3.01362E-06
我们毕业啦,36596,0.027570843
我们毕业的夏天,12742,0.009599128
我们的十年,200963,0.151405702
我们诞生在中国,74586,0.056192685
我会守着你,2,7.53405E-07
我只要我们在一起,22073,0.016629147
我叫MT之山口山战记,111263,0.083825307
我叫哀木涕之山口山战记,2056,0.001548247
我叫阿里木,2,7.53405E-07
我和我们,498,0.000374442
我和神马查干,186,0.00013938
我和红七军,1082,0.00081443
我在路上最爱你,82232,0.061953217
我在这里,128,9.56824E-05
我坚强的小船,9,6.02724E-06
我就是我,26109,0.019669888
我很帅,146,0.000109244
我想和你好好的,184239,0.138805763
我想结婚的时候你在哪,12767,0.009617964
我是乡下爷,338,0.000253897
我是你的野蛮女友,13854,0.010436914
我是大明星,77,5.72588E-05
我是大熊猫之熊猫大侠,9027,0.00680023
我是奋青,4130,0.003110808
我是女王,65292,0.049190542
我是狼之火龙山大冒险,12491,0.009410024
我是证人,349547,0.263349577
我是谁,8,5.27383E-06
我是谁2015,43020,0.032410714
我是路人甲,116697,0.087919307
我最好朋友的婚礼,119913,0.090342257
我最好的朋友江竹筠,50,3.69168E-05
我爱你,2,7.53405E-07
我爱灰太狼2,108581,0.081804675
我爱的是你爱我,92805,0.069918964
我爱高大全,12,8.28745E-06
我爸比我小四岁,7188,0.005414719
我的1000万,1323,0.000996001
我的“狐朋狗友”,7626,0.00574471
我的七年,4,2.26021E-06
我的个神啊,183429,0.138195505
我的处女地,268,0.000201159
我的少女时代,370619,0.279225319
我的康乃馨,1,0
我的影子在奔跑,4,2.26021E-06
我的战争,126392,0.095223565
我的播音系女友,72041,0.05427527
我的新野蛮女友,145583,0.109682154
我的早更女友,312107,0.235142107
我的母亲,74,5.49985E-05
我的渡口,117,8.73949E-05
我的特工爷爷,573345,0.431960027
我的狗狗我的爱,3512,0.002645204
我的男友和狗,73365,0.055272778
我的男男男男朋友,45565,0.034328129
我的美丽王国,9455,0.007122687
我的老公是卧底,4,2.26021E-06
我的老婆是只猫,6666,0.005021442
我的老婆是明星,18655,0.01405401
我的诗篇,48,3.541E-05
我的野蛮女友2,25418,0.019149286
我的青春期,63677,0.047973794
我的青春蜜友,13261,0.009990145
我童年的天空,2,7.53405E-07
我要你开花,7658,0.005768819
我要回城,46,3.39032E-05
战争狂人,253,0.000189858
战火中的芭蕾,5054,0.003806954
战火焚情,1,0
战狼,473203,0.35651258
战金刚,26,1.88351E-05
房子,4,2.26021E-06
房车奇遇,12105,0.00911921
房间里的舞蹈,260,0.000195132
所以……和黑粉结婚了,194113,0.146244881
手牵手,3,1.50681E-06
手风琴,1,0
扑通扑通我的人生,44381,0.033436098
打工老板,583,0.000438481
托马斯和朋友们多多岛之迷失宝藏,44379,0.033434591
扫毒,264570,0.199327511
扬起你的笑脸,1,0
找个高富帅,269,0.000201912
找乐,1,0
抢劫坚果店,62904,0.047391412
报国之路,23,1.65749E-05
抱养,2,7.53405E-07
拆散专家,29634,0.02232564
拐杖,159,0.000119038
拯救大明星,30329,0.022849256
拳霸风云,11410,0.008595593
拼爹年代,3,1.50681E-06
挑战者,2,7.53405E-07
挑战者联盟,32174,0.024239287
捉妖记,747822,0.563411808
换个活法,465,0.00034958
换爱七日,1979,0.001490234
探灵档案,19075,0.01437044
探秘者,2270,0.001709475
控制,127450,0.096020667
推拿,15960,0.012023585
提款机,1649,0.001241611
插翅难飞 2,1,0
搏击迷城,32990,0.024854066
摇滚水果,2559,0.001927209
摇滚英雄,19298,0.014538449
摇滚藏獒,80558,0.060692017
摩尔庄园3：魔幻列车大冒险,52846,0.039813668
摩登年代,148026,0.111522721
摩登森林之美食总动员,10946,0.008246014
摩纳哥王妃,75816,0.057119372
撒娇女人最好命,328120,0.247206376
擦枪走火,35570,0.026797849
收藏记忆的角落,2,7.53405E-07
放手爱,24960,0.018804226
放飞理想,1035,0.00077902
故园秋色,1,0
救火英雄,142847,0.107620839
敢死队2,3,1.50681E-06
敢死队3,438738,0.33054649
整容日记,216004,0.162737661
整形师・脸,18825,0.014182089
文字国历险记-浩昊巧破笑话城,3,1.50681E-06
文字国历险记――浩昊勇闯童话城,10,6.78064E-06
斐济99℃爱情,18902,0.014240101
斑马总动员,56298,0.042414421
斗地主,19037,0.014341811
斗艳,72,5.34917E-05
斗茶,1123,0.00084532
斗龙战士之星印罗盘,31346,0.023615468
断桥遗梦,1,0
断片儿,147,0.000109997
斯大林格勒,134894,0.101629012
新东方神娃,5,3.01362E-06
新加坡电影周,5,3.01362E-06
新地雷战：神勇小子,255,0.000191365
新墙头记,20,1.43147E-05
新大头儿子和小头爸爸2一日成才,185546,0.139790463
新大头儿子和小头爸爸之秘密计划,80599,0.060722907
新大祭桩,11,7.53405E-06
新娘大作战,244549,0.184243597
新年来啦之大闹除夕,7718,0.005814024
新年行动,17174,0.012938218
新木偶奇遇记,1451,0.001092437
新步步惊心,87782,0.066134612
新红河谷,208,0.000155955
新西兰电影周,3,1.50681E-06
新鲁冰花：孩子的天空,1,0
旅行离婚,2,7.53405E-07
旋风九日,36208,0.027278522
旋风小子,4,2.26021E-06
无人区,309538,0.233206611
无处可逃,19068,0.014365166
无手老师,16,1.13011E-05
无敌小子霍元甲,1,0
无敌小飞猪,21659,0.016317238
无法证明,871,0.000655462
无用,333,0.00025013
无脚鸟,28,2.03419E-05
无言的界碑,1,0
无间道,5,3.01362E-06
既然青春留不住,140683,0.105990471
日本电影周,21,1.50681E-05
早安，冬日海,1813,0.001365169
早春二月,4,2.26021E-06
早见，晚爱,14122,0.010638827
时光大战,6978,0.005256504
时光恋人,27931,0.021042591
时间都去哪了,4321,0.003254708
昆塔&middot;盒子总动员,38552,0.029044502
昆虫总动员,47760,0.035981852
昆虫总动员（法国）,12564,0.009465022
明日世界,308646,0.232534574
明日边缘,338627,0.255122398
星星之火,1,0
星月童话,9,6.02724E-06
星爸奇缘,6,3.76702E-06
星爸客,6428,0.004842132
星球大战：原力觉醒,681901,0.513746621
星语心愿之再爱,35157,0.026486693
星际穿越,397686,0.299617722
星际迷航3：超越星辰,767718,0.578401547
星际迷航：暗黑无界,261454,0.196979902
春天的狂想,2,7.53405E-07
春桃,4,2.26021E-06
晚秋,6,3.76702E-06
智取威虎山3D,487589,0.367351059
暖春,2,7.53405E-07
暗恋99天,26994,0.020336651
暗杀,122649,0.092403572
暗藏杀机,1,0
暴力街区,201718,0.151974523
暴疯语,127843,0.096316755
暴走吧，女人,13216,0.009956242
暴走神探,122158,0.09203365
暴躁天使,20405,0.015372468
曼德拉,2679,0.002017618
替身传奇乐翻天,1,0
最佳嫌疑人,68995,0.051980399
最后一课,4,2.26021E-06
最后的巫师猎人,308372,0.232328141
最爱你的人是我,43,3.1643E-05
最美,1,0
最美的时候遇见你,10641,0.008016225
最青春,1,0
月亮湾的笑声,1,0
有一个地方只有我们知道,352716,0.265737116
有一天,20913,0.015755198
有人赞美聪慧，有人则不,179,0.000134106
有招没招,5411,0.004075919
有招没招之爱情达人,1102,0.000829499
有种,5705,0.00429742
有种你爱我,135313,0.101944688
有话好好说,2,7.53405E-07
木偶传奇,34,2.48624E-05
木偶情缘,1,0
木星上行,374420,0.28208901
未营业,649,0.000488206
末代皇帝,2,7.53405E-07
末日崩塌,548230,0.41303827
末日情人,6,3.76702E-06
末日浩劫,50317,0.037908308
末日迷踪,133018,0.100215624
本命年,1,0
机器人班长,6,3.76702E-06
机器纪元,79692,0.060039569
机械战警,338825,0.255271572
杀戒,44356,0.033417263
杀破狼2,505478,0.380828715
李三娘（花鼓戏）,1269,0.000955317
李可乐寻人记,32006,0.024112715
李祥和的婚事,35,2.56158E-05
村支书金岚岚,55,4.06839E-05
村曲悠扬,3,1.50681E-06
杜拉拉追婚记,108019,0.081381262
来历不明,3941,0.002968414
来电不善,972,0.000731556
杨光的快乐生活,12448,0.009377627
杨贵妃,90,6.7053E-05
极乐空间,241880,0.18223276
极品飞车,354050,0.266742158
极地大冒险2,46807,0.035263857
极地大反攻,9930,0.007480555
极盗者,357460,0.269311268
极速蜗牛,121511,0.091546197
极速风流,94504,0.071198998
极限挑战之皇家宝藏,262292,0.197611255
枕边有张脸,73393,0.055293873
枕边诡影,26857,0.020233435
林中小屋,16474,0.012410835
林海雪原,1,0
果宝特攻之水果大逃亡,29506,0.022229204
枪过境,8274,0.006232917
柠檬,10006,0.007537813
柳堡的故事,1,0
柴生芳,3,1.50681E-06
栀子花开,365674,0.275499733
校花诡异事件,30809,0.02321089
校车,2509,0.001889539
桂宝之爆笑闯宇宙,107832,0.081240375
桃枝的桃,184,0.000137873
桔子的天空,249,0.000186844
梅花,532,0.000400058
梦之春,1,0
梦寻桃花源,6,3.76702E-06
梦幻佳期,3969,0.00298951
梦幻列车,20,1.43147E-05
梦幻岛,1434,0.001079629
梦幻飞琴,6744,0.005080207
梦开始的地方,1,0
梦想合伙人,238613,0.179771387
梦想庄园,4,2.26021E-06
梦非梦,1,0
森林孤影,619,0.000465604
森林战士,69722,0.052528125
椰岛警魂,4,2.26021E-06
楼,26711,0.020123438
模仿游戏,44866,0.033801499
模特魅影,24105,0.018160065
横冲直撞好莱坞,445664,0.33576457
樱桃小丸子：来自意大利的少年,166062,0.125111127
止杀令,31962,0.024079566
正果,2112,0.001590437
正骨,116,8.66415E-05
步步追魂,19790,0.014909124
武僧传奇之决战程子沟,604,0.000454303
武当少年,1,0
武昌情殇,104,7.76007E-05
武状元苏乞儿,1,0
死亡之谜之双鱼玉佩,15809,0.01190982
死亡派对,42729,0.032191473
死亡游戏,44721,0.033692255
死亡笔记,23571,0.017757747
死亡邮件,50251,0.037858583
死亡面具,1,0
残团,1610,0.001212228
母亲,4,2.26021E-06
母亲的梦想,1154,0.000868676
毒中毒,1923,0.001448044
毒战,184895,0.139299997
毕业那年分手季,6867,0.005172876
毛泽东与齐白石,1233,0.000928195
毛泽东的故事,5,3.01362E-06
民工&middot;老大&middot;老板,381,0.000286294
民工;老大;老板,381,0.000286294
民工老大老板,381,0.000286294
民警故事,2,7.53405E-07
水墨大别山,463,0.000348073
水果宝贝之水果总动员,29666,0.022349749
水滴之梦,148,0.00011075
水煮金蟾,1,0
永不消失的广播,6177,0.004653027
永州故事,1,0
永春白鹤拳之擎天画卷,3666,0.002761228
永远的守望,349,0.000262185
永远的焦裕禄,146,0.000109244
永远的绿盖头,4,2.26021E-06
永远的车神,3,1.50681E-06
求爱大作战,14514,0.010934161
求爱嫁期,33034,0.024887215
江南爱情故事,5907,0.004449608
江湖论剑实录,40237,0.030313989
汽车人总动员,34733,0.02616725
沈园情,55,4.06839E-05
沉睡魔咒,283350,0.21347645
没事偷着乐,1,0
没女神探,4539,0.00341895
没完没了,1,0
法国电影展,2,7.53405E-07
泡沫之夏,48678,0.036673477
泡菜,2,7.53405E-07
波鲁鲁冰雪大冒险,31904,0.024035868
泰山归来：险战丛林,425134,0.320297173
泰迪熊之玩具大战,47758,0.035980345
洋妞到我家,35473,0.026724769
洗澡,1,0
洛克王国2圣龙的心愿,106680,0.080372453
洛克王国3：圣龙的守护,88103,0.066376455
洛克王国4：出发！巨人谷,141028,0.106250396
洛杉矶捣蛋计划,56258,0.042384285
活着,1,0
派饭,3,1.50681E-06
浩昊文字国历险记--三战怪怪城,135,0.000100956
浩昊文字国历险记--大闹无字城,191,0.000143147
浪漫天降,32004,0.024111209
浮云,7,4.52043E-06
海啸奇迹,109560,0.082542258
海岛之恋,5710,0.004301187
海岛冒险,6,3.76702E-06
海岛小卫士,19,1.35613E-05
海底世界3D,669,0.000503274
海底大冒险,49863,0.037566262
海底总动员2：寻找多莉,482567,0.363567461
海洋之恋,9063,0.006827353
海洋之歌,47475,0.035767132
海神密码,8274,0.006232917
海绵宝宝,96207,0.072482046
消失爱人,165443,0.12464477
消失的凶手,126297,0.095151992
消失的爱人,18,1.28079E-05
深夜前的五分钟,46363,0.034929346
深情约定,2314,0.001742625
深海挑战,9360,0.007051114
港,906853,0.683226501
渴望的青春,4525,0.003408403
湄公河行动,45425,0.034222652
湘女萧萧,8,5.27383E-06
滚拉拉的枪,4,2.26021E-06
滚蛋吧！肿瘤君,497420,0.37475778
满园春色,217,0.000162735
满意不满意,2,7.53405E-07
满汉全席,6,3.76702E-06
潜水艇,4,2.26021E-06
潜艇总动员3 - 彩虹宝藏,73971,0.055729341
潜艇总动员4：章鱼奇遇记,73386,0.055288599
潜艇总动员之时光宝盒,83180,0.062667444
潜龙风云,14246,0.010732249
澳门风云,262734,0.19794426
澳门风云2,409352,0.308406941
澳门风云3,590417,0.444822151
激战,157729,0.118833006
激浪青春,39335,0.029634418
火云端,279,0.000209446
火山对对碰,32111,0.024191823
火影忍者剧场版：博人传,203809,0.153549892
火星救援,489483,0.368778008
火海凌云,92077,0.069370485
火海逃生,28,2.03419E-05
火焰山历险记,26720,0.020130218
火童,2,7.53405E-07
火线反攻,56938,0.0428966
火锅英雄,548983,0.413605584
火鸡总动员,103297,0.077823685
灯塔下的恋人,2345,0.00176598
灰姑娘,440157,0.331615571
灵偶契约,67397,0.050776459
灵臆事件,19930,0.015014601
点对点,803,0.000604231
烈日灼心,388615,0.292783589
热情奏鸣曲,227,0.000170269
热血男人帮,13976,0.01052883
煎饼侠,637270,0.480121419
照见,1,0
熊出没之夺宝熊兵,278611,0.209906066
熊出没之熊心归来,360964,0.271951197
熊出没之雪岭熊风,270594,0.203866021
燃烧的影像,462,0.00034732
爱&middot;你别走,304,0.000228282
爱&middot;回家,60,4.44509E-05
爱&middot;回家/外婆的家,2294,0.001727557
爱丽丝梦游仙境2：镜中奇遇记,650612,0.490173343
爱之初体验,9501,0.007157344
爱你一生一世,1214,0.00091388
爱你不等来生,3607,0.002716777
爱别离,13887,0.010461777
爱在旅途,1223,0.00092066
爱在星空下,7354,0.005539784
爱在深秋,3881,0.00292321
爱宠大机密,438666,0.330492244
爱开始的地方,137,0.000102463
爱情万岁,3,1.50681E-06
爱情不NG,21708,0.016354154
爱情天梯,223,0.000167256
爱情攻略,11284,0.008500665
爱情狂想曲,8643,0.006510923
爱情的捉弄,1,0
爱情碰碰撞,439,0.000329991
爱情进化论,33374,0.025143373
爱情银行,34959,0.026337519
爱情魔发师,6751,0.005085481
爱情麻辣烫之情定,7594,0.005720601
爱情麻辣烫之情定终身,88757,0.066869182
爱我就陪我看电影,50083,0.037732011
爱拼北京,7893,0.005945869
爱爱迨,14486,0.010913066
爱的“蟹”逅,1032,0.00077676
爱的替身,1,0
爱的钟声,9,6.02724E-06
爱神,47355,0.035676723
爱神有泪,68,5.04781E-05
爱，很美,3785,0.002850883
爵迹,78603,0.059219111
爸爸去哪儿,398307,0.300085587
爸爸去哪儿2,221880,0.167164667
爸爸回家,11,7.53405E-06
爸爸妈妈复婚记,98,7.30802E-05
爸爸我来救你了,2152,0.001620573
爸爸的假期,99507,0.074968282
爸爸的晚餐,96,7.15734E-05
爸爸的木房子,593,0.000446016
牛老汉的幸福生活,69,5.12315E-05
牛胆神偷,4750,0.003577919
牧笛,1,0
牧马人,2,7.53405E-07
特功明星,23596,0.017776582
特工艾米拉,44886,0.033816567
特殊身份,284332,0.214216293
特种部队：全面反击,280586,0.21139404
特警判官,73169,0.05512511
犀利人妻,14626,0.011018543
状元媒,787,0.000592176
犹太女孩在上海2：项链密码,2975,0.002240625
狂怒,191102,0.143976379
狂舞派,3370,0.00253822
狂野非洲,20940,0.01577554
狂野飞车,17275,0.013014312
狄仁杰之神都龙王,366342,0.276003008
狗十三,2,7.53405E-07
狙击时刻,17852,0.013449026
独立日：卷土重来,557998,0.420397526
独行侠,143436,0.108064594
狼兵吼,3387,0.002551028
狼图腾,313521,0.236207421
狼少年,21989,0.016565861
狼牙山五壮士,2,7.53405E-07
猎仇者,34813,0.026227522
猎神：冬日之战,280074,0.211008296
猛龙特,25418,0.019149286
猩球崛起：黎明之战,467772,0.35242084
猪猪侠之勇闯巨人岛,61052,0.045996106
猪猪侠之终极决战,66300,0.049949974
猫脸老太太,33156,0.024979131
猿创世界之熊孩子部落,6614,0.004982265
玄奘大师,5,3.01362E-06
王化买父,1216,0.000915387
王子与108煞,16121,0.012144883
王朝的女人&middot;杨贵妃,239639,0.18054438
王朝的女人;杨贵妃,239639,0.18054438
王朝的女人杨贵妃,239639,0.18054438
王牌,94211,0.070978251
王牌情敌,51157,0.038541168
王牌特工：特工学院,401172,0.302244091
王牌逗王牌,21871,0.016476959
玛德2号,11637,0.008766616
玩命剧组,2818,0.002122341
玩命时光,5952,0.004483511
玩命速递：重启之战,244244,0.184013808
玫瑰天涯,4,2.26021E-06
环城七十里,246,0.000184584
环太平洋,320984,0.24183008
环游地球80天/80日环游世界,1,0
珠城之恋,1,0
班主任,94,7.00666E-05
璀璨的婚礼,3823,0.002879513
甜心巧克力,36428,0.027444271
甜蜜十八岁,7128,0.005369515
甜蜜杀机,111226,0.083797431
甜蜜蜜,12840,0.009672962
生化危机5：惩罚,194401,0.146461861
生日历险,3,1.50681E-06
生死28小时,35,2.56158E-05
生死缉毒,4,2.26021E-06
生死诀,3,1.50681E-06
生死足球赛,11,7.53405E-06
生活的颤音,1,0
甲方乙方,2358,0.001775775
电商时代,2495,0.001878991
电子情书,2,7.53405E-07
电影儿女（豫剧）,1,0
电影版卡牌决斗高手：黑月之神帝,8,5.27383E-06
电梯惊魂,58333,0.043947599
男二本色,13,9.04086E-06
男人不可以穷,45908,0.034586547
男人制造,1464,0.001102231
男左女右,886,0.000666763
男式女子足球队,2,7.53405E-07
男神抱抱,4827,0.003635931
男神时代,35013,0.026378203
疯狂72小时,85761,0.064611982
疯狂丑小鸭,2718,0.002047
疯狂动物城,698113,0.525960817
疯狂原始人,157863,0.118933963
疯狂外星人,179152,0.134973194
疯狂婚礼,1,0
疯狂的导演,28382,0.021382377
疯狂的疯狂,824,0.000620052
痞子&middot;洛克,1290,0.000971139
痞子;洛克,1290,0.000971139
痞子洛克,1290,0.000971139
痞子英雄：黎明升起,250520,0.188742176
白发魔女传之明月天国,376782,0.283868552
白居易在龙门,3,1.50681E-06
白幽灵传奇之绝命逃亡,71143,0.053598713
白日焰火,196689,0.148185651
白毛女,3045,0.002293364
白毛女（歌剧）,17547,0.013219238
白狐,60679,0.045715086
白蛇传,1,0
白雪公主与青蛙王子,1,0
白雪公主之矮人力量,48007,0.036167943
白雪公主之神秘爸爸,37293,0.028095966
白雪公主和三只小猪,20068,0.015118571
百万爱情宝贝,9421,0.007097072
百变星君,1,0
百变爱人,86948,0.065506273
百团大战,185995,0.140128742
百家乐翻天,14360,0.010818137
百星酒店,89096,0.067124586
百鸟朝凤,110642,0.083357442
皇帝的新装之圣诞大明星,4060,0.003058069
益西卓玛,2,7.53405E-07
盗剑72小时,8841,0.006660097
盗墓笔记,812611,0.612224141
盗马记,171514,0.129218689
盗马贼,3,1.50681E-06
盟军夺宝队,144098,0.108563348
目标战,5758,0.00433735
盲探,211610,0.159427202
相伴库里申科,658,0.000494987
看见我和你,1699,0.001279281
真假铁马骝,43,3.1643E-05
真爱,3264,0.002458359
真相禁区,165974,0.125044828
睡在我上铺的兄弟,350438,0.26402086
瞧，这一担儿挑,1,0
石器时代之百万大侦探,4308,0.003244914
石头,4,2.26021E-06
石将军石勇,73,5.42451E-05
石斛兰,17,1.20545E-05
石榴树上结樱桃,734,0.000552246
破五,2,7.53405E-07
破坏者,81301,0.061251797
破局,13745,0.010354793
破风,239520,0.180454725
硬汉奶爸,28246,0.021279914
碟中谍,3,1.50681E-06
碟中谍5：神秘国度,813908,0.613201307
碟仙诡谭,60597,0.045653307
社区主任,20,1.43147E-05
祈祷,8,5.27383E-06
祝福,1,0
神偷奶爸2,291980,0.219978332
神偷特工,35,2.56158E-05
神兽金刚之青龙再现,25677,0.019344417
神剑传奇,637,0.000479165
神奇,60794,0.045801728
神战：权力之眼,411373,0.309929572
神探夏洛克,272902,0.205604878
神探驾到,89903,0.067732584
神秘世界历险记2,91896,0.069234119
神秘世界历险记3,133114,0.100287951
神笔马良,87208,0.065702158
神通佛影,1081,0.000813677
禁忌游戏之迷藏,28488,0.021462238
禁止吸烟,714,0.000537178
私人订制,498068,0.375245987
私奔B计划,90751,0.068371471
秋菊打官司,1,0
秋语,265,0.000198899
秘密花园,15548,0.011713182
秘术,39808,0.029990778
秦时明月3D电影龙腾万里,109513,0.082506848
移动迷宫,256609,0.193329657
移动迷宫2,306947,0.231254539
穷途,4106,0.003092726
空中营救,243025,0.183095408
穿越火线,66601,0.050176749
穿越硝烟的歌声,249,0.000186844
窃听风云3,334056,0.251678586
章鱼哥,2280,0.001717009
童年,235,0.000176297
竹儿潇潇,8,5.27383E-06
笑功震武林,138696,0.104493456
笔仙Ⅱ,132771,0.100029533
笔仙Ⅲ,110438,0.083203748
笔仙惊魂3,104474,0.078710442
笔仙撞碟仙,29156,0.021965512
笔仙诡影,41738,0.031444849
笔仙魔咒,51124,0.038516305
笔尖沧桑,1,0
笛声何处,32,2.33555E-05
笨贼别跑,3917,0.002950333
第一眼爱情,8730,0.006576469
第七子：降魔之战,342617,0.258128483
第七种味道,1,0
第七谎言,28582,0.021533058
第三届丝绸之路国际电影节（福州分会场）,31,2.26021E-05
第三种爱情,120419,0.090723479
第五个新娘,3,1.50681E-06
第六届北京国际电影节进口展映影片1,15,1.05477E-05
第六届北京国际电影节进口展映影片2,10,6.78064E-06
第六届北京国际电影节进口展映影片4,1,0
第十九届上海国际电影节,168,0.000125819
等一个人咖啡,53652,0.040420912
等你追我,1300,0.000978673
等爱归来,4014,0.003023413
等风来,147761,0.111323069
筷仙,63527,0.047860783
简单爱,5246,0.003951607
箭士柳白猿,32467,0.024460035
粉红女郎之爱人快跑,20758,0.01563842
精武青春,17583,0.01324636
精灵旅社,119467,0.090006238
精灵旅社2,206974,0.155934418
精灵王座,69312,0.052219229
糖果世界大冒险,40551,0.030550558
索命暹罗之按摩师,15084,0.011363602
紫霞,7235,0.005450129
红军乡,9,6.02724E-06
红包,3463,0.002608287
红尾鸽,4,2.26021E-06
红楼梦（昆曲）,563,0.000423413
红番区,6,3.76702E-06
红粉,117,8.73949E-05
红色恋人,389,0.000292321
红色警戒999,62646,0.047197033
红髅,14020,0.01056198
红高粱,985,0.00074135
约定倒计时,8271,0.006230656
纯真年代,393,0.000295335
纯纯欲动,2088,0.001572355
纳布科,2,7.53405E-07
纽约纽约,81608,0.061483092
线索,64,4.74645E-05
练胆儿,3874,0.002917936
细菌大作战,43,3.1643E-05
终极大冒险,17766,0.013384233
终极审判,6,3.76702E-06
终极硬汉,36953,0.027839808
终极胜利,4571,0.003443059
终结者：创世纪,652747,0.491781862
结婚那件事,21858,0.016467165
给你一千万,584,0.000439235
给太太打工,5,3.01362E-06
绝命海拔,184874,0.139284175
绝命航班,96908,0.073010183
绝命逃亡,18392,0.013855865
绝地逃亡,865778,0.652280405
绝密跟踪,67380,0.050763651
绝战,1505,0.001133121
绣春刀,149413,0.112567693
绿林大冒险,29539,0.022254066
绿色救赎之追捕真凶,16,1.13011E-05
绿草地,2,7.53405E-07
缘份,61458,0.046301989
缘来是游戏,40318,0.030375015
罗西与莫妮卡之骊y情,140,0.000104723
罪恶赎金,30954,0.023320134
羊城暗哨,1,0
美丽家园,1,0
美丽的夜晚,2,7.53405E-07
美丽笨女人,3714,0.002797391
美人邦,26856,0.020232681
美人鱼,1064011,0.801630066
美人鱼之海盗来袭,37693,0.028397328
美国队长2：冬日战士,454647,0.342532404
美国队长3,295854,0.222897022
美国队长3：英雄内战,766485,0.577472599
美国骗局,44804,0.033754788
美女与野兽,64746,0.048779183
美姐,5215,0.003928252
老井,3,1.50681E-06
老人,2,7.53405E-07
老刘的婚路历程,588,0.000442249
老哨卡,139,0.00010397
老外,10,6.78064E-06
老海的新生活,3,1.50681E-06
老炮儿,495480,0.373296175
老男孩之猛龙过江,237192,0.178700799
老百姓是天,42,3.08896E-05
老萨的战争,24,1.73283E-05
老表轶事（花鼓戏）,2,7.53405E-07
老警,1428,0.001075108
老阿姨,2085,0.001570095
考拉大冒险,52169,0.039303613
聪明小鬼斗笨贼,2,7.53405E-07
聪明的一休之反斗公主,25189,0.018976756
育婴室,3,1.50681E-06
背水一战,137552,0.103631561
胜利,9,6.02724E-06
胜利大阅兵,433,0.000325471
胡僧,114,8.51347E-05
脱轨时代,147153,0.110864999
腊月的春,16,1.13011E-05
自我救赎,1211,0.00091162
自行车,2,7.53405E-07
致命对决,20016,0.015079394
致命怪谈,9,6.02724E-06
致命闪玩,9075,0.006836394
致命黑兰,113069,0.085185955
致我们终将到来的爱情,52582,0.039614769
致我们终将逝去的青春,374170,0.281900659
致青春・原来你还在这里,464491,0.349948919
舌尖上的新年,11807,0.008894695
舍身技,1688,0.001270994
舞台姐妹,2,7.53405E-07
艺术家,8396,0.006324832
花咒,42767,0.032220103
花样厨神,32250,0.024296546
花漾,22861,0.01722283
花香,20,1.43147E-05
苏武牧羊 豫剧,260,0.000195132
英雄之战,100903,0.076020035
英雄本色,2,7.53405E-07
草原战士,2,7.53405E-07
荒村凶间,27857,0.02098684
荒村怨灵,26040,0.019617903
荒野猎人,513046,0.386530481
荣誉至上,36,2.63692E-05
莫斯科离大同不远,74,5.49985E-05
菊花台,4989,0.003757982
菜鸟,22806,0.017181393
萧红,5105,0.003845377
萨米大冒险2,33628,0.025334738
落经山,1656,0.001246885
落跑吧，爱情,66275,0.049931139
蒸发太平洋,181392,0.13666082
蓝精灵2,184375,0.138908226
蓝色骨头,29895,0.022522278
藏地桃花,2,7.53405E-07
藏羚王之雪域精灵,20207,0.015223294
虎胆龙威5,291607,0.219697312
虐面人之死灵面膜,19328,0.014561051
虹飞千岛,1041,0.000783541
蚀之春风桃李,7,4.52043E-06
蚀之江枫渔火,2,7.53405E-07
蚀之章台秋柳,6,3.76702E-06
蚁人,645646,0.486431936
蜂鸟特攻,109208,0.08227706
蜜月酒店杀人事件,57999,0.043695962
蜡笔总动员,31498,0.023729986
蝙蝠侠大战超人：,154123,0.116116229
蝙蝠侠大战超人：正义黎明,658218,0.495903739
蝙蝠别墅,17997,0.01355827
蝴蝶梦,25,1.80817E-05
蟹蟹侬,22,1.58215E-05
血彩,2137,0.001609272
血滴子,11324,0.008530801
血红的蝴蝶,3,1.50681E-06
街头杀手,1,0
街头舞王,4,2.26021E-06
街舞小子,2500,0.001882758
被偷走的那五年,221110,0.166584546
被解救的姜戈,44533,0.033550615
西柏坡2：王二小,133,9.94494E-05
西游&middot;降魔篇,423959,0.319411922
西游新传2：真心话大冒险,19997,0.015065079
西游记之大圣归来,360860,0.271872843
西游记之大闹天宫,411112,0.309732933
西游记之孙悟空三打白骨精,566557,0.426845917
西湖传奇,69,5.12315E-05
西藏天空,2742,0.002065082
角逐,2501,0.001883512
解救吾先生,242567,0.182750349
触不可及,245986,0.185326239
警察故事2013,398758,0.300425372
警察日记,16694,0.012576584
警察追击,10,6.78064E-06
警至情归,8,5.27383E-06
让我们西米吧,1,0
让熊猫飞,5564,0.00419119
让爱绽放,186,0.00013938
记忆望着我,193,0.000144654
记忆碎片,47401,0.03571138
诡八楼,41486,0.031254991
诡劫,15252,0.011490174
诡娃,35445,0.026703674
诡娃娃,18039,0.013589913
诡婴吉咪,47803,0.036014248
诡影迷情,27734,0.020894171
诡打墙,13823,0.010413559
诡拼车,13892,0.010465544
诡新娘,28428,0.021417034
诡替身,44326,0.03339466
诡梦凶铃,29168,0.021974553
诡镇,40893,0.030808222
诡魇,17574,0.01323958
诱狼,4259,0.003207997
说说美丽世界,8,5.27383E-06
请把你的窗户打开,287,0.000215474
请柬,1,0
诺亚方舟漂流记,44995,0.033898688
诺苏之鹰,37,2.71226E-05
谁hold住谁,1081,0.000813677
谁偷了我的菜,2751,0.002071863
谁动了我的梦想,15625,0.011771194
谁的青春不热血之深流不息,1595,0.001200927
谁的青春不迷茫,367405,0.276803877
谁说我们不会爱,63918,0.048155364
谋杀似水年华,32502,0.024486404
谍&middot;莲花,23192,0.017472207
谍;莲花,4273,0.003218545
谍影特工,112337,0.084634463
谍影重重5,733219,0.55240984
谎言大爆炸,13560,0.010215413
谎言西西里,74965,0.056478225
谜城,214251,0.161416943
购物女王,6446,0.004855693
贵族大盗,75836,0.057134441
赏金猎人,333958,0.251604752
赚够一千万,15,1.05477E-05
赛尔号4大电影：圣魔之战,96089,0.072393145
赛尔号5：雷神崛起,94381,0.07110633
赛尔号大电影3之战神联盟,94384,0.07110859
赞鸟历险记,30184,0.022740012
赤焰战场2,138308,0.104201135
赤狼蚁,1014,0.000763199
赤裸的微笑,2,7.53405E-07
赤警威龙,52508,0.039559017
赤道,265440,0.199982973
走向梦想的日子,4,2.26021E-06
走路上学,4,2.26021E-06
走进西藏,551,0.000414373
赵氏孤儿（戏曲）,2,7.53405E-07
赵氏孤儿（秦腔）,1,0
超人：钢铁之躯,278411,0.209755385
超体,346323,0.2609206
超凡蜘蛛侠2,469837,0.35397662
超导,1,0
超级保镖,26214,0.019748996
超级经纪人,76873,0.057915721
超能兔战队,10169,0.007660618
超能太阳鸭,63279,0.047673939
超能查派,234018,0.176309493
超能陆战队,309178,0.232935385
超脑48小时,242900,0.183001233
超萌英雄,9711,0.007315559
超越那一天,73,5.42451E-05
超验骇客,224551,0.169177011
越位者,5069,0.003818255
越来越好之村晚,63733,0.048015984
足球大侠,1,0
跑山,1,0
跑过罗湖桥,7,4.52043E-06
路边草,3,1.50681E-06
路边野餐,14782,0.011136074
踏雪寻梅,722,0.000543205
轩辕剑传奇,15028,0.011321411
轩辕大帝,3675,0.002768009
轻羽飞扬,2,7.53405E-07
辛巴达历险记2,43793,0.032993096
辛巴达历险记2013,60175,0.045335371
边区造,82,6.10258E-05
达人也疯狂,381,0.000286294
迁徙,3,1.50681E-06
过年好,207366,0.156229752
过界男女,48006,0.03616719
近在咫尺的爱恋,26370,0.019866527
近距离击杀,5959,0.004488785
返乡,76,5.65053E-05
还魂之迷失曼谷,33396,0.025159948
这个大叔不太,468,0.00035184
这儿是香格里拉,2,7.53405E-07
这里的黎明静悄悄,22495,0.016947084
这里，那里,121,9.04086E-05
迟到的恋曲,4,2.26021E-06
迫在眉睫,506,0.000380469
迷与狂,17280,0.013018079
迷魂之密室逃脱,20161,0.015188637
追你到天边,236,0.00017705
追凶者也,355052,0.267497069
追爱大布局,42673,0.032149283
追踪长尾豹马修,21770,0.016400866
逃亡战士,6,3.76702E-06
逃出生天3D,167675,0.126326369
逆世界,129882,0.097852947
逆光飞翔,28051,0.021133
逆境王牌,7,4.52043E-06
逆袭,3269,0.002462126
逆袭的青春,1,0
逆转胜,3065,0.002308432
逗鸟外传：萌宝满天飞,214966,0.161955627
通灵之六世古宅,44899,0.033826361
通灵神探,102570,0.07727596
速度与激情6,338200,0.254800694
速度与激情7,1015830,0.765330278
道口烧鸡铺,21,1.50681E-05
道士下山,412667,0.310904477
遗落战境,179063,0.134906141
遥远的拥抱,70,5.19849E-05
遭遇海明威,1586,0.001194146
那件疯狂的小事叫爱情,112463,0.084729392
那山那人那狗,656,0.00049348
那年我对你的承诺,2,7.53405E-07
那座山,8,5.27383E-06
那是说着玩的,4,2.26021E-06
郑和1405：魔海寻踪,11049,0.008323614
都是手机惹的祸,122,9.1162E-05
里约大冒险2,228212,0.171935225
里耶&middot;情简,107,7.98609E-05
里耶;情简,107,7.98609E-05
里耶情简,107,7.98609E-05
重生爱人,109126,0.082215281
重返20岁,413573,0.311587062
重返十八,1,0
重返地球,242980,0.183061505
重返大海,13543,0.010202606
野猪林,4,2.26021E-06
野草莓,4101,0.003088959
金刚狼2,310887,0.234222954
金刚王：死亡救赎,55412,0.041746904
金太狼的幸福生活,36699,0.027648443
金牌流浪狗,6746,0.005081714
金画眉,1,0
金箍棒传奇,22139,0.016678872
金箍棒传奇2,31778,0.023940939
金色时光,490,0.000368415
金色记忆,6,3.76702E-06
金蝉脱壳,277343,0.208950748
钟馗伏魔：雪妖魔灵,274173,0.206562456
钢刀,78864,0.05941575
钢板咏叹调,118,8.81483E-05
钢琴木马,12889,0.009709879
钢铁侠3,358376,0.270001386
钢铁玫瑰,115,8.58881E-05
钱在路上跑,333,0.00025013
铁娘子：坚固柔情,20326,0.015312949
铁拳,82719,0.062320125
铁血大动脉,1,0
铁血娇娃,28688,0.021612919
铁血残阳,18,1.28079E-05
铜牌小车手,9,6.02724E-06
铠甲勇士之雅塔莱斯,71816,0.054105754
银杏之梦,34,2.48624E-05
银河护卫队,507586,0.382416892
银蛇谋杀案,3,1.50681E-06
锁麟囊（秦腔）,1,0
锦绣前程,9,6.02724E-06
镇海保卫战,439,0.000329991
长大成人2013,2,7.53405E-07
长江7号：超萌特攻队,35976,0.027103732
长江图,26918,0.020279393
门巴将军,1614,0.001215242
门球健将,1,0
闪魂,31449,0.023693069
闯入者,33241,0.02504317
闯入迷宅,6,3.76702E-06
闯堂兔2疯狂马戏团,44625,0.033619928
间谍,4,2.26021E-06
闺蜜,242154,0.182439193
阳光总在风雨后,220,0.000164996
阳光灿烂的日子,1,0
阳光留守,702,0.000528137
阳光舞台,12,8.28745E-06
阿凡提和阿瓦提,14,9.79426E-06
阿嬷的梦中情人,5354,0.004032975
阿诗玛,2,7.53405E-07
阿里巴巴2所罗门封印,25858,0.019480784
阿里巴巴大盗奇兵,66448,0.050061478
陆知马俐,371671,0.280017901
陌路惊笑,14837,0.011177511
陪安东尼度过漫长岁月,154684,0.116538889
隐私保险箱,2,7.53405E-07
隔壁惊魂,9776,0.00736453
隔窗有眼,12922,0.009734741
难忘的岁月,1,0
雏鸟的天空,56,4.14373E-05
雨夜惊魂,10981,0.008272383
雪国列车,162698,0.122576674
雪落牛河,126,9.41756E-05
零点杀机,5456,0.004109822
雷神2：黑暗世界,340976,0.256892146
雷锋,2,7.53405E-07
雷锋在1959,337,0.000253144
雷锋的微笑,529,0.000397798
雾宅,1,0
霍比特人1：意外旅程,188953,0.142357313
霍比特人2：史矛革之战,327788,0.246956245
霍比特人：五军之战,535546,0.403482086
露水红颜,163919,0.123496581
霸王别姬,58,4.29441E-05
霹雳寤,632,0.000475398
霹雳贝贝,2,7.53405E-07
青春,13,9.04086E-06
青春&middot;com,1072,0.000806896
青春小说,223,0.000167256
青春指南,2,7.53405E-07
青春时光,1441,0.001084903
青春派,67919,0.051169736
青春的应答,14,9.79426E-06
青春祭,1,0
青春雷锋,2857,0.002151724
青涩日记,393,0.000295335
青蛇,2,7.53405E-07
青蛙总动员,32608,0.024566265
青蛙王国,38475,0.02898649
青蛙王国之冰冻大冒险,24842,0.018715325
非你勿扰,4854,0.003656273
非同小可,380,0.00028554
非常夏日,1,0
非常幸运,231817,0.174651249
非常营救,1,0
非狐外传,32687,0.024625784
非秀不可,1575,0.001185859
韶山少年,31,2.26021E-05
顺风车,9596,0.007228917
风云1927,2270,0.001709475
风口青春,174,0.000130339
风暴,314196,0.236715969
风雨日升昌,10,6.78064E-06
飓风营救3,364399,0.274539142
飘落的羽毛,8575,0.006459691
飞天鱼,204,0.000152941
飞跃地心,2748,0.002069603
飞跃彩虹,28,2.03419E-05
飞鱼秀,454,0.000341292
飞鹰艾迪,45133,0.034002658
饥饿游戏2:星火燎原,240887,0.181484629
饥饿游戏3：嘲笑鸟（上）,307589,0.231738225
饥饿游戏3：嘲笑鸟（下）,243824,0.183697378
香气,10951,0.008249781
香草,1,0
香螺岛的故事,45,3.31498E-05
香魂女,9,6.02724E-06
马奈的新娘,1,0
马小乐之玩具也疯狂,30510,0.022985622
马背上的法庭,8,5.27383E-06
马达加斯加的企鹅,218521,0.164633981
驯龙骑士,53272,0.040134618
驯龙高手2,350247,0.26387696
骆驼祥子,1,0
骇战,22913,0.017262007
高跟鞋先生,153436,0.11559864
高铁英雄,7570,0.00570252
魁拔Ⅲ战神崛起,51805,0.039029374
魁拔之大战元泱界,47138,0.035513234
魔兽,1327309,1
魔卡行动,23061,0.017373511
魔境仙踪,149534,0.112658855
魔宫魅影,203387,0.153231955
魔幻仙踪,35501,0.026745865
魔法总动员,78249,0.058952406
魔法老师,94934,0.071522962
魔警,218532,0.164642268
魔轮,51062,0.038469594
魔都凶音,20095,0.015138913
魔都爱之十二星座,3,1.50681E-06
魔镜,34084,0.02567829
魔镜奇缘,62431,0.047035051
魔鬼特遣队,8,5.27383E-06
鱼儿离不开水,67,4.97247E-05
鱼龙勇士,47,3.46566E-05
鲨滩,286010,0.215480506
鸣梁海战,95788,0.07216637
鹰笛&middot;雪莲,427,0.00032095
鹰笛;雪莲,427,0.00032095
鹰笛・雪莲,12,8.28745E-06
鹰笛雪莲,427,0.00032095
麦兜&middot;我和我妈妈,77043,0.0580438
麦兜・饭宝奇兵,107296,0.08083655
麦兜我和我妈妈,1,0
麦特巴卜和大嘴,6,3.76702E-06
黄克功案件,3161,0.002380759
黄河,43,3.1643E-05
黄海怀,63,4.67111E-05
黄色潜水艇,45,3.31498E-05
黄连有点甜,184,0.000137873
黄金时代,77593,0.058458172
黄金福将,19978,0.015050764
黄飞鸿之英雄有梦,269738,0.203221106
黎明之眼,6337,0.004773572
黎明行动,8,5.27383E-06
黑匣子,2,7.53405E-07
黑处有什么,5,3.01362E-06
黑太阳731,2,7.53405E-07
黑月,10605,0.007989103
黑海夺金,31028,0.023375886
黑炮事件,1,0
黑猫警长之翡翠之星,117057,0.088190533
黑金风暴,24,1.73283E-05
黑骏马,1,0
默守那份情,3724,0.002804925
鼠来宝4：萌在逋,169782,0.127913792
龙之谷：破晓奇兵,92596,0.069761502
龙凤呈祥,207,0.000155201
龙凤呈祥（京剧）,505,0.000379716
龙在哪里?,33774,0.025444735
龙在哪里？,7206,0.00542828
龙拳小子,20262,0.015264731
龙旋风,1,0
龙舞金瓶,3,1.50681E-06
龙须沟,1,0
龙骑侠,24563,0.018505125
龙骧虎跃,27,1.95885E-05
龟兔再跑,36041,0.027152703
