王宁,3.5950782603406832,0
赵小溪,3.5971475859220208,0
艾什·布兰农,3.597904605743841,0
张黎,3.604304910345604,0
程炳峰,3.6044647414124706,0
高晓松,3.615812275380487,0
梁柏坚,3.6302213580625895,0
徐伟,3.635484752125049,0
毕国智,3.63976629991134,0
阮世生,3.6423071960265108,0
黄伟建,3.643776302672463,0
马库斯·尼斯佩尔,3.647291993498905,0
郑国伟,3.6475501999776148,0
尼古拉斯·斯托勒,3.6481335332427234,0
doug sweetland,3.6481335332427234,0
道格·斯威特兰德,3.6481335332427234,0
麦咏麟,3.6506707406353507,0
李光耀,3.6521118726758943,0
陆锦辉,3.6575539535061248,0
胡雪桦,3.6624848957062492,0
孙皓,3.6720248533658624,0
斯图尔特·比蒂,3.6724128381924976,0
乔治·克鲁尼,3.6731324631447353,0
龚宾四,3.680182259305637,0
万籁鸣,3.6909063237925257,0
唐澄,3.6909063237925257,0
狄菲菲,3.6909063237925257,0
金知云,3.6922483610411,0
安竹间,3.696103777845843,0
孙立军,3.69769129793841,0
克里斯·韦奇,3.698631991725136,0
吉米·海沃德,3.698718909552093,0
郑成峰,3.6997518987169613,0
奥利维尔·米加顿,3.700739185963061,0
肖洋,3.7048631703732,0
莫腾·泰杜姆,3.7206066031029303,0
刘可欣,3.722381333173643,0
董润年,3.7296029143605183,0
文牧野,3.7296029143605183,0
傅天余,3.7296029143605183,0
韩轶,3.7296029143605183,0
冀佳彤,3.7296029143605183,0
朱延平,3.72967332940234,0
马克·伯顿,3.730589302723732,0
理查德·斯塔扎克,3.730589302723732,0
王川,3.7372021875335175,0
五百,3.7382500466217046,0
徐皓峰,3.7386545313999524,0
古志斌,3.7444721415445263,0
安东尼·福奎阿,3.745392585091127,0
迪恩·派瑞萨特,3.7467205822590404,0
吕克·贝松,3.751764718584808,0
魏民,3.7523028007083163,0
魏楠,3.7523028007083163,0
保罗·提比特,3.7538900968706526,0
格雷格·施特劳斯,3.7576207104654418,0
科林·施特劳斯,3.7576207104654418,0
田蒙,3.7616504926773486,0
夏永康,3.7652795268499286,0
沈乐平,3.7780144260708832,0
英达尔·珍杜巴耶夫,3.7787971448035855,0
王珈,3.778804372227905,0
陈力,3.7799145207421705,0
侯孝贤,3.7881832246072253,0
落落,3.788826387319458,0
于仁泰,3.7911297032412468,0
沃尔特·拜克,3.7969217685370884,0
许秦豪,3.797351343960515,0
李志毅,3.797510594596571,0
金泰勇,3.813273337757068,0
邱礼涛,3.8197228806391648,0
顾培欣,3.8207405434817723,0
高希希,3.8219659284197456,0
牛朝阳,3.823330092520929,0
钟智行,3.826859065222543,0
张皓,3.8320494672176117,0
邵晓黎,3.8353740869392046,0
郭大雷,3.835849677986311,0
李欣蔓,3.8376206303833125,0
崔东勋,3.840294958932205,0
杜鹏,3.8420104240844495,0
汤姆·霍伯,3.842192216590603,0
史学刚,3.848072673499935,0
青松,3.848072673499935,0
施屹,3.848072673499935,0
马伟豪,3.8507570916980685,0
李欣,3.85083057213413,0
章家瑞,3.8536805720062106,0
周文武贝,3.8559496024991287,0
姚光华,3.8577792279943544,0
朱枫,3.8586719162347856,0
姜国民,3.8636267599052676,0
李载汉,3.8648022929519494,0
张猛,3.867792056179396,0
虞军豪,3.8726287845013823,0
奉俊昊,3.8742446014668435,0
九把刀,3.8827407775630154,0
廖明毅,3.8827407775630154,0
殷玉麒,3.883343971941641,0
赵宝刚,3.885644436955086,0
乌格斯·马特尔,3.8863446197276392,0
董玲,3.893697417368307,0
李骏,3.8956274890913667,0
王微,3.8958649032226496,0
塔西姆·辛,3.9014103665348068,0
张太维,3.908517723774834,0
金帝荣,3.9088660657111105,0
戈尔·维宾斯基,3.9109022857796423,0
宋岳峰,3.915922468163519,0
关尔,3.9191026842589,0
巴兹·鲁尔曼,3.9297412058922454,0
吴天明,3.939055258207734,0
江金霖,3.9396041064687113,0
张振益,3.942960470436223,0
李蔚然,3.9432228732588985,0
Wai Man Yip ,3.9465559134307298,0
李俊民,3.9483175865851514,0
Junmin Li ,3.9483175865851514,0
罗伯特·泽米吉斯,3.958052844712828,0
张承,3.9615354669503944,0
叶念琛,3.9621187270841185,0
路阳,3.9717864013240507,0
陈楚童,1.3244882333076562,1
保尔夫,1.326540668516562,1
崔龄燕,1.3366598234544198,1
王立新,1.342817314635733,1
林子皓,1.3463529744506386,1
徐程,1.3484995702838376,1
刘抒鹃,1.3619166186686433,1
赵治平,1.3619166186686433,1
俞钟,1.3639878297484913,1
付滃,1.3785795761157746,1
刘子威,1.3785795761157746,1
施阳,1.3803921600570273,1
范宇,1.394626764272209,1
高山,1.394626764272209,1
刘治寰,1.394626764272209,1
王浩,1.394626764272209,1
陈兵,1.3981136917305026,1
陈国新,1.400537989391946,1
王安庆,1.4067104586097898,1
郭明尔,1.4117880045438687,1
陈星池,1.4151403521958725,1
贾雷鸣,1.4168068718229443,1
柳珂,1.4184670209466004,1
杨虎,1.4217684012069238,1
郑阳,1.4217684012069238,1
白海滨,1.4250448745513886,1
柳广辉,1.4331295175804855,1
马源,1.4347285417797575,1
胡大中,1.4347285417797575,1
彭丹,1.4364806950094948,1
孙雷,1.445759836488631,1
邓迎海,1.4488608456074406,1
陈健,1.4505570094183289,1
杨博,1.4610480916706579,1
雪村,1.4640422054388107,1
高厂,1.4702634469650784,1
吴琦,1.4702634469650784,1
吕小龙,1.4714384073892992,1
李志洲,1.4729026518036639,1
陈穗华,1.4787107555127592,1
曾鹏,1.4787107555127592,1
康新春,1.4787107555127592,1
陈咏歌,1.490099005063305,1
陶明喜,1.490800952010855,1
张馨,1.4929000111087032,1
基智,1.4929000111087032,1
王轩堃,1.4956830676169153,1
李小军,1.4970679363985047,1
刘海波,1.4984484031739995,1
范秀明,1.4984484031739995,1
王艺,1.5079907248196913,1
龚应恬,1.509336958017644,1
陈苗,1.5106790310322098,1
李文岐,1.5120169694961265,1
乔·怀特,1.5149460053080042,1
邢健,1.5199591807520683,1
孙虹,1.5212688755983852,1
苏伦,1.5251744278352715,1
钱路劼,1.5290451707657686,1
解福印,1.5310955468700278,1
刘左峰,1.5366846726209298,1
雷金克,1.5417040232842882,1
周旭,1.5503506723016152,1
袁菲,1.5718252490408289,1
曹雷,1.5718252490408289,1
李恒烈,1.5718252490408289,1
胡储玺,1.5718252490408289,1
马会雷,1.5776066773625352,1
牟天翔,1.5787537844264343,1
刘彬杰,1.5787537844264343,1
刘新,1.5798978696031036,1
白承勋,1.585573518622731,1
潘婕,1.5889436427400148,1
殷悦,1.591175950311791,1
张艺飞,1.5922878159521305,1
谢政辉,1.596707029681446,1
张元,1.5978048424042928,1
扈耀之,1.5978048424042928,1
何冉昊,1.5978048424042928,1
森岛,1.5988998870638829,1
谢晓嵋,1.5988998870638829,1
卢卫国,1.604334073102911,1
丁荫楠,1.605412798153051,1
丁震,1.605412798153051,1
徐志强,1.607562243183588,1
孙爱国,1.6171052305023779,1
韩风,1.6171052305023779,1
周阁,1.6181527333785193,1
邓鉴泉,1.630529571426824,1
林依琦,1.630529571426824,1
陈木川,1.630529571426824,1
马雍,1.634578022853888,1
郭峰,1.6455205149058738,1
庄红胜,1.6465017500316117,1
张新武,1.6465017500316117,1
王传宗,1.6474807731736756,1
杨贻茜,1.6474807731736756,1
肖桂云,1.6484575942825224,1
李前宽,1.6484575942825224,1
智磊,1.6504046698680315,1
李长欣,1.6523430550627145,1
谢悠,1.6581068355063928,1
王凯阳,1.6637951222194074,1
章俊夫,1.6637951222194074,1
罗敏,1.6653933502797118,1
乔·庄斯顿,1.667826378950711,1
王择谚,1.6684791029325854,1
孙铁,1.670338641127442,1
李妮,1.6721902511882525,1
北村丰晴,1.6749529480485652,1
萧力修,1.6749529480485652,1
梁家仁,1.6767850304192053,1
何文超,1.6840370374865195,1
刘小春,1.6849350826408895,1
张蠡,1.686725621074542,1
杨真,1.6929350025311376,1
大飞,1.6955692270361853,1
蔡抒南,1.701654317325748,1
冯自立,1.7076553235311867,1
岳晓琳,1.7085058809552367,1
李广德,1.7085058809552367,1
Ruo Fei Gong ,1.7095243558763409,1
魏健,1.7218930162149573,1
李霄峰,1.7284349509742545,1
刘伟恒,1.7300551523754997,1
方晓罡,1.7328760413627062,1
李建林,-1.9999999999999996,2
温钧凯,-1.9999999999999996,2
郭柯,-1.9999999999999996,2
崔守杰,-1.9999999999999996,2
杨林,-1.9999999999999996,2
许晨,-1.9999999999999996,2
李云波,-1.9999999999999996,2
李超,-1.9999999999999996,2
马成林,-1.9999999999999996,2
唐伟成,-1.9999999999999996,2
王鸿飞,-1.9999999999999996,2
方霆,-1.9999999999999996,2
高光磊,-1.9999999999999996,2
刘紫薇,-1.9999999999999996,2
李石川,-1.9999999999999996,2
刘潇珂,-1.9999999999999996,2
徐艺华,-1.9999999999999996,2
樊志远,-1.9999999999999996,2
谢军,-1.9999999999999996,2
张楠,-1.9999999999999996,2
周玉鹏,-1.9999999999999996,2
邢树民,-1.9999999999999996,2
杨东亮,-1.9999999999999996,2
桑林,-1.9999999999999996,2
Louis Schwartzberg ,-1.9999999999999996,2
郑伟,-1.9999999999999996,2
黄琦,-1.9999999999999996,2
颢然,-1.9999999999999996,2
王健,-1.9999999999999996,2
何志强,-1.9999999999999996,2
毛坚,2.1402880118118666,3
徐博,2.1402880118118666,3
孟奇,2.14491652709285,3
季伟,2.158995376848309,3
范文彬,2.160798553538354,3
石磊,2.1610983564509247,3
任鹏,2.1685269461926886,3
翁秀兰,2.1699975370665703,3
杨士增,2.1753668310613485,3
高毅,2.178142069837744,3
朱义昌,2.178142069837744,3
钱晓鸿,2.1784301399477375,3
李晓军,2.18130038026682,3
肖智慧,2.188394071261428,3
陈凌超,2.188394071261428,3
三木单丹,2.195096710611856,3
吴娜,2.1992339305369013,3
帕斯卡·莫莱利,2.2027879150338405,3
黄肖英,2.208736877114406,3
陈宝玲,2.2183253966096705,3
杨江,2.2237813963998136,3
吴卫东,2.225412672865954,3
朱丹,2.2255935481547997,3
何平,2.2268833283909166,3
袁淑梅,2.231749854398692,3
史奕,2.231749854398692,3
方文山,2.23200448297183,3
晓寒,2.23200448297183,3
毛启超,2.23200448297183,3
罗惠德,2.235098990094939,3
张伟国,2.2364364854163297,3
莎莉,2.240074759568821,3
斯考特·摩尔,2.2418203185180303,3
乔恩·卢卡斯,2.2418203185180303,3
姚宇,2.2485127322208993,3
查慕春,2.2499561819586806,3
周军,2.254330512865347,3
谭华,2.256501266211318,3
欧阳奋强,2.258661223325604,3
赵半狄,2.2794616092576727,3
蒋丛,2.2826900722682177,3
项华祥,2.283323847618786,3
李学兵,2.2844532940108526,3
邓洁,2.286703412934269,3
李勇,2.286703412934269,3
吴国勇,2.2900568823033653,3
明振江,2.2933846556494366,3
孔令政,2.2962482429489337,3
董董,2.299964668624155,3
陈磊,2.3056737456696927,3
Gengxu Lu ,2.3070893650486157,3
翟俊杰,2.3117750456357395,3
翟小兴,2.3117750456357395,3
陈志宏,2.3153404766272883,3
杨溢,2.316410710725809,3
王鸣飞,2.3209974167942207,3
金沙,2.3283999923724235,3
权聆,2.3290112157073684,3
王加世,2.3293165050902584,3
印希庸,2.3293165050902584,3
黄山,2.3293165050902584,3
陆成法,2.3293165050902584,3
西尔扎提·亚合甫,2.3303122908199514,3
舒展,2.336079309437668,3
贾东朔,2.3367998313481104,3
周美玲,2.337878377801204,3
田原,2.340860362064879,3
刘勇宏,2.340860362064879,3
姜颖,2.340860362064879,3
佟志坚,2.340860362064879,3
王大庆,2.340860362064879,3
杨智麟,2.340860362064879,3
杜波,2.340860362064879,3
李凯,2.342639773794436,3
陆诗雷,2.3432115901797474,3
韩杰,2.346763599371257,3
陈丽英,2.346763599371257,3
凯文·麦克唐纳,2.351950832599384,3
刘娟,2.353743170753935,3
曹安俊,2.3543197699914518,3
余丹戈,2.3543197699914518,3
吉尔·考夫曼,2.363574377010446,3
赵宇,2.366254810686386,3
阿牛,2.366254810686386,3
尹博,2.3668150461638473,3
杨朗从,2.371585011499013,3
肖风,2.373849508088649,3
李平,2.377142266659079,3
张时霖,2.377870612780742,3
曾翠珊,2.3785977394533027,3
雷·昆特,2.381494132878298,3
安德鲁·韦特,2.381494132878298,3
约翰·布鲁诺,2.381494132878298,3
蒂洛·格拉夫·罗瑟科什,2.382557321908785,3
金镇雅,2.3825753196494857,3
金镇娥,2.3825753196494857,3
李唯劼,2.386159958727656,3
郑芬芬,2.3874076249281826,3
刘国昌,2.3877634436215565,3
张玮真,2.3878167912906054,3
黄正杰,2.3879412437066985,3
刘畅,2.3905995468029912,3
李佳怡,2.3905995468029912,3
史凤和,2.3911292604179017,3
郭爽,2.392186753287063,3
冯媛,2.392186753287063,3
塔韦华·温泰,2.393943539315574,3
李理,2.4031376866263803,3
王丹,2.4032749858116857,3
昂昂炫道,2.4065572112561724,3
杨超,2.408138165612535,3
江化霖,2.408138165612535,3
许斌,2.4129810527575426,3
杨竞泽,2.413819265173044,3
李德威,2.423606270721168,3
葛水英,2.4239172819911223,3
鲁坚,2.424946939162113,3
黄柏基,2.4265275267709137,3
李奥,2.4369732095192678,3
孙宏凯,2.4428088928462803,3
甘国亮,2.443216034165833,3
王放放,2.4511875250567075,3
王柯,2.4554691855576594,3
刘崇崇,2.45638121798532,3
王仁里,2.4572913391285067,3
徐杰,2.468952557265534,3
陈英雄,2.469203257834215,3
邓安东,2.47196610427306,3
林世勇,2.4762663012585135,3
蔡于位,2.4794457366434335,3
张鑫,2.4836015592792644,3
袁野,2.4840292109404563,3
李睿珺,2.4844564419054294,3
车径行,2.4850254302045673,3
晏菲,2.4878592432795767,3
宋占涛,2.4888467254737825,3
李明明,2.488973524726508,3
秦臻,2.492075591227207,3
伊卫军,2.496209838095884,3
李智,2.4997008258972104,3
卫捷,2.5009359434386376,3
罗伯特·雷德福,2.5040764881824256,3
毕国书,2.5040764881824256,3
金依萌,4.38422093680569,4
吴宇森,4.3917589550856295,4
谭国欣,4.394593678909981,4
埃里克森·科尔,4.3951535147045115,4
詹姆斯·曼高德,4.397571744576795,4
西蒙·j·史密斯,4.403494745773333,4
陈庆嘉,4.403615643527191,4
安格斯·麦克莱恩,4.405017654380173,4
袁和平,4.408657264263348,4
罗伯特·斯文克,4.418329304067986,4
尼尔·布洛姆坎普,4.420698367757696,4
邹佡,4.423421359002541,4
彭顺,4.4236835532629515,4
郑剑锋,4.437544620374335,4
徐静蕾,4.4526052979775965,4
杨龙澄,4.453124240447423,4
王子鸣,4.45332919727337,4
刘江,4.454035098751086,4
许安,4.454870916895724,4
王强,4.458884156314475,4
张秉君,4.458884156314475,4
林汇达,4.458884156314475,4
陈为强,4.458884156314475,4
林永长,4.458884156314475,4
叶天龙,4.458884156314475,4
蔡岳勋,4.464862874221961,4
罗伯特·斯托姆伯格,4.471655573660652,4
珍妮弗·李,4.474665045978702,4
克里斯·巴克,4.474665045978702,4
孙健君,4.477584399887823,4
林德禄,4.481503826745953,4
鲍勃·布朗,4.482290466264793,4
大卫·叶茨,4.485786849578479,4
袁锦麟,4.489028600423995,4
达伦·阿罗诺夫斯基,4.498134180633847,4
何塞·帕迪里亚,4.498134180633847,4
彭浩翔,4.498684437544794,4
李玉,4.501943664239508,4
蒂姆·肯德尔,4.5083035576336,4
洪金宝,4.511133187989698,4
叫兽易小星,4.511233571457374,4
周拓如,4.527119401587908,4
顾长卫,4.537421502210821,4
韦斯·波尔,4.541016168214553,4
史蒂文·斯皮尔伯格,4.5434125096962825,4
王家卫,4.546714249925236,4
黄斌,4.548403054888407,4
杨文军,4.548403054888407,4
陈玉珊,4.555573360035979,4
杨庆,4.568836386440168,4
西蒙·韦斯特,4.575657806736462,4
亚利桑德罗·冈萨雷斯·伊纳里图,4.576811216834618,4
何炅,4.5786416163424395,4
田羽生,4.581694965914282,4
詹姆斯·波宾,4.587752596938856,4
简耀宗,4.587831361243586,4
乔纳森·理贝斯曼,4.588488071684044,4
亚罗·切尼,4.589705367617092,4
陈国辉,4.592337560975198,4
戴夫·格林,4.594968023525818,4
陈凯歌,4.602889894652214,4
张之亮,4.603996529389147,4
迪恩·德布洛斯,4.6055658677906575,4
道格·里曼,4.608975178368438,4
鲍德熹,4.611858247502914,4
韩三平,4.61196948001078,4
黄建新,4.6135668930366265,4
斯科特·沃夫,4.614559874359476,4
林超贤,4.614731372425287,4
张艺谋,4.628854040215905,4
卡洛斯·沙尔丹哈,4.629855592308873,4
滕华涛,4.630320356033571,4
张玉中,4.636714613106851,4
岑俊义,4.6377699291591465,4
阿方索·卡隆,4.6390909617818625,4
凯尔·巴尔达,4.639239488762442,4
曹保平,4.643214143840257,4
保罗·格林格拉斯,4.646264592455462,4
刘镇伟,4.646596714000151,4
肖恩·利维,4.6476252857733975,4
宁海强,4.6560384704302615,4
派特里克·休斯,4.656381024475711,4
安迪·沃卓斯基,4.657599910589145,4
黄真真,4.664512043789606,4
埃里克·达尼尔,4.665666997196651,4
郭帆,4.666559629644897,4
加里斯·爱德华斯,4.682525120863712,4
史蒂夫·马蒂诺,4.684646204529319,4
马修·沃恩,4.685294767399967,4
苏有朋,4.685934307744071,4
韩延,4.708445631268937,4
姜文,4.711761773317642,4
唐·霍尔,4.721271409346219,4
钟少雄,4.722818211824039,4
八木龙一,4.724507786474214,4
弗朗西斯·劳伦斯,4.73272747535195,4
刘富源,4.73532985716905,4
吴京,4.735951700459943,4
詹妮弗·余,4.7436257701423346,4
巴里·索南菲尔德,4.7442871924909795,4
梁旋,4.752121541500362,4
张春,4.752121541500362,4
叶伟民,4.752627249371768,4
李安,4.758078898055938,4
山崎贵,4.760236058701562,4
陈木胜,4.760832908828783,4
马克·韦布,4.76759446755467,4
雷德利·斯科特,4.768399136558357,4
时尧,4.7697413751667215,4
詹姆斯·古恩,4.775654202882388,4
文伟鸿,4.7814919903127455,4
韩寒,4.798527105963641,4
蔡华,-0.4202164033831898,5
安泉,-0.38721614328026444,5
盛先庭,-0.38721614328026444,5
陈亚洲,-0.2924298239020636,5
王昶昊,-0.21467016498923294,5
罗英,-0.21467016498923294,5
赵国桦,-0.21467016498923294,5
陈双印,-0.21467016498923294,5
郭继政,-0.21467016498923294,5
于向远,-0.1549019599857432,5
唐永康,-0.09151498112135022,5
李思易,-0.06048074738138147,5
李昂,-0.040958607678906384,5
任飞,0.04532297878665747,5
刘小宁,0.08278537031645007,5
段青民,0.08278537031645007,5
周艺华,0.11727129565576426,5
王鹏程,0.11727129565576426,5
克里斯多夫·莫利斯,0.11727129565576426,5
刘兆东,0.14921911265537988,5
禾家,0.14921911265537988,5
裴军,0.16435285578443706,5
陈奕铭,0.17609125905568124,5
萧龙,0.20682587603184974,5
藏溪川,0.23299611039215382,5
郑斌辉,0.2576785748691845,5
郑大圣,0.2576785748691845,5
梅昕,0.2576785748691845,5
王漪钏,0.2576785748691845,5
黄海,0.2576785748691845,5
特瑞·琼斯,2.844856008516445,6
张峻程,2.846776133861564,6
火火,2.847270275067072,6
杨子,2.848324620369302,6
李红建,2.849486979110921,6
约翰·希尔寇特,2.8504072768627733,6
胡韵,2.8566745246667775,6
朱时茂,2.85902415234874,6
张训玮,2.8640599399797892,6
刘峰,2.865287607421912,6
高育新,2.865287607421912,6
小徐,2.8702341343650937,6
朴正宇,2.8714036210943426,6
赵小鸥,2.872453473296312,6
李作楠,2.875946321681952,6
方亚熙,2.8767430653913983,6
陈刚,2.8786998427154358,6
李克龙,2.8795603318919487,6
李桢凡,2.8810306852530214,6
张哲洙,2.881846669186459,6
李光浩,2.881846669186459,6
千丙哲,2.881846669186459,6
张哲秀,2.881846669186459,6
刘荣艳,2.8824163777619494,6
郭桂成,2.887892866125443,6
王卡劳,2.887892866125443,6
黄朝亮,2.8901470530032176,6
刘晨,2.890985179145098,6
田里,2.890985179145098,6
赵崇基,2.892155845029916,6
钱江汉,2.8931567674424983,6
傅燕,2.893878223888408,6
王早,2.8942662045887384,6
张勇谋,2.9041093817042123,6
彭晖,2.9041093817042123,6
雷建成,2.9051534048391017,6
吴建中,2.9051534048391017,6
黄精甫,2.9052074309733116,6
黑特尔·达利亚,2.912439946463724,6
黄健明,2.915352339901578,6
孙达,2.9191984223682756,6
李杨,2.919261190001174,6
李阳,2.919261190001174,6
咸旭初,2.91939715542625,6
王巍,2.920806593536635,6
梁杰,2.923249201111072,6
杜玉贞,2.9245945521207464,6
黄雷,2.926656219072205,6
安澜,2.928656965002813,6
邓衍成,2.9311068351900875,6
王鸣,2.9394243963390365,6
周伟,2.9404716586474877,6
吴宗强,2.941039116674959,6
霍辛·阿米尼,2.944487607286695,6
胡大为,2.944497477391509,6
唐丹,2.947213087390638,6
王莉,2.9476836388882326,6
胡明刚,2.9525066927097376,6
郑潇,2.9533778858643527,6
俞岛,2.954922371707811,6
黄军,2.957372599298449,6
曹义锡,2.961283427003573,6
金丙书,2.961283427003573,6
朱赵伟,2.9628852570046096,6
尚永峰,2.9668032343382174,6
宋胤熹,2.9686743695207785,6
钱人豪,2.9700259191247897,6
孙小光,2.970221312566254,6
阿甘,2.972716465104298,6
蒋国权,2.97400940770723,6
詹姆斯·麦克提格,2.9768129184793244,6
罗冬,2.980098860395518,6
王小列,2.981777847694567,6
杜云萍,2.993925362941636,6
尼基尔·阿德瓦尼,2.995771164511846,6
金泰均,2.997084807688541,6
叶伟英,2.999821902749988,6
朱嘉欣,3.0020407248664824,6
行定勋,3.002731788423945,6
杨仁贤,3.0037232697157275,6
宋奇,3.0071116554024457,6
杨广福,3.008604429530084,6
宋江波,3.009200105451731,6
郑丹瑞,3.0121240592059544,6
张林子,3.015112355086485,6
陆诗雨,3.0162140890081695,6
金成浩,3.0165779265789867,6
Pakphum Wonjinda ,3.0165779265789867,6
张江南,3.0179552359042248,6
雷献禾,3.020489728622178,6
邓科,3.0244897725425455,6
张力,3.025027171855725,6
胡学林,3.0252280130499183,6
宁瀛,3.026128606128098,6
刘辉,3.0267007399770303,6
姬雨,3.034351671127949,6
温德光,3.0385843997239994,6
蒋卓元,3.0389815924624735,6
于莉,3.04036891332774,6
江涛,3.043130330351467,6
tao jiang,3.043130330351467,6
林孝谦,3.0448571340473447,6
赵奔,3.0468111127504747,6
竹卿,3.0489115818674533,6
徐耿,3.050190218651284,6
韩承桓,3.052332199803277,6
王伟,3.0596807789293843,6
陈世杰,3.059907839250467,6
西瓦罗·孔萨库,3.059907839250467,6
梁君健,3.06205901204768,6
萧寒,3.06205901204768,6
郑崇炘,3.069153593521216,6
黄岳泰,3.075112449618513,6
邱处机,3.0763527602770564,6
核桃,3.0794019563168167,6
董亚春,3.082932503024779,6
花明,3.083470369042582,6
郑来志,3.0835420342075373,6
朴英均,3.0865413420711323,6
贾昆,3.0865413420711323,6
李一犁,3.0865413420711323,6
谷淞,3.0865413420711323,6
王鑫,3.0865413420711323,6
张婉婷,3.0878204457887106,6
杜潇傲,3.08927262905587,6
刘鸿,3.08927262905587,6
艾萨克·佛罗伦汀,3.0914559130550914,6
吕建民,3.095172839726837,6
约书亚·迈克尔·斯坦恩,3.10009816397272,6
沃尔特·希尔,3.1072812152421,6
王光利,3.111803364140176,6
郝杰,3.1133784021831663,6
任贤齐,3.1157469352545375,6
菲力浦·施托泽,3.1166774645698494,6
戴睿,3.117009313874152,6
孔令晨,3.1222847043970887,6
陈果,3.1300795514088953,6
刘宁,3.1307196365629517,6
赖俊羽,3.139031700705064,6
张艾嘉,3.1432365774900184,6
黄泰来,3.1436111549821595,6
徐昂,3.1451684263271558,6
海涛,3.153146908896057,6
刘韵文,3.1534520388394762,6
詹姆斯·瓦特金斯,3.154843760625724,6
林书宇,3.1574023645829628,6
S.S. Rajamouli ,3.1649028120784877,6
s·s·拉贾穆里,3.1649028120784877,6
王小帅,3.1766410172926665,6
晴朗,3.1846091057605643,6
张番番,3.1853409673075745,6
汤姆·摩尔,3.189860723705999,6
伊能静,3.191314053169262,6
曲全立,3.1925228508427295,6
高炳权,3.1925228508427295,6
尹志文,3.197941836490006,6
罗安得,3.1979803799979694,6
梁剑伟,0.3242824552976926,7
Yiheng Chen ,0.3242824552976926,7
弓子,0.3242824552976926,7
王海丰,0.34439227368511066,7
王崴,0.34439227368511066,7
何中华,0.3820170425748683,7
谢绍亮,0.3996737214810381,7
何亚妮,0.4166405073382809,7
邱爽,0.4166405073382809,7
谢毅航,0.42813479402878873,7
李彦廷,0.4329692908744057,7
云山,0.4329692908744057,7
占俊科,0.4329692908744057,7
李小果,0.4487063199050798,7
黄发,0.4487063199050798,7
陈真,0.4638929889859072,7
蒋惠岩,0.4927603890268375,7
杨振豪,0.4927603890268375,7
李春啸,0.506505032404872,7
张一墨,0.506505032404872,7
范思和,0.506505032404872,7
吴军,0.5327543789924977,7
柯威,0.545307116465824,7
童江南,0.545307116465824,7
薛芳民,0.545307116465824,7
刘香萍,0.5809249756756192,7
李佳,0.5809249756756192,7
郑正,0.5809249756756192,7
王子元,0.5921767573958667,7
甄人,0.5921767573958667,7
田玉奎,0.6138418218760691,7
秦瑞明,0.6541765418779605,7
松太加,0.6541765418779605,7
陈卓,0.6683859166900001,7
江流,0.6730209071288961,7
周晓鹏,0.6910814921229684,7
常晓阳,0.6998377258672457,7
朱江华,0.6998377258672457,7
王首越,0.6998377258672457,7
章明,0.7084209001347127,7
安兴伟,0.7084209001347127,7
王猛,0.7168377232995244,7
李曼华,0.7168377232995244,7
李宝生,0.7168377232995244,7
弗拉基米尔·缅绍夫,0.725094521081469,7
理查德·安德森,0.7331972651065694,7
沈好放,0.7331972651065694,7
滕文骥,0.7489628612561613,7
刘磊,0.7489628612561613,7
王为,0.7489628612561613,7
葛晓红,0.7489628612561613,7
彭磊,0.7641761323903306,7
赵起,0.7715874808812553,7
牛建荣,0.8000293592441342,7
吴钦,0.82020145948564,7
曹桂千,1.7412304110254708,8
罗越,1.7474894922586726,8
乔和平,1.7474894922586726,8
邢潇,1.7482655726687404,8
阿兰,1.7482655726687404,8
曹钟强,1.7657430414210442,8
王永强,1.766338475251287,8
郭廷波,1.7716609593488872,8
丛艺,1.7723950610819998,8
葛海涛,1.7738595523766867,8
唐昱,1.7767738024121067,8
丁小明,1.7774993195903648,8
林小鑫,1.781108835729466,8
许江华,1.781108835729466,8
郑宇哲,1.782759192623997,8
杨小朴,1.7874604745184148,8
方军,1.7874604745184148,8
郑晓佳,1.7874604745184148,8
张唯,1.787531316127234,8
蒋钦民,1.7886632131208573,8
蒋旭,1.8035253955765322,8
黄宏,1.819609732751585,8
卢国成,1.8231480598106937,8
王引,1.823734988398731,8
卜万苍,1.823734988398731,8
李霞,1.8261396179359148,8
袁祥仁,1.826787238816292,8
谢升皓,1.8306528137974245,8
贾斯汀·查德维克,1.8325727748461795,8
曹剑,1.836387419326411,8
刘存明,1.8470170979353542,8
于明亮,1.8470170979353542,8
梁董龙,1.8470170979353542,8
杨晓君,1.8470170979353542,8
杨健武,1.8478809974453752,8
齐为民,1.8492965408347262,8
康宁,1.8531504364478426,8
豪沃得·豪尔,1.8561849267271697,8
陈家霖,1.8609964367571958,8
彭际航,1.862191031051597,8
任鹏远,1.862191031051597,8
卫晓茼,1.868115205327217,8
张新亚,1.8716313045375537,8
陈晓雷,1.8716313045375537,8
霍猛,1.8727970399895983,8
苗述,1.873378736409141,8
闫然,1.87453979707101,8
何康,1.8820119616266584,8
周君,1.8871107031248835,8
郑立,1.8871107031248835,8
黄微,1.8910354153153106,8
翁靖廷,1.8982313845130965,8
侯季然,1.8998751960210105,8
吴飞跃,1.8998751960210105,8
秦晓宇,1.8998751960210105,8
康博,1.9031442704095385,8
游晓锦,1.907465106765856,8
张伟,1.912275210498812,8
金莹,1.912275210498812,8
黄瀛灏,1.912275210498812,8
曾剑锋,1.912275210498812,8
梁凯杰,1.9149246482051483,8
董春泽,1.919130413860614,8
丁乃筝,1.9227773419287977,8
闫旭升,1.9253120914996495,8
李保樟,1.9289588408808296,8
雷珺麟,1.9315087218666176,8
吴佳,1.9315087218666176,8
磐石,1.932524497050542,8
刘潘,1.9330314951024052,8
何振华,1.953324696389185,8
唐文湘,1.953324696389185,8
吕祖松,1.9576551669434912,8
陈童,1.9605183427807078,8
张秉坚,1.960993708942336,8
格兰·柴卡,1.9643067823039362,8
田芬,1.9652487509671208,8
海达,1.9657189702442208,8
刘全玮,1.9689496809813425,8
罗耀辉,1.9708580569965022,8
盛石头,1.9759370424831106,8
陈之月,1.9782261816745257,8
曹霁,1.9859202201235673,8
滕俊杰,1.9930833606980618,8
叶田,1.9939209588012867,8
刘一君,2.001344230411601,8
赵艺然,2.004794110388712,8
何涛,2.0078757437675847,8
段国云,2.0094933882875394,8
许树宁,2.0142264293892294,8
张加贝,2.0179093958966887,8
査传谊,2.021644036087443,8
马里奥,2.0228818133320305,8
张长征,2.0290183295464814,8
谭晓明,2.0302352960122447,8
夏伟,2.031610414723481,8
贺梦凡,2.0418267626375437,8
孟文龙,2.0441868507673635,8
管霄超,2.0441868507673635,8
汤华宝,2.0441868507673635,8
刘沛,2.0441868507673635,8
依平,2.044774874256442,8
徐捷,2.0500315623684013,8
林家威,2.0531168749229303,8
周智勇,2.0554165598404883,8
汪子琦,2.0561804233421404,8
孙亮,2.0682229793464493,8
朱家麟,2.070074826267528,8
吴治邦,2.07448730498569,8
蔡尚君,2.0745970445900395,8
香允豪,2.0745970445900395,8
赵翀,2.0792174357465667,8
赵非,2.0807346863531433,8
吴林,2.093421685162235,8
颜廷录,2.099369826389838,8
赵晔,2.10383791602561,8
陶生,2.1045212526183286,8
鸿水,2.1048625181410774,8
康康,2.1082605049764735,8
安战军,2.1111616595775877,8
马克·斯蒂文·约翰逊,2.114644338902279,8
臧溪川,2.1245368283012773,8
李庆城,2.1261638888058387,8
钱国伟,2.126423653737338,8
游松,2.128108349103107,8
谢鸣晓,2.1322917159668027,8
罗尼·德尔卡门,3.9878007324188043,9
彼特·道格特,3.9878007324188043,9
沈东,3.990118098938949,9
保罗·金,3.9993963456295547,9
杜琪峯,4.001799025095667,9
克里斯·哥伦布,4.00417127975581,9
陆锦明,4.004213431740816,9
卓韵芝,4.005039300927585,9
宋迪,4.008319492784212,9
巴塔萨·科马库,4.009591530045072,9
刁亦男,4.011126619121033,9
山下宏幸,4.013768482920182,9
阿里尔·弗罗门,4.015116968924409,9
八锹新之介,4.015305674833504,9
钟继昌,4.017946901717275,9
赵林山,4.025576600343912,9
塞德里克·萨科,4.026578611814698,9
静野孔文,4.034570306195148,9
史蒂文·奎里,4.043032403387424,9
孙周,4.048364493805819,9
金容华,4.052482705734002,9
大卫·索伦,4.052901999533135,9
林爱华,4.058984098589229,9
陈德森,4.075244309636882,9
卢恒宇,4.078526053140327,9
李姝洁,4.078526053140327,9
周杰伦,4.078631153379631,9
王岳伦,4.0837093263368365,9
罗伯·明可夫,4.0849446464476795,9
尼尔·博格,4.085859391844527,9
许鞍华,4.086644520610805,9
严敏,4.0985852391958035,9
任静,4.0985852391958035,9
瓦利·菲斯特,4.099912226091365,9
布莱特·拉特纳,4.104530470310784,9
叶凯,4.104763919952996,9
卡米勒·德拉马雷,4.108737827729532,9
莱恩·约翰逊,4.1117852347259625,9
陆可,4.113759907668634,9
何澄,4.1143811008989735,9
黄伟明,4.118843509810132,9
高群书,4.1209205703947696,9
田壮壮,4.126855493645838,9
十庆,4.126855493645838,9
张天辉,4.130125900804687,9
邓尼·戈登,4.137091619432419,9
拉加·高斯内尔,4.13978183131328,9
何子力,4.143139134399766,9
赵崇邦,4.1437967632486465,9
谢立文,4.147019904648762,9
王全安,4.152276722262539,9
大卫·阿耶,4.156885493281263,9
约瑟夫·科金斯基,4.171732595147934,9
林岭东,4.172728706625455,9
赵真奎,4.181592367371299,9
赵珍奎,4.181592367371299,9
罗永昌,4.191456883269591,9
邹凯光,4.193948141361407,9
金波·兰道,4.195980141570649,9
佐米·希尔拉,4.201517289815324,9
道格拉斯·马金农,4.207766547266271,9
山姆·雷米,4.215423667656727,9
彭发,4.217449988954325,9
傅华阳,4.218621095331624,9
陈辉衍,4.224272200411368,9
黄晓雪,4.224272200411368,9
于胜军,4.228833666925221,9
拉娜·沃卓斯基,4.23095470754574,9
汤姆·提克威,4.23095470754574,9
曾国祥,4.234386165504004,9
蒂姆·约翰逊,4.2358971881347065,9
郭在容,4.237729932142378,9
谢尔盖·波德罗夫,4.237835431768045,9
加里·罗斯,4.2421718226145195,9
程小东,4.24309040903588,9
鲁伯特·瓦耶特,4.251562546861962,9
布瑞克·埃斯纳尔,4.254859970749981,9
姚婷婷,4.255007263213935,9
非行,4.258122480019336,9
尚敬,4.2692908368666584,9
霍耀良,4.273121931260967,9
张琦,4.2749317281866155,9
安兵基,4.280274166668067,9
文章,4.2833579999485085,9
吴基桓,4.285215364417613,9
格恩迪·塔塔科夫斯基,4.28800114619323,9
潘安子,4.302592811984314,9
约翰·摩尔,4.3037576841415355,9
保罗·安德森,4.318439212815034,9
肖央,4.319892908397096,9
徐远翔,4.319892908397096,9
汤姆·麦克格雷斯,4.321958019046879,9
康拉德·弗农,4.321958019046879,9
丹·斯坎隆,4.32220295668181,9
申太罗,4.329257702690554,9
王云飞,4.329784402299937,9
m·奈特·沙马兰,4.331603610606593,9
安尚勋,4.332925202862977,9
彭三源,4.334759459226513,9
谷德昭,4.337183621476119,9
王章俊,4.355165216708734,9
周显扬,4.366245280433127,9
亚历克斯·普罗亚斯,4.371825091813149,9
尔冬升,4.373773480160127,9
罗志良,4.373965177231364,9
陈明新,-0.9586073148417749,10
罗世平,-0.9586073148417749,10
张若以,-0.9586073148417749,10
梅新,-0.9586073148417749,10
罗斌,-0.9586073148417749,10
洪智育,-0.9586073148417749,10
崔轶,-0.9586073148417749,10
伍家伟,-0.9586073148417749,10
王繁钦,-0.9586073148417749,10
葛宁,-0.9208187539523751,10
吴志国,-0.6777807052660807,10
刘一炜,-0.6575773191777937,10
佩顿·里德,4.827203860667251,11
赵天宇,4.838137713132274,11
吉尔莫·德尔·托罗,4.842177913340632,11
肯尼思·布拉纳,4.842257356002462,11
林妍,4.843131264698166,11
让·克·阿诺,4.844917522124354,11
马特·里夫斯,4.850800630357297,11
陈嘉上,4.8526546522466605,11
克里斯·雷纳德,4.852941064695133,11
赵薇,4.856838265664045,11
费格尔·雷利,4.868930778526162,11
克雷·卡提斯,4.868930778526162,11
克莱·凯蒂,4.868930778526162,11
丁晟,4.876312312466269,11
沙恩·布莱克,4.877872223540542,11
皮艾尔·柯芬,4.880657618270213,11
安德鲁·斯坦顿,4.884893819294527,11
布拉德·伯德,4.897514160043448,11
张一白,4.906578900266331,11
杜琪峰,4.912037827697798,11
罗兰·艾默里奇,4.912373262496064,11
陆川,4.916042516331668,11
丁亮,4.91977141566133,11
陈正道,4.938967548022488,11
盖伦t·楚,4.939597518410467,11
麦克·特米尔,4.939597518410467,11
秦小珍,4.943283549905331,11
麦兆辉,4.94605163522351,11
庄文强,4.94605163522351,11
山姆·菲尔,4.948972932535237,11
雷尼·哈林,4.961187366513838,11
萨姆·门德斯,4.96293686274363,11
谢涤葵,4.963938907220256,11
成龙,4.964420539262252,11
叶伟信,4.966882968700078,11
田晓鹏,4.980617361731588,11
克里斯托夫·迈考利,4.985314225668243,11
张敏,4.989771014481822,11
朱浩伟,4.989839928970357,11
乔恩·费儒,4.9909259986439505,11
吕寅荣,5.0007641633253925,11
亚力山德罗·卡罗尼,5.0007641633253925,11
扎克·施奈德,5.005873500144552,11
布拉德·佩顿,5.006790379735316,11
林诣彬,5.0095561420892425,11
陈可辛,5.027835908340985,11
艾伦·泰勒,5.028446029331076,11
冯小刚,5.035472605137105,11
克里斯托弗·诺兰,5.039082461284373,11
梁乐民,5.057242669595273,11
陆剑青,5.057242669595273,11
董成鹏,5.064512310079011,11
陈思诚,5.066957746121763,11
j·j·艾布拉姆斯,5.071362051785072,11
刘伟强,5.082610037883373,11
管虎,5.087239169332066,11
薛晓路,5.116091829185261,11
邓超,5.118689584345786,11
俞白眉,5.118689584345786,11
郭子健,5.1222958794193865,11
科林·特莱沃若,5.152489877540033,11
闫非,5.15880111906142,11
彭大魔,5.15880111906142,11
邓肯·琼斯,5.167893972545167,11
里奇·摩尔,5.1847774580205215,11
拜恩·霍华德,5.1847774580205215,11
杰拉德·布什,5.1847774580205215,11
彼得·杰克逊,5.188954653080009,11
宁浩,5.198570741728009,11
布莱恩·辛格,5.198603236597615,11
李仁港,5.241623819963309,11
郭敬明,5.269807627436012,11
安东尼·罗素,5.272147734289184,11
乔·罗素,5.272147734289184,11
乔斯·韦登,5.3081056972701735,11
徐克,5.3202546799664825,11
乌尔善,5.374680282883424,11
温子仁,5.3849889044943025,11
许诚毅,5.387304400756595,11
郑保瑞,5.448203437326635,11
徐峥,5.459596935027395,11
王晶,5.468642653629631,11
迈克尔·贝,5.469014095535725,11
周星驰,5.668757340548863,11
王静儿,0.8639173769578604,12
成宝钢,0.8698182079793282,12
李艳秋,0.8756399370041683,12
李亚威,0.8756399370041683,12
胡艺川,0.8926510338773003,12
田刚磊,0.8926510338773003,12
汪小平,0.9063350418050906,12
宋方,0.940018155007663,12
王鼎,0.9449759084120478,12
李红翔,0.9449759084120478,12
陈雨田,0.9449759084120478,12
张忠,0.9449759084120478,12
克里斯蒂安·库尔特·魏斯,0.9498777040368748,12
原野,0.9547247909790628,12
盛林,0.9642596301968488,12
冯小宁,0.9642596301968488,12
李得胜,0.9827233876685453,12
得胜与鲍勃,0.9827233876685453,12
得胜,0.9827233876685453,12
鲍勃,0.9827233876685453,12
梅生,0.9827233876685453,12
王生唯,0.9827233876685453,12
非可,0.9960736544852752,12
周看,0.9960736544852752,12
曹利民,0.9960736544852752,12
尹哲,1.004751155591001,12
肖立波,1.004751155591001,12
谢亮宏,1.004751155591001,12
麦丽斯,1.0068937079479003,12
詹文冠,1.00902574208691,12
于荣光,1.0132586652835165,12
董振业,1.0216027160282422,12
方义华,1.0216027160282422,12
高根荣,1.0216027160282422,12
毕然,1.0257153839013404,12
孟卫国,1.0338256939533101,12
杨守信,1.0382226383687183,12
纪明,1.049605612594973,12
钟萱,1.0648322197385738,12
戎川,1.068556895072363,12
邓勇星,1.068556895072363,12
杨瑾,1.068556895072363,12
金杨,1.068556895072363,12
王好为,1.0722498976135146,12
康与江,1.0870712059065353,12
黎涛,1.0972573096934197,12
胡涵清,1.1007150865730815,12
胡明凯,1.1007150865730815,12
吴琴,1.1075491297446862,12
何瑞博,1.1215598441875008,12
覃杰,1.1370374547895126,12
黄河,1.1370374547895126,12
祝新运,1.140193678578631,12
张继龙,1.140193678578631,12
梁明,1.1464381352857744,12
李济德,1.1495270137543476,12
杜奇泉,1.1556396337597763,12
祁子轩,1.1556396337597763,12
高志森,1.1586639808139894,12
仁杰,1.1849751906982608,12
罗慧敏,1.1849751906982608,12
徐鸿钧,1.1934029030624174,12
李东,1.2043913319192998,12
张侨勇,1.2229764498933913,12
王俊,1.2250506961380487,12
陈星海,1.2250506961380487,12
王超,1.2276296495710086,12
潘明光,1.2307043136125688,12
任海曜,1.2332500095411003,12
张坤一,1.250175948083925,12
侯克明,1.250907699700856,12
刘坤,1.250907699700856,12
邓原,1.2530955858490314,12
杨小欣,1.2579184503140584,12
唐旭,1.2674064187529042,12
李升,1.2743887955503788,12
王魏,1.2776092143040911,12
冬至,1.2776092143040911,12
王鹤钧,1.2812606870550127,12
肖旭琳,1.290257269394518,12
李萍萍,1.294686624279443,12
丑丑,1.3025473724874854,12
倾海,1.3034120705967418,12
陶盟喜,1.3077099234048069,12
石易矗,1.3161800988934524,12
孔玟燕,3.203641995784828,13
马德林,3.204976868361307,13
周琦,3.2133742965946723,13
哈磊,3.2170915859539346,13
谭轶心,3.2183858132459426,13
王维明,3.2222767530045004,13
傅红星,3.2268859041171134,13
威廉·布伦特·贝尔,3.2276065071525424,13
王凯,3.229197885927266,13
程中豪,3.229197885927266,13
李炼,3.2331002269971414,13
肖飞,3.239276950298548,13
征长张,3.239276950298548,13
刘芳,3.2460083688504304,13
李海蜀,3.2481989427014817,13
尼尔森·申,3.24966543146697,13
昆汀·塔伦蒂诺,3.2525884917766654,13
大卫·斯托滕,3.25447798497576,13
傅东育,3.2545746608212274,13
潘源良,3.2587186753853365,13
梁普智,3.259858961267223,13
viktor lakisov,3.2727487287918993,13
维克托·拉基索夫,3.2727487287918993,13
维克多·拉基索夫,3.2727487287918993,13
赵文杰,3.273697900461112,13
佟亦坚,3.27751982523844,13
李晓雨,3.27994285235531,13
陈建斌,3.2803757433948535,13
刘浩,3.2823524358264624,13
于人,3.2823524358264624,13
周耀武,3.287817400066969,13
李婷婷,3.2884482129799464,13
娄烨,3.2954153452531436,13
曹大伟,3.298593294993215,13
尼玛·诺里扎德,3.299661987195718,13
朗·霍华德,3.3017047990595687,13
盛志民,3.3020298925058547,13
马丁·斯科塞斯,3.3030210079527578,13
王熠,3.3040184931073364,13
约翰·卡尼,3.306877316081669,13
谢宋奇,3.3077975860179767,13
巴巴克·纳加非,3.3151324192815244,13
青阳,3.316203165587973,13
胡陞忠,3.317605832093066,13
大卫·o·拉塞尔,3.3187122037603527,13
金丰起,3.319149798997359,13
刘名峰,3.3200652379518076,13
刘浩良,3.32052223483246,13
加贝·伊班内兹,3.3251275804880374,13
王菁,3.325199473855778,13
方磊,3.3397713299275558,13
赵海城,3.339820980946355,13
苗月,3.3425628168842625,13
曾宪林,3.343237205704999,13
菲利普·穆伊尔,3.34329237247454,13
忻钰坤,3.3450814883365556,13
关信辉,3.346667821610334,13
严嘉,3.354110360800149,13
大卫·凯普,3.357879604276718,13
帕翠西娅·里根,3.3706444498251034,13
杨采妮,3.37097729780995,13
黎志,3.3733736554609313,13
刘炜,3.3770165033327584,13
尹力,3.378708519365278,13
周彬,3.3832928216015565,13
陈慧翎,3.3836915205584415,13
林育贤,3.384290676189478,13
尼克·鲍威尔,3.3879785724782328,13
马楚成,3.3882007011822344,13
张荣吉,3.3885345689664046,13
罗卓瑶,3.390230130765538,13
托比·格恩柯尔,3.3920159663369813,13
Sean McCormack ,3.3920159663369813,13
韩兆,3.3947685301401207,13
梁婷,3.3956251408214677,13
王竞,3.404440279679318,13
刘宝贤,3.405911275630962,13
钟澍佳,3.4059283311330106,13
王孟圆,3.4106608437272152,13
石井辉仪,3.413619917267239,13
奥利维埃·达昂,3.4196931108303623,13
马克·a·z·迪普,3.4219344570849426,13
山本泰一郎,3.426096287542577,13
王冰,3.427098056927195,13
金汉珉,3.427309174334475,13
李继贤,3.43711768037881,13
鲍积明,3.439541105166856,13
华原,3.439541105166856,13
基努·里维斯,3.440391081657419,13
安德烈·康查洛夫斯基,3.4408540049973344,13
杨树鹏,3.441853745887886,13
易立,3.4436399948364333,13
刘杰,3.4492175899226036,13
乔·赖特,3.454663485145696,13
冯志强,3.459966643471182,13
李景浩,3.4610495938973296,13
徐正超,3.465190946082071,13
程耳,3.4654096222009523,13
陈国星,3.469880899373535,13
罗杰·唐纳森,3.470764662601721,13
哈罗德·兹瓦特,3.472904113580005,13
谢东燊,3.4774410672048566,13
彼得·特拉维斯,3.478077097594156,13
宁敬武,3.4791201925832738,13
戚家基,3.480784238053527,13
马志宇,3.4812433519882404,13
尼古拉·列别捷夫,3.4867718290757233,13
付杰,3.4936754923440385,13
艾略特·莱斯特,3.499075066004078,13
范建会,3.5003201960961166,13
马里奥·安德鲁西奥,3.5067214492434866,13
贾樟柯,3.5080594837928967,13
斯蒂文·奈特,3.5112026558219305,13
加里·弗莱德,3.5125523271402006,13
刘奋斗,3.519376407709135,13
戴思杰,3.5208253314162077,13
加里·麦肯德莱,3.5252858707884247,13
袁杰,3.526921823451062,13
赵根植,3.533849558676431,13
张扬,3.537845529585043,13
詹姆斯·马瑟,3.540432091333823,13
斯蒂芬·圣·莱杰,3.540432091333823,13
埃里克·斯泰尔斯,3.5417052708966352,13
邱浩强,3.5431873955411888,13
王颖,3.5439675245667255,13
汪涛,3.5450236808724864,13
阿方索·普亚特,3.5488327004783637,13
维克·阿姆斯特朗,3.5489922205002955,13
韩焱,3.55332949447658,13
彼得·列佩尼奥提斯,3.5608280739413645,13
吴中天,3.561019050792395,13
安吉丽娜·朱莉,3.5661675210926287,13
连奕琦,3.5709641879598024,13
黄百鸣,3.5727566266784265,13
陈奕利,3.573406592751692,13
陈飞宏,3.573406592751692,13
土井裕泰,3.574934817798145,13
佐藤敬一,3.5782964519228027,13
陈勋奇,3.57971273226225,13
多米尼克·塞纳,3.5817847338966025,13
陈诚,3.583007097819098,13
乔·卡纳汉,3.5842882451828157,13
霍建起,3.588457713156068,13
金英卓,2.50635618324543,14
卓立,2.50882588086869,14
张鹏,2.514826567855199,14
周勇,2.5186586805830777,14
徐浩峰,2.521281952621674,14
余治林,2.522457275186833,14
丁小洋,2.522718026587241,14
吴耀权,2.522939542252115,14
佟秀玄,2.52310886038063,14
高峰,2.529571502801578,14
项海明,2.5323848805038462,14
吉桥,2.5323848805038462,14
李明,2.532894451395551,14
威尔·古勒,2.53846062155673,14
张帆,2.5385863000163122,14
刘天荣,2.5442045154573942,14
向飞,2.546924970411396,14
车悦,2.5524370174640643,14
廉涛,2.556555765353406,14
王琨皓,2.556555765353406,14
朴裕焕,2.557158182475331,14
姜军,2.5666849165210195,14
程力栋,2.5705546143078304,14
熊欣欣,2.5758918475105985,14
陈晓曦,2.5776181634439657,14
宋豪辉,2.58241565791445,14
陆强,2.5862608986236784,14
王良,2.588058710228409,14
许传海,2.5902509350911567,14
林大雄,2.593629378457009,14
杨劲松,2.5938507257678847,14
黄嘉韵,2.5938507257678847,14
陈石,2.5938507257678847,14
董龙,2.5938507257678847,14
周格泰,2.596278129409967,14
张少军,2.597157468592015,14
邓特希,2.598144601640786,14
皮埃尔·莫瑞尔,2.6001121619954786,14
孔凡羽,2.6007006960652372,14
乔方,2.601418934071117,14
伍宗德,2.6027217859226455,14
辛成江,2.6084297507292638,14
刘观伟,2.6084297507292638,14
来喜,2.609284850770526,14
皮建鑫,2.609871756925297,14
王冀邢,2.611021924445161,14
Jixing Wang ,2.611021924445161,14
蔡志忠,2.6134295219754753,14
筱原哲雄,2.6155397493089474,14
赵成熙,2.6164860166510935,14
彭鹏华,2.617849217563845,14
阎善春,2.6181631956587115,14
钱运达,2.6181631956587115,14
杜家毅,2.6185814803284524,14
崔健,2.6234663833701304,14
王文杰,2.6286034696183105,14
黄明升,2.629644014068779,14
郑义,2.635694810891918,14
张常青,2.635694810891918,14
谷立红,2.635694810891918,14
亢宝晶,2.637399659105414,14
彭飞,2.637699821179223,14
常光希,2.637699821179223,14
莱昂·朱森,2.643758548951467,14
张自立,2.6450388991768645,14
战越,2.646119331998656,14
翁朝晖,2.652546084509984,14
张明,2.652546084509984,14
王坪,2.6537044354851558,14
梁德森,2.6572566915239872,14
赵世磊,2.6575721076127414,14
张恒,2.6641905259500858,14
亨里克·鲁本·甘茨,2.6736750831542975,14
崔磊,2.675145680252782,14
江平,2.6764924161111527,14
喻瀚湫,2.677397053831513,14
胡崇曦,2.677707303295998,14
刘宇军,2.6785274836507975,14
江澄,2.680616489912953,14
罗守耀,2.691620708430543,14
陶声,2.6949647687031626,14
王玮,2.6949647687031626,14
王骏,2.696889099378061,14
李锐,2.696889099378061,14
刘可,2.696889099378061,14
潘礼平,2.696889099378061,14
杜林,2.696889099378061,14
李远,2.6972642244497806,14
文谦,2.698718040459925,14
郭啸,2.698978690138799,14
鲍强,2.698978690138799,14
潘培成,2.698978690138799,14
李梅,2.6990742225059954,14
章国庆,2.7017492630049116,14
吴兵,2.702266783451331,14
宋阳,2.7026975799016686,14
武洪武,2.7059577422475964,14
过华,2.7063848947742644,14
韩晶,2.7139187462117738,14
汤继业,2.7154266855894797,14
摩撒利,2.71817771557743,14
张夷非,2.7204983343493465,14
张杨,2.7208618782551275,14
毛呆,2.7273053401544067,14
朱少宇,2.7278501956273367,14
杨亚洲,2.728199519203664,14
曲江涛,2.729253908147363,14
戴维,2.731193772452004,14
蔡明钦,2.736484149198827,14
岳松,2.741159480712783,14
解航,2.7416321307914346,14
麦子,2.7417108558182797,14
尹丽川,2.745488580141146,14
黄修平,2.74757492902158,14
李在容,2.74757492902158,14
李爽,2.7488157490850256,14
菲利达·劳埃德,2.7488157490850256,14
埃兰·克里维,2.7534375037252254,14
何钜宇,2.756871825857871,14
马系海,2.756871825857871,14
伏羲,2.7642583490361767,14
肖淮海,2.7658249619964503,14
卓建荣,2.766568986577362,14
夏咏,2.7667176386579846,14
李丰博,2.7674898103369294,14
王钧,2.769458564043928,14
王松,2.7743052411868603,14
李锦航,2.7799642593942555,14
陈天星,2.781259780925414,14
张洋,2.7833389152409436,14
钱升玮,2.7849095764196155,14
高翊浚,2.7859772341666695,14
黎东泰,2.792328642174754,14
胡安·何塞·坎帕内利亚,2.7936577021232183,14
张建亚,2.793888124861094,14
胡耀辉,2.8024384710494723,14
李坚,2.804487001515023,14
裘仲维,2.804487001515023,14
李彧,2.804691324111664,14
李惠民,2.8074132461878185,14
毕赣,2.808555300130964,14
范立欣,2.814853320329935,14
吴子云,2.8158499271419286,14
藤井树,2.8158499271419286,14
侯亮,2.8186942565975075,14
张也弛,2.821192437947777,14
午马,2.824977959570987,14
德克斯特·弗莱彻,2.8264052593127977,14
邢博,2.8272464640970356,14
朱晓兵,2.8282795612836895,14
黄贻青,2.8282795612836895,14
孙渤涵,2.8375947506094312,14
