0,0,0,0,0,0,0,0,0,1,0,0,1220000,171089.14,5122291.13,284871.06,22336.51,500,22336.51
0,0,0,0,0,0,0,0,0,0,1,0,1560000,166534.45,5122291.13,284871.06,49864.21,500,49864.21
0,0,1,0,0,0,0,0,0,0,0,0,808000,168603.89,5122291.13,1319.32,1319.32,500,659.66
0,0,1,0,0,0,0,0,0,0,0,0,808000,168603.89,5122291.13,1319.32,1319.32,500,659.66
0,0,0,0,0,1,0,0,0,0,0,0,1980000,457025.31,5122291.13,284871.06,136415.19,69994.74,69994.74
0,0,0,0,0,0,0,0,0,0,1,0,135000,214593.78,5122291.13,95222.4200001,33158.24,500,19235.33
0,0,0,0,0,1,0,0,0,0,0,0,1720000,443236.29,5122291.13,284871.06,64834.55,48450.97,48450.97
1,0,0,0,0,0,0,0,0,0,0,0,346000,65070.42,5122291.13,95222.4200001,5992.35,500,5992.35
1,0,0,0,0,0,0,0,0,0,0,0,1510000,433870.83,1275068.31,360585.2,76299.17,500,76299.17
0,0,0,0,0,0,0,1,0,0,0,0,1020000,328314.25,514888.98,641223.31,31308.43,500,31308.43
0,0,0,1,0,0,0,0,0,0,0,0,241000,209187.7,157347.6,159645.08,2255.32,500,2255.32
0,0,0,0,0,0,0,0,1,0,0,0,12500000,11457.57,157347.6,30085.2999999,5484.87999999,30085.2999999,776.26
0,0,1,0,0,0,0,0,0,0,0,0,620000,26522.68,5122291.13,4900.75,2918.67,500,2918.67
0,0,0,0,0,0,0,0,0,0,0,1,1810000,117031.09,157347.6,98789.19,23604.01,500,23604.01
0,0,0,0,0,0,1,0,0,0,0,0,4940000,226092.79,5122291.13,500,294.83,500,294.83
0,0,0,0,0,1,0,0,0,0,0,0,4170000,268874.3,5122291.13,82290.98,1644.58,500,1644.58
0,0,0,0,0,0,0,1,0,0,0,0,5330000,5989.2,5989.2,5989.2,5989.2,5989.2,5989.2
0,0,0,0,0,1,0,0,0,0,0,0,100000000,231609.679999,44055.16,241.69,241.69,500,241.69
0,0,0,0,0,0,0,1,0,0,0,0,6650000,3056.76,3056.76,3056.76,3056.76,3056.76,3056.76
0,0,0,0,0,0,0,0,0,0,1,0,674000,68485.4300001,5122291.13,500,16340.12,500,6060.21
1,0,0,0,0,0,0,0,0,0,0,0,545000,481840.54,157347.6,212276.04,15959.6,500,15959.6
0,0,1,0,0,0,0,0,0,0,0,0,1240000,93913.66,614076.33,146367.15,22843.4,500,22843.4
0,0,0,1,0,0,0,0,0,0,0,0,1420000,248112.79,157347.6,5481.74,1982.08,1982.08,1982.08
0,0,0,0,0,0,1,0,0,0,0,0,881000,1461.84,5122291.13,1461.84,1461.84,1461.84,730.92
0,0,0,0,0,0,1,0,0,0,0,0,479000,248112.79,128538.93,500,1264.88,500,1264.88
0,0,1,0,0,0,0,0,0,0,0,0,1050000,10173.96,51004.91,4231.85,4231.85,500,4231.85
0,0,0,0,0,0,0,0,1,0,0,0,10800000,82965.73,124900.55,88819.77,10100.85,11661.07,10100.85
0,0,0,0,0,1,0,0,0,0,0,0,207000,118399.32,5122291.13,20392.99,4804.77,500,4804.77
0,0,0,0,0,0,0,0,0,0,0,1,934000,219563.13,3613.34,500,1968.76,500,1968.76
0,0,0,0,0,0,1,0,0,0,0,0,14700000,531973.07,5122291.13,667437.060002,83158.11,80646.4,80646.4
0,0,0,0,0,0,1,0,0,0,0,0,3040000,323839.12,5122291.13,500,3429.41,500,3429.41
0,0,1,0,0,0,0,0,0,0,0,0,492000,52180.16,1275068.31,37983.3399999,2315.95,500,2315.95
0,0,0,0,1,0,0,0,0,0,0,0,539000,61688.76,167502.19,159645.08,22441.37,11824.55,11824.55
0,0,0,0,0,1,0,0,0,0,0,0,2350000,268874.3,1275068.31,159645.08,89748.43,99778.26,60404.29
0,0,0,0,0,0,0,1,0,0,0,0,1840000,288080.04,1275068.31,67630.17,40077.74,40077.74,40077.74
0,0,0,1,0,0,0,0,0,0,0,0,534000,60699.3,5122291.13,852912.820001,1621.23,1621.23,1621.23
0,0,0,0,1,0,0,0,0,0,0,0,77700,132345.29,1275068.31,159645.08,9054.52,41145.91,9054.52
0,0,0,0,0,0,0,0,0,0,0,1,17600000,147026.2,5122291.13,500,738.13,500,738.13
0,0,0,0,0,0,0,0,1,0,0,0,2550000,255290.46,167502.19,813.98,813.98,813.98,813.98
1,0,0,0,0,0,0,0,0,0,0,0,345000,64160.7399999,1275068.31,161607.54,3499.66,500,3499.66
0,0,0,0,0,1,0,0,0,0,0,0,85900,105338.69,5122291.13,146367.15,22441.37,500,10616.82
0,0,0,1,0,0,0,0,0,0,0,0,1160000,133005.77,5122291.13,87939.42,32091.39,41145.91,32091.39
0,0,1,0,0,0,0,0,0,0,0,0,499000,148959.03,124900.55,500,2953.88,500,2953.88
0,0,0,0,0,0,0,1,0,0,0,0,2780000,82810.9399998,41989.69,259266.48,70060.97,4784.07,4784.07
0,0,0,0,0,0,0,0,1,0,0,0,1050000,120057.15,5122291.13,500,61567.04,500,36519.86
0,0,0,0,0,0,0,0,0,0,1,0,9300000,127273.31,18817.42,852912.820001,12511.17,500,10093.24
0,0,0,0,0,0,0,1,0,0,0,0,1870000,13605.17,1507.74,1507.74,1507.74,1507.74,1507.74
0,0,0,0,0,0,0,1,0,0,0,0,1250000,168603.89,1275068.31,641223.31,42705.19,77533.52,42705.19
0,0,0,0,0,1,0,0,0,0,0,0,1970000,248112.79,5122291.13,641223.31,111733.85,500,111733.85
0,0,0,1,0,0,0,0,0,0,0,0,499000,175468.12,5122291.13,641223.31,10566.71,45395.04,10566.71
0,0,0,0,0,1,0,0,0,0,0,0,88700000,246037.02,5122291.13,852912.820001,138775.14,138775.14,138775.14
0,0,0,0,0,0,0,1,0,0,0,0,4280000,138084.81,5122291.13,641223.31,58364.31,33317.13,33317.13
0,0,0,0,0,0,0,0,1,0,0,0,1770000,9416.46,5122291.13,13150.24,19566.78,9416.46,9416.46
0,0,0,0,0,0,0,0,1,0,0,0,1180000,87212.34,673164.4,240770.14,9848.75,500,9848.75
0,0,0,0,0,0,0,0,1,0,0,0,5470000,323839.12,5122291.13,213.53,213.53,213.53,213.53
0,0,0,1,0,0,0,0,0,0,0,0,2320000,438618.78,1275068.31,259266.48,71545.56,71545.56,71545.56
0,0,0,0,0,0,1,0,0,0,0,0,1670000,328314.25,1275068.31,88222.06,28532.78,30085.2999999,28532.78
0,0,0,0,0,1,0,0,0,0,0,0,1170000,101018.98,5122291.13,467102.58,91638.95,500,32560.88
0,0,1,0,0,0,0,0,0,0,0,0,495000,226092.79,5122291.13,467102.58,136415.19,500,5099.26
0,0,0,0,0,0,0,0,0,0,0,1,2290000,386229.06,85254.99,416626.56,11059.01,500,11059.01
0,0,0,0,0,0,0,0,0,0,0,1,3610000,81150.16,59151.48,286122.859999,7601.71,500,1164.17
1,0,0,0,0,0,0,0,0,0,0,0,230000,353314.89,59151.48,186664.31,12358.88,500,12358.88
0,0,0,0,0,1,0,0,0,0,0,0,420000,109145.34,59151.48,128.65,128.65,500,128.65
1,0,0,0,0,0,0,0,0,0,0,0,1150000,180.87,59151.48,227565.64,180.87,500,180.87
0,0,0,0,0,0,0,0,0,0,1,0,974000,187261.04,59151.48,286122.859999,7601.71,500,3995.44
0,0,0,0,1,0,0,0,0,0,0,0,1590000,500,59151.48,1789.86,839.0,9485.49,839
0,0,0,0,0,0,0,1,0,0,0,0,1060000,227530.0,59151.48,118977.63,413.51,500,413.51
0,0,0,0,0,1,0,0,0,0,0,0,3960000,99021.5499999,17264.96,273753.6,341.24,500,341.24
0,0,0,0,0,1,0,0,0,0,0,0,1970000,8.23,2148.13,8.23,8.23,500,8.23
0,0,0,0,0,0,1,0,0,0,0,0,360000,105870.7,409866.97,207.01,207.01,500,207.01
0,0,0,0,0,0,0,0,0,0,1,0,899000,443236.29,511109.670001,479410.6,16959.26,500,16959.26
0,0,0,0,0,0,0,1,0,0,0,0,439000,443236.29,511109.670001,479410.6,10022.88,500,10022.88
0,0,0,1,0,0,0,0,0,0,0,0,2060000,272053.19,688887.6,479410.6,98301.41,131130.48,68422.61
0,0,1,0,0,0,0,0,0,0,0,0,1600000,272053.19,409866.97,667437.060002,98301.41,500,29878.8
0,0,0,1,0,0,0,0,0,0,0,0,1510000,383000.910001,688887.6,479410.6,31777.27,500,31777.27
0,0,0,0,0,0,1,0,0,0,0,0,10800000,531973.07,688887.6,647020.320001,156536.11,500,156536.11
0,0,0,0,0,0,1,0,0,0,0,0,1800000,473420.27,1275068.31,479410.6,83046.45,131130.48,62707.87
0,0,0,0,0,0,0,0,0,1,0,0,361000,5488.05,82806.28,70089.8500001,3616.4,500,3616.4
0,0,0,0,0,0,1,0,0,0,0,0,1650000,169700.78,50130.2,65067.38,14897.85,500,1606.7
0,0,0,0,1,0,0,0,0,0,0,0,1210000,248112.79,157347.6,3513.45,3513.45,3513.45,3513.45
0,0,0,0,0,0,0,1,0,0,0,0,1210000,2454.4,313627.78,2454.4,2454.4,2454.4,1227.2
0,0,0,0,0,0,0,0,0,0,1,0,77500000,161315.5,46802.09,129928.89,40858.27,500,1471.82
0,0,0,0,0,0,0,1,0,0,0,0,10700000,690591.33,5122291.13,329295.98,40858.27,500,39362.42
0,0,0,0,0,1,0,0,0,0,0,0,907000,68894.72,6092.57,13777.99,417.43,500,417.43
0,0,0,0,0,0,0,0,1,0,0,0,182000,103701.24,1701.19,93275.64,444.29,500,444.29
1,0,0,0,0,0,0,0,0,0,0,0,141000,104204.84,197927.43,93275.64,72.01,500,72.01
0,0,0,0,1,0,0,0,0,0,0,0,288000,22620.86,197927.43,52578.4,154.49,500,154.49
0,0,0,0,1,0,0,0,0,0,0,0,206000,500,197927.43,214951.2,1923.76,500,1923.76
0,0,1,0,0,0,0,0,0,0,0,0,377000,108405.0,197927.43,512359.2,1727.51,500,1727.51
0,0,0,0,0,0,0,0,1,0,0,0,14300000,16309.63,197927.43,136436.34,14897.85,500,923.65
1,0,0,0,0,0,0,0,0,0,0,0,2230000,473420.27,468306.679999,279662.81,241691.96,500,88716.04
0,0,0,0,0,0,1,0,0,0,0,0,704000,165281.71,100269.68,647020.320001,3729.74,3729.74,1864.87
0,0,0,0,0,0,1,0,0,0,0,0,704000,165281.71,100269.68,647020.320001,3729.74,3729.74,1864.87
0,0,0,0,0,0,0,0,0,0,0,1,765000,109145.34,468306.679999,416626.56,252.59,500,252.59
0,0,0,0,0,0,0,0,0,0,0,1,15500000,446032.96,1064444.57,992679.180001,48497.36,500,48497.36
0,0,0,0,0,0,0,0,0,0,1,0,71400,675.37,65530.27,116673.08,233.32,500,233.32
0,0,0,0,0,0,1,0,0,0,0,0,498000,568.37,65530.27,568.37,568.37,500,568.37
0,0,0,0,0,0,0,0,0,1,0,0,9400000,383000.910001,614076.33,596748.849999,8146.24,500,8146.24
0,0,0,0,0,0,0,1,0,0,0,0,4240000,394393.21,6992.48000001,1086.01,729.78,500,567.94
0,0,0,0,0,0,0,0,0,0,0,1,2020000,18703.54,42.98,42.98,42.98,500,42.98
0,0,0,0,0,0,0,1,0,0,0,0,2150000,256.28,5295.8,596.87,216.43,500,216.43
0,0,1,0,0,0,0,0,0,0,0,0,727000,531973.07,168896.81,667437.060002,1493.24,500,1493.24
0,0,0,0,1,0,0,0,0,0,0,0,9510000,527.04,1.14,1.14,3691.99,500,1.14
0,0,0,0,0,0,1,0,0,0,0,0,479000,423.0,131.63,131.63,131.63,500,131.63
0,0,0,1,0,0,0,0,0,0,0,0,165000,500,4566.01,31689.15,4782.13,500,610.75
0,0,0,1,0,0,0,0,0,0,0,0,47300,500,4566.01,31689.15,4782.13,500,506.25
0,0,0,0,0,0,0,0,0,0,0,1,1610000,690591.33,394760.84,989134.63,114173.08,500,64119.72
1,0,0,0,0,0,0,0,0,0,0,0,687000,10988.42,394760.84,989134.63,821.49,500,821.49
0,0,0,0,0,0,1,0,0,0,0,0,463000,71713.4499998,394760.84,70089.8500001,17994.03,500,5549.85
1,0,0,0,0,0,0,0,0,0,0,0,731000,5488.05,845989.139999,1871.65,6312.34,500,1871.65
1,0,0,0,0,0,0,0,0,0,0,0,7690000,367074.019999,845989.139999,164687.58,86521.04,500,64351.73
0,0,0,0,0,1,0,0,0,0,0,0,802000,446032.96,845989.139999,43858.17,24596.81,500,24596.81
0,0,0,0,0,1,0,0,0,0,0,0,1440000,690591.33,845989.139999,50053.36,114173.08,500,50053.36
0,0,0,0,0,1,0,0,0,0,0,0,1290000,247635.859999,845989.139999,989134.63,31693.53,500,31693.53
0,0,0,0,0,0,0,1,0,0,0,0,1130000,500,845989.139999,989134.63,8138.46,500,2478.89
1,0,0,0,0,0,0,0,0,0,0,0,295000,140544.86,845989.139999,196022.61,177.31,500,177.31
0,0,0,0,0,0,1,0,0,0,0,0,583000,13337.81,845989.139999,72930.38,17994.03,500,6542.49
0,0,0,0,0,0,0,0,0,1,0,0,5810000,138830.21,845989.139999,66746.44,20956.9,500,20956.9
0,0,0,0,0,0,0,1,0,0,0,0,1430000,146549.29,845989.139999,989134.63,10168.57,500,3213.59
0,0,0,0,0,0,0,1,0,0,0,0,648000,114234.92,845989.139999,71280.66,16873.16,1105.09,1105.09
0,0,0,1,0,0,0,0,0,0,0,0,1570000,431262.52,845989.139999,233012.16,56280.02,500,56280.02
0,0,0,0,0,0,0,0,0,0,0,1,131000,41085.91,845989.139999,20064.48,291.37,500,291.37
0,0,0,0,0,0,1,0,0,0,0,0,15200000,224621.810001,845989.139999,989134.63,51042.92,51042.92,51042.92
0,0,0,0,0,0,0,0,1,0,0,0,22600000,431262.52,845989.139999,989134.63,150295.15,500,150295.15
0,0,0,0,0,0,0,1,0,0,0,0,225000,116419.87,845989.139999,989134.63,6610.54,500,6610.54
0,1,0,0,0,0,0,0,0,0,0,0,21000000,321107.250001,845989.139999,989134.63,92395.25,500,15226.89
0,0,0,1,0,0,0,0,0,0,0,0,5420000,337189.55,845989.139999,989134.63,17582.25,17582.25,17582.25
0,0,0,0,1,0,0,0,0,0,0,0,6800000,2739.91,2792.84,3.51,3.51,500,3.51
0,0,1,0,0,0,0,0,0,0,0,0,798000,500,2792.84,2734.61,2734.61,500,2734.61
0,0,0,0,0,0,0,0,0,1,0,0,151000,4003.68,2792.84,54.72,54.72,500,54.72
0,1,0,0,0,0,0,0,0,0,0,0,86300,69.78,69.78,69.78,69.78,500,69.78
0,1,0,0,0,0,0,0,0,0,0,0,736000,127.61,120.32,120.32,120.32,500,120.32
0,0,0,0,0,0,0,0,0,1,0,0,6350000,80018.91,3746.68,6799.30000002,240.28,500,240.28
0,0,0,0,0,0,0,0,0,1,0,0,43800000,740.48,3746.68,137315.39,352.23,500,352.23
0,0,0,0,0,0,0,0,0,0,1,0,163000,22620.86,3746.68,236.93,889.929999999,500,187.67
0,0,0,1,0,0,0,0,0,0,0,0,4080000,677.919999999,1.1,1.1,1.1,500,1.1
0,0,0,0,0,0,0,1,0,0,0,0,52500,30.1,30.1,30.1,30.1,500,30.1
1,0,0,0,0,0,0,0,0,0,0,0,14200000,215745.74,14436.32,15137.08,47844.04,500,752.16
0,0,0,0,0,0,0,1,0,0,0,0,171000,367074.019999,14436.32,15137.08,823.91,500,71.75
0,0,0,0,1,0,0,0,0,0,0,0,616000,54682.86,1959.86,4366.16,1959.86,500,1959.86
0,0,0,1,0,0,0,0,0,0,0,0,13500000,49692.96,386.57,159768.71,386.57,47151.16,386.57
0,0,0,0,0,0,0,1,0,0,0,0,3020000,6946.55,9.14,9.14,9.14,500,9.14
0,0,0,0,0,0,0,0,0,1,0,0,131000,1145.47,89890.6500002,895.01,895.01,500,345.97
0,0,0,0,0,1,0,0,0,0,0,0,107000,49716.26,63.66,22.79,22.79,500,22.79
0,0,0,0,1,0,0,0,0,0,0,0,500000,185850.61,63.66,6203.43,40.87,500,40.87
1,0,0,0,0,0,0,0,0,0,0,0,3850000,500,934.14,70089.8500001,934.14,500,934.14
1,0,0,0,0,0,0,0,0,0,0,0,397000,224621.810001,38731.89,77594.16,12970.74,500,425.8
0,0,0,0,0,0,0,0,1,0,0,0,239000,1325.11,38731.89,109.91,109.91,500,109.91
0,0,0,0,0,0,1,0,0,0,0,0,3470000,13456.98,38731.89,544.08,18.18,500,18.18
0,0,0,1,0,0,0,0,0,0,0,0,548000,51721.3,38731.89,360585.2,834.74,500,678.38
0,0,0,0,0,1,0,0,0,0,0,0,596000,3101.43,38731.89,383.38,741.710000001,500,383.38
0,0,0,0,0,1,0,0,0,0,0,0,2380000,1516.46,38731.89,865.01,509.14,509.14,509.14
0,0,0,0,0,0,0,1,0,0,0,0,1160000,1015.65,38731.89,1015.65,1015.65,936.27,468.44
0,0,0,0,0,0,0,1,0,0,0,0,1160000,1015.65,38731.89,1015.65,1015.65,936.27,467.83
0,0,0,0,1,0,0,0,0,0,0,0,1570000,39497.69,38731.89,360.09,18.18,500,7.54
0,0,0,0,1,0,0,0,0,0,0,0,4470000,387.17,38731.89,865.01,355.87,355.87,355.87
0,0,0,0,0,0,0,0,0,0,0,1,115000,21.51,17264.96,21.51,21.51,500,21.51
0,0,0,0,0,0,0,0,0,0,1,0,230000,5073.78,17264.96,55.37,55.37,500,55.37
0,0,0,0,0,0,0,0,0,1,0,0,354000,4195.51,17264.96,5168.89,5168.89,500,1007.32
0,0,0,0,0,0,1,0,0,0,0,0,844000,423.34,17264.96,423.34,423.34,423.34,423.34
0,0,0,0,0,0,0,0,0,0,1,0,151000,362.8,17264.96,308.08,308.08,500,308.08
0,0,0,0,0,1,0,0,0,0,0,0,330000,5776.84,17264.96,810.92,810.92,500,810.92
0,0,1,0,0,0,0,0,0,0,0,0,994000,28760.44,17264.96,583.32,583.32,500,583.32
0,0,0,0,0,0,0,1,0,0,0,0,1140000,5073.78,17264.96,2837.54,700.85,700.85,700.85
0,0,0,0,0,0,0,1,0,0,0,0,212000,27861.64,17264.96,2837.54,1129.37,500,1129.37
1,0,0,0,0,0,0,0,0,0,0,0,949000,2314.96,17264.96,41.46,41.46,500,41.46
1,0,0,0,0,0,0,0,0,0,0,0,377000,238022.37,17264.96,62229.5199999,223.8,500,223.8
0,0,0,0,0,0,0,0,0,0,1,0,4050000,154200.19,17264.96,1891.65,1649.07,500,1649.07
0,0,0,1,0,0,0,0,0,0,0,0,501000,9544.92999999,17264.96,846.21,846.21,500,846.21
0,0,0,1,0,0,0,0,0,0,0,0,1740000,500,17264.96,62.55,62.55,500,62.55
0,0,0,0,0,0,1,0,0,0,0,0,1440000,1039.45,231.91,303.5,231.91,500,231.91
0,0,0,0,1,0,0,0,0,0,0,0,139000,7627.30999998,1022.82,1.58,1.58,500,1.58
0,0,0,0,0,0,0,1,0,0,0,0,162000,126398.77,1022.82,47.86,47.86,500,47.86
0,0,0,0,0,0,0,0,0,0,0,1,369000,900.03,216.12,4782.13,4782.13,500,216.12
0,0,0,0,0,0,0,0,1,0,0,0,178000,29076.08,73.87,18.9,17.1,500,17.1
0,0,0,0,1,0,0,0,0,0,0,0,587000,1445.39,73.87,39.25,39.25,500,39.25
0,0,1,0,0,0,0,0,0,0,0,0,9510000,27726.62,73.87,53.13,11.19,500,11.19
0,0,0,0,0,0,0,0,0,0,1,0,8790000,24.71,73.87,6.33,6.33,500,6.33
0,0,0,0,0,0,1,0,0,0,0,0,16200,91326.19,63.99,63.99,63.99,500,63.99
0,0,0,1,0,0,0,0,0,0,0,0,12300,18769.63,46121.17,14697.8,4289.22999999,500,128.24
0,0,0,1,0,0,0,0,0,0,0,0,31700,304.73,46121.17,22.32,22.32,500,22.32
0,0,0,0,0,0,0,0,1,0,0,0,1910000,114557.09,46121.17,1084.77,681.38,500,681.38
0,0,0,1,0,0,0,0,0,0,0,0,223000,109145.34,46121.17,734.77,734.77,500,734.77
0,0,0,0,0,0,0,0,0,0,0,1,226000,104207.6,46121.17,6799.30000002,851.0,500,851
0,0,0,0,0,0,0,0,1,0,0,0,6130000,295392.52,46121.17,212276.04,214.34,500,214.34
0,0,0,0,0,0,0,0,0,0,1,0,528000,61020.82,46121.17,6611.34,403.39,500,403.39
0,0,0,0,1,0,0,0,0,0,0,0,9500000,45002.51,240743.020001,73868.91,4810.52,4810.52,4810.52
0,0,0,0,0,0,1,0,0,0,0,0,1070000,500,240743.020001,186664.31,1638.37,1638.37,819.63
0,0,0,0,0,0,1,0,0,0,0,0,1070000,500,240743.020001,186664.31,1638.37,1638.37,818.74
0,0,0,0,0,1,0,0,0,0,0,0,522000,103609.85,240743.020001,416626.56,80.48,500,80.48
0,0,0,0,0,0,0,0,1,0,0,0,2070000,367074.019999,240743.020001,667437.060002,117996.18,500,95255.53
0,0,0,0,0,0,0,0,0,1,0,0,5760000,6234.96,240743.020001,72522.05,735.34,500,735.34
0,0,0,0,1,0,0,0,0,0,0,0,649000,139509.78,240743.020001,1941.64,2105.15,1134.38,1134.38
0,0,0,0,0,0,1,0,0,0,0,0,1080000,93592.41,1275068.31,52578.4,1088.56,500,1088.56
0,0,0,1,0,0,0,0,0,0,0,0,354000,337189.55,845989.139999,186664.31,36260.05,500,36260.05
0,0,0,0,0,0,0,1,0,0,0,0,643000,5947.36,240743.020001,186664.31,17962.75,500,5947.36
0,1,0,0,0,0,0,0,0,0,0,0,2160000,446032.96,678529.8,512359.2,12282.5,500,5306.06
1,0,0,0,0,0,0,0,0,0,0,0,1240000,39497.69,240743.020001,1412.61,1181.15,500,798.21
0,0,0,0,1,0,0,0,0,0,0,0,1230000,7791.54,240743.020001,6368.94,127643.63,500,469.86
0,0,0,0,0,0,0,0,1,0,0,0,1600000,329571.61,605583.67,647020.320001,63717.49,500,17997.27
0,0,0,1,0,0,0,0,0,0,0,0,754000,346114.02,240743.020001,259329.44,2073.61,500,2073.61
0,0,0,0,0,0,1,0,0,0,0,0,1620000,71713.4499998,678529.8,512359.2,57461.53,500,57461.53
0,0,0,0,0,0,0,1,0,0,0,0,3,148489.18,1123.99,88222.06,355.29,15470.88,84.9
0,0,0,0,0,1,0,0,0,0,0,0,1280000,93377.1400002,3994.19,7512.69,895.01,500,549.04
0,0,0,0,0,1,0,0,0,0,0,0,14400000,504.61,3994.19,3016.63,490.05,500,490.05
0,0,0,0,1,0,0,0,0,0,0,0,1080000,290596.46,43.64,9489.97999998,43.64,500,43.64
0,0,0,0,0,0,1,0,0,0,0,0,71000,1083.89,230.0,70089.8500001,230.0,500,230
1,0,0,0,0,0,0,0,0,0,0,0,95600,18282.51,316.22,261209.41,13.19,500,13.19
0,0,0,1,0,0,0,0,0,0,0,0,1070000,86979.41,316.22,214.57,3230.44,214.57,214.57
1,0,0,0,0,0,0,0,0,0,0,0,311000,72.36,316.22,72.36,72.36,500,72.36
0,0,0,1,0,0,0,0,0,0,0,0,6080000,418097.76,511109.670001,647020.320001,14556.55,500,14556.55
1,0,0,0,0,0,0,0,0,0,0,0,1530000,180555.57,511109.670001,360790.69,66702.2000001,500,27827.61
0,0,1,0,0,0,0,0,0,0,0,0,450000,236648.6,511109.670001,360585.2,1764.3,500,882.15
0,0,1,0,0,0,0,0,0,0,0,0,450000,236648.6,511109.670001,360585.2,1764.3,500,882.15
0,0,0,0,0,0,0,0,0,0,1,0,525000,295364.91,511109.670001,172970.68,2273.5,500,2273.5
0,0,0,0,0,0,1,0,0,0,0,0,1080000,531973.07,511109.670001,479410.6,11501.93,500,11501.93
0,0,0,1,0,0,0,0,0,0,0,0,324000,56793.87,5078.31,11799.03,78836.02,500,192.93
0,0,0,0,0,1,0,0,0,0,0,0,751000,87681.61,5078.31,47.24,47.24,500,47.24
0,0,0,0,0,0,0,0,0,0,1,0,18900000,65877.96,5078.31,11799.03,735.83,500,735.83
0,0,1,0,0,0,0,0,0,0,0,0,947000,446032.96,5007.33999999,196022.61,2067.78,500,2067.78
0,0,0,0,0,1,0,0,0,0,0,0,790000,431262.52,5007.33999999,37162.39,2526.58,500,2526.58
0,0,0,0,0,0,1,0,0,0,0,0,1030000,126398.77,1275068.31,392403.13,412.98,13393.0,412.98
0,0,0,0,0,0,1,0,0,0,0,0,865000,7627.30999998,24.93,8458.53,24.93,500,24.93
0,0,0,0,0,0,0,1,0,0,0,0,2570000,70419.3800001,38.52,38.52,38.52,38.52,38.52
0,0,0,1,0,0,0,0,0,0,0,0,284000,7143.04,9356.62,186664.31,3409.26,500,3409.26
0,0,0,0,0,0,0,0,0,0,0,1,793000,7060.53,2588.89,27297.27,2588.89,500,2588.89
0,0,0,0,0,0,0,0,0,1,0,0,82100,25994.39,49.26,236.93,49.26,500,49.26
0,0,0,0,0,0,0,0,1,0,0,0,4530000,104204.84,83.86,83.86,83.86,83.86,83.86
0,0,0,0,1,0,0,0,0,0,0,0,5670000,527.04,7548.16,552.84,552.84,500,525.9
0,0,0,0,0,1,0,0,0,0,0,0,966000,36889.82,7548.16,629.77,629.77,500,629.77
0,0,0,0,0,0,0,1,0,0,0,0,446000,494.1,251.86,262.51,262.51,500,251.86
0,0,0,0,0,0,0,0,1,0,0,0,825000,10.65,14.21,262.51,262.51,500,10.65
0,0,0,0,0,0,0,1,0,0,0,0,720000,512.7,14.21,3.56,3.56,3.56,3.56
0,0,0,0,1,0,0,0,0,0,0,0,4180000,1325.83,233.05,610.07,233.05,500,233.05
0,1,0,0,0,0,0,0,0,0,0,0,434000,36106.43,374.44,29206.03,202.99,500,202.99
0,0,0,0,0,0,1,0,0,0,0,0,3590000,102482.87,41.26,41.26,18.64,500,18.64
0,0,0,1,0,0,0,0,0,0,0,0,144000,87681.61,136.2,987.2,136.2,500,136.2
0,0,0,0,0,0,0,1,0,0,0,0,594000,12674.23,1156.82,360.09,310.61,500,310.61
0,0,0,0,0,0,0,0,0,0,0,1,676000,705.3,106.04,1291.89,1291.89,500,2.65
0,0,0,1,0,0,0,0,0,0,0,0,757000,103.39,106.04,103.39,620.43,500,103.39
0,0,0,0,0,0,0,0,0,0,1,0,87100000,56761.7000001,211472.53,329295.98,36.32,500,36.32
1,0,0,0,0,0,0,0,0,0,0,0,14300000,39497.69,7548.16,55.34,55.34,500,55.34
0,0,0,0,0,1,0,0,0,0,0,0,438000,295364.91,34467.34,209794.81,500,500,271.8
0,0,0,0,0,0,1,0,0,0,0,0,1300000,1325.11,1275068.31,360585.2,1215.2,1215.2,607.6
0,0,0,0,0,0,1,0,0,0,0,0,1300000,1325.11,1275068.31,360585.2,1215.2,1215.2,607.6
0,0,0,0,0,1,0,0,0,0,0,0,222000,192090.31,308.47,308.47,308.47,500,308.47
1,0,0,0,0,0,0,0,0,0,0,0,231000,383000.910001,11610.03,1418.13,28403.53,500,108.1
0,0,0,0,0,0,0,0,1,0,0,0,2060000,18044.05,46.78,46.78,46.78,500,23.49
0,0,0,0,0,0,0,0,1,0,0,0,2060000,18044.05,46.78,46.78,46.78,500,23.29
0,0,0,0,0,0,0,0,1,0,0,0,1810000,38675.29,24.54,12176.07,24.54,500,24.54
0,1,0,0,0,0,0,0,0,0,0,0,134000,180555.57,18202.88,72930.38,1074.23,500,631.55
0,1,0,0,0,0,0,0,0,0,0,0,361000,154200.19,678529.8,580.62,274.65,500,274.65
0,0,0,0,0,0,1,0,0,0,0,0,364000,98533.74,678529.8,512359.2,2903.45,500,2081.57
0,0,0,0,0,1,0,0,0,0,0,0,13600000,92055.6999999,83.72,48.15,48.15,500,48.15
0,1,0,0,0,0,0,0,0,0,0,0,321000,424141.44,378063.6,647020.320001,27715.43,500,27715.43
0,0,0,0,0,1,0,0,0,0,0,0,1520000,3671.31,78837.0100002,14583.69,11629.8,500,3171.2
0,1,0,0,0,0,0,0,0,0,0,0,409000,13578.08,78837.0100002,1133.6,1133.6,500,1133.6
0,1,0,0,0,0,0,0,0,0,0,0,239000,380442.1,78837.0100002,667437.060002,57747.1599999,500,2939.64
0,0,0,0,0,0,0,0,0,0,0,1,53600000,394393.21,845989.139999,989134.63,57747.1599999,500,50078.6
0,0,0,0,0,0,0,0,0,0,0,1,52700,247635.859999,614076.33,852912.820001,21513.97,500,16553.81
0,0,0,0,0,0,1,0,0,0,0,0,805000,247635.859999,614076.33,852912.820001,21513.97,500,4960.16
0,0,0,0,0,0,1,0,0,0,0,0,433000,103878.35,8832.6,16.1,300.55,16.1,8.05
0,0,0,0,0,0,1,0,0,0,0,0,433000,103878.35,8832.6,16.1,300.55,16.1,8.05
1,0,0,0,0,0,0,0,0,0,0,0,318000,154200.19,184712.88,1941.64,300.55,500,47.38
0,0,0,0,0,0,0,1,0,0,0,0,1060000,433870.83,184712.88,667437.060002,38305.8200001,500,13334.85
0,0,0,0,0,0,0,1,0,0,0,0,406000,67941.03,5122291.13,667437.060002,1192.31,500,1192.31
1,0,0,0,0,0,0,0,0,0,0,0,309000,12278.22,91984.6600002,57208.08,11929.07,500,5667.68
0,0,0,0,0,0,0,0,1,0,0,0,1320000,270595.27,26966.01,150628.55,3101.82,500,668.94
0,0,1,0,0,0,0,0,0,0,0,0,1320000,270595.27,26966.01,150628.55,3101.82,500,668.94
0,0,0,0,0,0,0,0,1,0,0,0,1320000,270595.27,26966.01,150628.55,3101.82,500,881.97
0,0,1,0,0,0,0,0,0,0,0,0,1320000,270595.27,26966.01,150628.55,3101.82,500,881.97
0,0,1,0,0,0,0,0,0,0,0,0,80700000,4845.66,17.29,631.69,631.69,500,17.29
0,0,0,0,0,0,0,0,0,1,0,0,5190000,266190.52,511109.670001,667437.060002,17820.74,500,14569.56
0,0,0,0,0,0,0,0,0,0,0,1,3440000,160300.2,1064444.57,596748.849999,5616.69,500,5616.69
0,1,0,0,0,0,0,0,0,0,0,0,342000,2111.7,8832.6,2111.7,422.75,500,422.75
0,0,0,1,0,0,0,0,0,0,0,0,207000,34615.42,3994.19,429.15,137.78,500,137.78
0,0,0,0,0,0,0,0,0,0,1,0,42700,12989.46,118.89,118.89,118.89,500,118.89
0,0,0,0,0,0,1,0,0,0,0,0,71100,87790.21,511109.670001,61957.85,12413.58,500,7593
0,0,0,0,0,0,1,0,0,0,0,0,45700,136774.21,511109.670001,212276.04,12413.58,500,4820.58
0,0,1,0,0,0,0,0,0,0,0,0,55700,138084.81,5300.81,3975.36,40836.5499999,500,2878.33
0,0,1,0,0,0,0,0,0,0,0,0,1360000,236648.6,1734.59,554.35,515.81,500,515.81
0,0,1,0,0,0,0,0,0,0,0,0,289000,19586.55,1734.59,512359.2,325.19,500,325.19
0,0,0,0,0,0,0,0,0,1,0,0,666000,1280.0,1734.59,1273.63,1280.0,500,58.43
0,0,0,0,0,1,0,0,0,0,0,0,136000,5170.42,1734.59,1086.01,192.88,500,192.88
0,0,0,0,0,0,0,0,1,0,0,0,7000000,44913.83,2020.24,53.92,53.92,500,53.92
0,0,0,0,0,0,0,1,0,0,0,0,252000,40845.57,3994.19,1966.32,1966.32,500,1966.32
1,0,0,0,0,0,0,0,0,0,0,0,3150000,383317.83,1275068.31,329295.98,7771.45,500,7771.45
0,1,0,0,0,0,0,0,0,0,0,0,1590000,473420.27,678529.8,593399.380001,241691.96,500,103033.15
0,0,0,0,1,0,0,0,0,0,0,0,99700,9649.48,911.49,30.2,30.2,500,30.2
1,0,0,0,0,0,0,0,0,0,0,0,965000,2611.5,911.49,4.51,4.51,500,4.51
0,1,0,0,0,0,0,0,0,0,0,0,344000,531.34,911.49,512.08,512.08,500,512.08
0,0,0,0,0,0,0,0,1,0,0,0,301000,38675.29,911.49,303.5,71.59,500,71.59
0,0,0,1,0,0,0,0,0,0,0,0,234000,655.99,911.49,328.13,275.55,500,275.55
0,0,0,0,0,0,1,0,0,0,0,0,613000,18769.63,911.49,17.56,17.56,500,17.56
0,0,0,0,0,0,0,0,0,0,0,1,83400,53461.2,863.07,31689.15,300.55,500,237.07
0,0,0,0,0,0,1,0,0,0,0,0,795000,1333.7,863.07,45.5,45.5,500,45.5
0,0,0,0,0,0,0,1,0,0,0,0,187000,368.97,863.07,350.79,350.79,500,350.79
0,0,0,1,0,0,0,0,0,0,0,0,87100000,196005.7,3746.68,157473.39,7119.18,500,164.2
0,1,0,0,0,0,0,0,0,0,0,0,111000,28037.28,863.07,65.51,65.51,500,65.51
0,0,0,0,0,1,0,0,0,0,0,0,1410000,154200.19,161678.8,161678.8,8050.53,500,8050.53
0,0,0,0,0,0,0,0,1,0,0,0,1080000,145856.41,57116.92,84365.2600002,2632.13,500,2632.13
0,0,0,0,0,0,0,1,0,0,0,0,834000,315656.92,57116.92,39487.04,6866.39,500,6765.48
0,0,1,0,0,0,0,0,0,0,0,0,347000,531973.07,21645.78,155039.08,4885.20999999,500,1059.79
0,0,0,0,0,0,0,0,1,0,0,0,22300000,84871.68,468306.679999,992679.180001,23422.58,500,19773.11
0,0,0,0,0,0,0,0,0,0,1,0,1830000,94.27,94.27,94.27,94.27,500,94.27
0,0,0,0,0,1,0,0,0,0,0,0,996000,117169.76,82806.28,1587.15,183.66,500,183.66
0,0,1,0,0,0,0,0,0,0,0,0,1360000,238225.22,513037.13,148506.14,92395.25,500,77168.36
0,0,0,0,0,0,0,0,1,0,0,0,1140000,363423.64,28663.76,212276.04,14683.67,500,14683.67
0,1,0,0,0,0,0,0,0,0,0,0,926000,9957.45,1275068.31,123567.8,9957.45,500,9957.45
0,0,0,0,0,0,0,1,0,0,0,0,45800,40840.2,5.96,150628.55,1882.11,500,5.96
1,0,0,0,0,0,0,0,0,0,0,0,15800,1627.7,6.14,500,6.14,500,6.14
0,0,0,1,0,0,0,0,0,0,0,0,716000,70311.18,647.08,19.42,19.42,500,19.42
0,0,0,0,0,0,0,0,0,0,0,1,73300000,187261.04,279261.18,192527.55,2580.68,500,2562.12
1,0,0,0,0,0,0,0,0,0,0,0,983000,304165.36,279261.18,14107.32,7083.64,500,3472.2
0,0,0,1,0,0,0,0,0,0,0,0,212000,97858.72,184712.88,625.35,71.47,500,71.47
0,0,0,0,0,0,0,0,1,0,0,0,225000,68894.72,184712.88,31689.15,889.929999999,500,686.79
0,0,0,0,0,0,0,0,0,1,0,0,856000,244467.1,184712.88,159768.71,869.390000001,500,282.41
0,0,0,0,0,0,1,0,0,0,0,0,958000,2659.82,184712.88,159768.71,3452.18,500,1693.35
0,0,0,1,0,0,0,0,0,0,0,0,277000,94907.3499999,184712.88,159768.71,776.1,500,776.1
0,0,0,0,0,0,0,1,0,0,0,0,2100000,431262.52,184712.88,360585.2,15041.0,500,15041
1,0,0,0,0,0,0,0,0,0,0,0,3400000,133058.7,184712.88,159768.71,38305.8200001,500,6343.64
0,0,0,1,0,0,0,0,0,0,0,0,25200000,222477.24,184712.88,82781.18,46287.33,500,46287.33
0,0,0,0,0,1,0,0,0,0,0,0,1420000,2164.63,184712.88,2693.95,3691.99,500,2138.8
0,0,0,0,0,0,0,0,0,1,0,0,1060000,187261.04,184712.88,159768.71,5718.08,500,4965.92
0,0,0,0,0,0,0,0,0,0,0,1,73400000,251529.45,184712.88,667437.060002,3128.93,500,3128.93
0,0,0,1,0,0,0,0,0,0,0,0,1180000,327817.49,678529.8,512359.2,7996.43,68485.27,7996.43
0,0,0,0,0,0,0,1,0,0,0,0,3210000,231609.679999,678529.8,227565.64,35429.3799999,500,13728.25
0,0,0,0,0,0,1,0,0,0,0,0,4610000,116425.89,184712.88,159768.71,974.58,500,487.29
0,0,0,0,0,0,1,0,0,0,0,0,4610000,116425.89,184712.88,159768.71,974.58,500,487.29
0,0,0,0,0,0,0,1,0,0,0,0,1120000,133058.7,184712.88,227565.64,21865.78,500,4119.97
1,0,0,0,0,0,0,0,0,0,0,0,87600,82.41,82.41,82.41,82.41,500,82.41
0,0,0,1,0,0,0,0,0,0,0,0,1130000,3510.15,5122291.13,123567.8,3510.15,500,3510.15
0,0,0,0,0,0,0,0,0,1,0,0,409000,50357.65,5122291.13,240770.14,16340.12,500,10279.91
0,0,0,0,0,0,0,0,0,0,1,0,1410000,323839.12,5122291.13,240770.14,84128.66,500,51927.26
0,0,0,0,1,0,0,0,0,0,0,0,624000,99724.9600002,5122291.13,44510.99,22907.53,500,9431.34
0,0,0,0,0,0,1,0,0,0,0,0,45500,1431.26,48020.94,232.45,223.69,500,223.69
0,0,1,0,0,0,0,0,0,0,0,0,235000,147517.97,168896.81,10911.12,587.22,500,587.22
0,0,0,1,0,0,0,0,0,0,0,0,9370000,531973.07,614076.33,596748.849999,33481.78,500,33481.78
0,0,0,0,0,0,0,0,0,0,1,0,107000,346114.02,54633.7700001,74.34,74.34,500,74.34
0,0,0,0,0,0,1,0,0,0,0,0,66900,13583.78,2718.05,137315.39,11629.8,500,2718.05
0,0,0,0,1,0,0,0,0,0,0,0,541000,488.46,1275068.31,7457.78000001,105.08,500,105.08
0,0,0,0,0,1,0,0,0,0,0,0,205000,852.86,707.88,4160.06000001,707.88,707.88,707.88
0,0,0,0,0,0,0,0,1,0,0,0,102000,500,1064444.57,929.01,929.01,500,929.01
0,1,0,0,0,0,0,0,0,0,0,0,1280000,70787.02,8123.09,10911.12,390.85,500,390.85
1,0,0,0,0,0,0,0,0,0,0,0,1230000,20676.68,8123.09,10911.12,1624.76,500,1624.76
0,0,0,1,0,0,0,0,0,0,0,0,474000,677.919999999,8123.09,261209.41,548.58,500,548.58
0,0,0,0,0,0,0,1,0,0,0,0,64100,222.65,8123.09,52578.4,171.45,500,171.45
1,0,0,0,0,0,0,0,0,0,0,0,7730000,215745.74,8123.09,8552.19,751.28,500,751.28
0,0,0,0,0,0,0,1,0,0,0,0,528000,147517.97,8123.09,31055.9600001,69.45,500,69.45
0,0,0,0,0,0,0,0,0,1,0,0,223000,108405.0,168896.81,137315.39,2193.38,500,2193.38
0,0,0,0,0,0,0,0,0,1,0,0,246000,5882.64,38731.89,162.22,162.22,500,162.22
1,0,0,0,0,0,0,0,0,0,0,0,925000,120683.14,47615.98,11799.03,4289.22999999,500,4104.79
0,0,0,0,0,0,0,0,0,0,0,1,270000,24452.05,6623.58,209794.81,134.98,500,134.98
0,0,0,1,0,0,0,0,0,0,0,0,3330000,273365.95,6623.58,28434.52,139.09,500,139.09
0,0,0,0,0,0,0,0,0,1,0,0,3860000,59527.88,41.26,41.26,22.62,500,22.62
0,0,0,0,0,0,0,1,0,0,0,0,167000,61436.93,519.82,424.539999999,50.1,500,50.1
0,0,0,0,0,0,0,0,1,0,0,0,30400000,64372.7,519.82,7.29,7.29,500,7.29
0,0,0,0,0,0,0,0,0,0,1,0,175000,147517.97,519.82,32134.47,426.11,500,426.11
1,0,0,0,0,0,0,0,0,0,0,0,3040000,13665.86,14475.91,38079.86,468.54,500,468.54
0,0,0,0,0,1,0,0,0,0,0,0,1600000,500,143.57,143.57,143.57,500,143.57
0,0,0,0,0,1,0,0,0,0,0,0,620000,2058.0,2058.0,2058.0,2058.0,500,514.5
0,0,0,0,0,1,0,0,0,0,0,0,620000,2058.0,2058.0,2058.0,2058.0,500,514.5
0,0,0,0,0,0,0,0,1,0,0,0,727000,102482.87,1375.59,82781.18,247.68,500,247.68
0,0,0,0,0,0,0,0,0,0,1,0,283000,147517.97,1375.59,82781.18,574.03,500,574.03
0,0,0,1,0,0,0,0,0,0,0,0,183000,109145.34,1375.59,3393.82,552.84,500,26.94
0,0,1,0,0,0,0,0,0,0,0,0,1060000,1549.58,1375.59,82781.18,1018.0,500,526.94
1,0,0,0,0,0,0,0,0,0,0,0,1420000,1075.56,1316.75,70089.8500001,1075.56,500,1075.56
0,0,0,0,0,0,0,1,0,0,0,0,781000,104914.63,1275068.31,360585.2,241.19,241.19,241.19
0,0,1,0,0,0,0,0,0,0,0,0,122000,340.73,2353.35,1100.53,77.46,500,77.46
0,0,0,0,0,0,0,0,0,0,0,1,372000,68896.65,2353.35,6081.45,462.04,500,462.04
0,0,0,0,0,0,0,1,0,0,0,0,259000,12074.51,5321.87,1100.53,1023.07,500,1023.07
0,0,0,0,1,0,0,0,0,0,0,0,876000,102482.87,5264.38,4512.54,790.78,500,790.78
0,0,0,0,0,1,0,0,0,0,0,0,2700000,54296.18,652.5,1281.44,500,500,529.28
0,0,0,0,0,0,1,0,0,0,0,0,1470000,20.91,652.5,6115.31,20.91,500,20.91
0,0,0,1,0,0,0,0,0,0,0,0,350000,5408.37,2516.19,102.31,102.31,500,102.31
0,0,0,0,0,0,1,0,0,0,0,0,789000,321107.250001,82806.28,647020.320001,1772.6,500,1772.6
0,0,0,0,0,0,1,0,0,0,0,0,33800000,1695.13,24.81,3.9,24.81,500,3.9
0,0,0,0,0,0,1,0,0,0,0,0,426000,24.81,24.81,150628.55,24.81,500,20.91
0,0,0,0,0,0,0,0,1,0,0,0,71100000,172507.32,47615.98,77.15,2239.34,500,77.15
0,0,0,0,0,0,1,0,0,0,0,0,94900,68894.72,1070.51,15.47,889.929999999,500,15.47
0,0,0,0,0,0,1,0,0,0,0,0,3360000,8.84,4863.52,8.84,8.84,500,8.84
0,0,1,0,0,0,0,0,0,0,0,0,259000,241.56,2380.98,34.55,34.55,500,34.55
0,0,0,0,0,0,0,0,0,0,1,0,45300000,164474.01,2380.98,34953.33,388.25,500,388.25
0,0,0,0,0,0,0,0,1,0,0,0,179000,6743.13999999,748.32,39.4700000001,24.91,500,8.72
0,0,0,0,0,0,0,0,0,0,0,1,463000,739.6,748.32,739.6,739.6,500,739.6
0,0,0,0,0,0,0,0,0,0,0,1,6330000,12.86,12.86,12.86,12.86,500,12.86
0,0,0,0,0,1,0,0,0,0,0,0,745000,137052.21,73.83,73.83,73.83,500,73.83
0,0,0,0,0,0,0,0,1,0,0,0,1190000,321107.250001,85254.99,155734.49,29112.5,40962.77,19907.12
0,0,0,0,1,0,0,0,0,0,0,0,7280000,25096.57,85254.99,139628.47,14897.85,500,161.9
0,0,0,1,0,0,0,0,0,0,0,0,957000,531973.07,85254.99,259329.44,2898.67,54664.62,2898.67
0,0,0,0,0,0,0,0,0,1,0,0,1250000,101018.98,5122291.13,259266.48,9380.03,500,9380.03
1,0,0,0,0,0,0,0,0,0,0,0,399000,107795.6,5122291.13,240770.14,84128.66,500,32201.4
0,0,0,0,0,0,0,0,0,0,1,0,235000,29901.16,5122291.13,168.82,168.82,500,168.82
0,1,0,0,0,0,0,0,0,0,0,0,668000,61422.84,5122291.13,36.01,36.01,500,36.01
0,0,0,0,1,0,0,0,0,0,0,0,1150000,301363.01,5122291.13,449761.48,136415.19,500,61321.19
1,0,0,0,0,0,0,0,0,0,0,0,987000,183118.77,5122291.13,500,500,500,11040.8
1,0,0,0,0,0,0,0,0,0,0,0,256000,164702.24,5122291.13,240770.14,331.03,500,331.03
0,0,0,0,0,0,0,0,1,0,0,0,71000000,22023.6,5122291.13,4471.64,6637.62,500,4471.64
0,0,0,0,0,0,0,0,0,0,0,1,764000,133005.77,5122291.13,3932.36,5484.87999999,500,3932.36
0,1,0,0,0,0,0,0,0,0,0,0,6350000,367074.019999,5122291.13,279662.81,11109.45,500,11109.45
0,0,0,0,0,0,0,1,0,0,0,0,922000,500,5122291.13,4160.06000001,3452.18,500,1758.83
0,1,0,0,0,0,0,0,0,0,0,0,5160000,112875.12,5122291.13,16077.68,5316.6,500,5316.6
0,0,0,0,0,0,0,0,0,1,0,0,6810000,122569.02,5122291.13,500,4903.84,500,4903.84
0,0,0,0,0,1,0,0,0,0,0,0,2240000,418097.76,5122291.13,544283.54,156849.32,500,156849.32
0,1,0,0,0,0,0,0,0,0,0,0,5170000,146504.07,5122291.13,259266.48,20614.89,500,20614.89
1,0,0,0,0,0,0,0,0,0,0,0,910000,183118.77,5122291.13,500,25172.98,500,25172.98
0,0,0,0,0,0,0,0,1,0,0,0,709000,75509.98,5122291.13,161607.54,10298.3,500,10298.3
0,0,1,0,0,0,0,0,0,0,0,0,126000,11.54,5122291.13,416626.56,11.54,500,11.54
0,0,0,0,1,0,0,0,0,0,0,0,195000,6.94,5122291.13,416626.56,6.94,500,6.94
0,0,0,0,1,0,0,0,0,0,0,0,2660000,457025.31,5122291.13,240770.14,47170.25,500,47170.25
0,1,0,0,0,0,0,0,0,0,0,0,1920000,226093.18,5122291.13,122069.87,34197.35,500,34197.35
0,0,0,1,0,0,0,0,0,0,0,0,522000,209187.7,5122291.13,98789.19,12063.38,500,12063.38
0,0,0,0,0,1,0,0,0,0,0,0,863000,122055.18,5122291.13,259266.48,25641.3,500,25641.3
0,0,0,1,0,0,0,0,0,0,0,0,2080000,83557.01,5122291.13,439947.16,927.23,500,927.23
0,0,0,0,0,1,0,0,0,0,0,0,284000,1921.7,5122291.13,416626.56,679.72,500,679.72
0,0,0,1,0,0,0,0,0,0,0,0,1020000,52165.92,5122291.13,87939.42,83158.11,500,2511.71
0,0,0,0,0,0,1,0,0,0,0,0,784000,254544.35,5122291.13,147298.22,518.16,500,113.57
0,0,0,0,0,1,0,0,0,0,0,0,784000,254544.35,5122291.13,147298.22,518.16,500,113.57
0,0,0,0,0,0,1,0,0,0,0,0,784000,254544.35,5122291.13,147298.22,518.16,500,145.51
0,0,0,0,0,1,0,0,0,0,0,0,784000,254544.35,5122291.13,147298.22,518.16,500,145.51
0,0,1,0,0,0,0,0,0,0,0,0,745000,346114.02,5122291.13,500,196.32,500,196.32
1,0,0,0,0,0,0,0,0,0,0,0,491000,289536.36,5122291.13,641223.31,17065.16,500,17065.16
0,1,0,0,0,0,0,0,0,0,0,0,667000,16585.14,5122291.13,992679.180001,2267.93,500,2077.26
0,0,0,0,0,1,0,0,0,0,0,0,898000,792.46,5122291.13,42.34,42.34,500,42.34
0,0,0,0,0,0,0,0,1,0,0,0,366000,37816.62,5122291.13,797.84,797.84,500,797.84
0,0,0,0,0,0,0,0,0,1,0,0,3410000,142537.55,5122291.13,7888.77,7888.77,500,7888.77
0,0,0,0,0,0,1,0,0,0,0,0,1290000,57838.47,5122291.13,416626.56,10266.09,500,10266.09
1,0,0,0,0,0,0,0,0,0,0,0,1160000,212747.83,5122291.13,500,6637.62,500,2165.98
0,0,0,0,1,0,0,0,0,0,0,0,544000,277895.29,5122291.13,159645.08,3188.58,500,3188.58
0,0,0,0,1,0,0,0,0,0,0,0,1120000,481840.54,5122291.13,449761.48,131747.2,500,131747.2
0,0,0,0,0,0,0,1,0,0,0,0,974000,71713.4499998,5122291.13,416626.56,113.37,500,113.37
0,0,0,0,0,1,0,0,0,0,0,0,6760000,481840.54,5122291.13,467102.58,47519.74,500,47519.74
0,0,0,1,0,0,0,0,0,0,0,0,242000,46285.52,5122291.13,416626.56,2431.45,500,8.97
0,0,0,0,0,0,1,0,0,0,0,0,1710000,556.32,5122291.13,129928.89,64.79,500,64.79
0,0,0,0,0,0,1,0,0,0,0,0,70900000,1.99,5122291.13,416626.56,1.99,500,1.99
0,0,0,0,0,0,0,1,0,0,0,0,1280000,189685.93,5122291.13,259266.48,18797.69,500,18797.69
0,0,0,0,0,0,0,0,0,0,0,1,629000,18905.42,5122291.13,500,2565.3,500,2565.3
0,0,0,0,0,1,0,0,0,0,0,0,6640000,438618.78,5122291.13,259266.48,21792.7,500,21792.7
0,0,0,0,0,0,1,0,0,0,0,0,13300000,393260.09,5122291.13,101108.0,54501.84,500,54501.84
0,0,0,0,0,0,1,0,0,0,0,0,5450000,438618.78,5122291.13,467102.58,55038.02,500,55038.02
0,0,1,0,0,0,0,0,0,0,0,0,1600000,148959.03,5122291.13,130289.15,71211.08,500,35605.54
0,0,1,0,0,0,0,0,0,0,0,0,1600000,148959.03,5122291.13,130289.15,71211.08,500,35605.54
0,0,1,0,0,0,0,0,0,0,0,0,35500000,282820.27,5122291.13,259266.48,52996.74,500,37267.2
0,0,1,0,0,0,0,0,0,0,0,0,281000,129071.93,5122291.13,500,4390.21,500,4390.21
0,1,0,0,0,0,0,0,0,0,0,0,2290000,226092.79,5122291.13,159645.08,52320.9999999,500,22359.05
0,0,0,0,0,0,0,0,0,0,1,0,2310000,226092.79,5122291.13,159645.08,52320.9999999,500,14155.14
0,0,0,0,0,0,0,0,0,0,1,0,1840000,47678.57,5122291.13,87939.42,2074.18,500,2074.18
0,0,0,0,0,0,0,0,1,0,0,0,1080000,166534.45,5122291.13,44510.99,22907.53,500,13476.19
0,0,1,0,0,0,0,0,0,0,0,0,25000000,481840.54,5122291.13,177060.5,32368.23,500,32368.23
0,0,0,0,0,0,0,0,1,0,0,0,532000,328314.25,5122291.13,177060.5,7806.18,500,7806.18
0,0,1,0,0,0,0,0,0,0,0,0,848000,277895.29,5122291.13,87939.42,3181.89,500,3181.89
1,0,0,0,0,0,0,0,0,0,0,0,6340000,148959.03,5122291.13,467102.58,3503.42,500,3503.42
0,0,0,0,0,0,1,0,0,0,0,0,821000,481840.54,5122291.13,500,64834.55,500,16383.58
0,0,1,0,0,0,0,0,0,0,0,0,170000,104204.84,5122291.13,416626.56,205.71,500,139.49
0,0,0,0,1,0,0,0,0,0,0,0,398000,189685.93,5122291.13,500,2236.32,500,2236.32
0,0,0,0,0,0,0,0,1,0,0,0,378000,152986.53,5122291.13,641223.31,19566.78,500,10150.32
0,0,0,0,0,0,0,0,0,0,0,1,1500000,11438.25,5122291.13,500,395.29,500,395.29
0,0,0,0,0,0,0,1,0,0,0,0,2940000,159630.97,5122291.13,500,6905.7,500,6905.7
0,0,1,0,0,0,0,0,0,0,0,0,1990000,161315.5,5122291.13,129928.89,39378.6,500,7.5
0,0,1,0,0,0,0,0,0,0,0,0,892000,43555.43,5122291.13,129928.89,40858.27,500,4.16
0,0,0,0,0,0,0,0,0,0,1,0,197000,457025.31,5122291.13,449761.48,99378.94,500,31185.45
0,0,0,0,0,0,1,0,0,0,0,0,522000,104253.62,5122291.13,416626.56,8138.46,500,5659.57
0,0,0,0,0,0,0,0,1,0,0,0,32900,202462.52,5122291.13,360790.69,1289.78,500,1289.78
0,0,0,0,0,0,0,0,0,0,1,0,1150000,152046.35,5122291.13,500,16283.72,500,16283.72
0,0,0,0,0,0,1,0,0,0,0,0,5570000,438618.78,5122291.13,604.7,63.36,500,63.36
0,0,0,1,0,0,0,0,0,0,0,0,549000,457025.31,5122291.13,449761.48,500,500,56222.47
0,0,0,0,0,0,1,0,0,0,0,0,1740000,211766.99,5122291.13,199779.49,1926.28,500,1926.28
0,0,1,0,0,0,0,0,0,0,0,0,138000,180328.76,5122291.13,500,4681.75,500,4681.75
0,0,1,0,0,0,0,0,0,0,0,0,3000000,57.01,5122291.13,416626.56,57.01,500,57.01
0,0,0,0,0,1,0,0,0,0,0,0,1070000,135364.87,5122291.13,136704.74,35365.42,500,35365.42
0,0,0,0,1,0,0,0,0,0,0,0,1850000,238885.53,5122291.13,11325.13,11325.13,500,11325.13
0,0,0,0,0,1,0,0,0,0,0,0,813000,39733.5,5122291.13,2466.3,2466.3,500,2466.3
0,0,0,0,0,1,0,0,0,0,0,0,940000,322003.74,5122291.13,161607.54,51427.48,500,51427.48
0,0,1,0,0,0,0,0,0,0,0,0,861000,87212.34,5122291.13,136704.74,42471.52,500,27499.38
0,0,0,0,0,0,0,0,1,0,0,0,1000000,16585.14,5122291.13,416626.56,2267.93,500,187.19
0,0,1,0,0,0,0,0,0,0,0,0,385000,498.49,5122291.13,7.43,7.43,500,7.43
0,0,0,0,0,0,0,0,1,0,0,0,70900000,4845.66,5122291.13,667437.060002,2580.68,500,18.56
0,0,0,0,0,0,0,1,0,0,0,0,638000,67661.67,5122291.13,12273.3,20336.22,500,9487.26
0,0,0,0,0,0,0,0,0,0,0,1,295000,103370.97,5122291.13,500,3136.39,500,3136.39
0,0,0,0,0,0,0,0,1,0,0,0,28500000,237492.86,5122291.13,4709.54,1209.88,500,1209.88
0,0,0,0,1,0,0,0,0,0,0,0,5850,880.26,5122291.13,2.66,2.66,500,2.66
0,0,0,0,1,0,0,0,0,0,0,0,1040000,321107.250001,5122291.13,259329.44,27829.32,500,27829.32
0,0,0,0,1,0,0,0,0,0,0,0,76200000,60235.31,5122291.13,192527.55,55.07,500,55.07
0,0,0,1,0,0,0,0,0,0,0,0,4700000,244467.1,5122291.13,1539.14,384.77,500,384.77
0,0,0,0,0,1,0,0,0,0,0,0,325000,11144.64,5122291.13,647020.320001,2301.32,500,2301.32
0,0,0,0,0,0,0,0,0,0,1,0,3310000,321107.250001,5122291.13,286122.859999,36284.48,500,19832.71
0,1,0,0,0,0,0,0,0,0,0,0,736000,233.41,5122291.13,500,233.41,500,233.41
1,0,0,0,0,0,0,0,0,0,0,0,366000,67997.72,5122291.13,44510.99,2786.04,500,2786.04
0,0,0,1,0,0,0,0,0,0,0,0,203000,6629.22,5122291.13,8.99,48.84,500,8.99
0,0,0,0,0,0,1,0,0,0,0,0,1290000,322003.74,5122291.13,500,77093.72,500,37719.75
0,0,0,1,0,0,0,0,0,0,0,0,1570000,322003.74,5122291.13,641223.31,195358.45,500,195358.45
0,0,0,0,0,0,0,0,0,0,0,1,267000,5569.43,5122291.13,23.95,23.95,500,23.95
0,0,0,0,0,0,0,0,1,0,0,0,732000,380442.1,5122291.13,286122.859999,21865.78,500,12205.6
0,0,0,1,0,0,0,0,0,0,0,0,657000,322003.74,5122291.13,544283.54,89748.43,500,29344.14
0,0,1,0,0,0,0,0,0,0,0,0,171000,226092.79,5122291.13,177060.5,11528.38,500,11528.38
0,0,1,0,0,0,0,0,0,0,0,0,277000,43555.43,5122291.13,129928.89,16.19,500,1.8
0,0,0,0,0,0,0,0,1,0,0,0,1310000,85652.1699999,5122291.13,500,552.34,500,552.34
0,0,1,0,0,0,0,0,0,0,0,0,106000,52741.06,5122291.13,604.7,541.34,500,541.34
0,0,0,0,1,0,0,0,0,0,0,0,436000,481840.54,5122291.13,159645.08,4637.22,500,4637.22
0,0,0,0,0,0,0,0,1,0,0,0,56400000,65803.98,5122291.13,416626.56,19.13,500,19.13
1,0,0,0,0,0,0,0,0,0,0,0,142000,142141.42,5122291.13,16077.68,856.03,500,856.03
0,0,1,0,0,0,0,0,0,0,0,0,1910000,481840.54,5122291.13,500,41999.6,500,41999.6
0,0,0,0,0,1,0,0,0,0,0,0,156000,102744.25,5122291.13,159768.71,2386.42,500,2386.42
0,0,0,0,0,0,0,0,0,0,1,0,5290000,329571.61,5122291.13,139628.47,29646.2,500,29646.2
0,0,0,0,0,0,1,0,0,0,0,0,1410000,6540.81,5122291.13,16044.78,6266.16,500,6266.16
0,0,0,0,0,1,0,0,0,0,0,0,57200,169700.78,5122291.13,830.03,830.03,500,830.03
0,0,0,0,0,0,0,1,0,0,0,0,51600,238022.37,5122291.13,100.91,6866.39,500,100.91
1,0,0,0,0,0,0,0,0,0,0,0,282000,12498.14,5122291.13,667437.060002,139.26,500,139.26
0,0,0,0,1,0,0,0,0,0,0,0,673000,255290.46,5122291.13,544283.54,96931.26,500,25640.61
0,0,0,0,0,0,0,1,0,0,0,0,422000,481840.54,5122291.13,58243.15,58243.15,500,58243.15
0,0,1,0,0,0,0,0,0,0,0,0,20200,414.24,5122291.13,500,31.3,500,31.3
0,0,0,0,0,0,0,1,0,0,0,0,496000,433870.83,5122291.13,177060.5,35046.51,500,35046.51
0,0,0,0,0,1,0,0,0,0,0,0,1760000,3.48,5122291.13,416626.56,2267.93,500,3.48
0,0,0,0,0,0,0,1,0,0,0,0,115000,367074.019999,5122291.13,667437.060002,736.12,500,736.12
1,0,0,0,0,0,0,0,0,0,0,0,33500000,323839.12,5122291.13,544283.54,52996.74,500,15729.54
1,0,0,0,0,0,0,0,0,0,0,0,1060000,386229.06,5122291.13,667437.060002,32033.35,500,6162.56
0,0,0,0,0,0,0,0,0,1,0,0,1160000,93157.2,5122291.13,284871.06,33158.24,500,13922.91
0,0,0,0,1,0,0,0,0,0,0,0,795000,135364.87,5122291.13,641223.31,12557.92,500,12557.92
0,0,0,0,0,1,0,0,0,0,0,0,47500,156674.76,5122291.13,17.7,17.7,500,17.7
0,0,0,0,0,0,0,0,0,1,0,0,1650000,297617.77,5122291.13,449761.48,48579.97,500,48579.97
0,0,0,0,0,0,0,1,0,0,0,0,479000,18385.52,5122291.13,667437.060002,388.25,500,388.25
1,0,0,0,0,0,0,0,0,0,0,0,130000,107126.33,5122291.13,500,433.72,500,433.72
0,0,0,0,0,0,1,0,0,0,0,0,6930000,159042.89,5122291.13,416626.56,9.98,500,9.98
0,0,0,0,0,0,1,0,0,0,0,0,153000,65877.96,5122291.13,416626.56,1074.23,500,442.68
0,0,0,0,0,0,1,0,0,0,0,0,1230000,163097.75,5122291.13,240770.14,20692.58,500,20692.58
0,0,0,0,0,0,1,0,0,0,0,0,704000,69471.99,5122291.13,416626.56,48.84,500,39.85
0,0,0,0,0,0,0,0,0,1,0,0,676000,322003.74,5122291.13,544283.54,8153.92,500,8153.92
1,0,0,0,0,0,0,0,0,0,0,0,5010000,152046.35,5122291.13,15409.77,15409.77,500,15409.77
0,0,1,0,0,0,0,0,0,0,0,0,714000,323839.12,5122291.13,8694.8,8694.8,500,8694.8
1,0,0,0,0,0,0,0,0,0,0,0,117000,164467.48,5122291.13,500,797.4,500,797.4
0,0,0,0,0,0,0,0,0,1,0,0,3220000,457025.31,5122291.13,449761.48,57583.4,500,57583.4
1,0,0,0,0,0,0,0,0,0,0,0,1460000,287352.16,5122291.13,214398.74,96931.26,500,71290.65
0,0,0,0,1,0,0,0,0,0,0,0,1490000,168603.89,5122291.13,259266.48,34828.33,77533.52,34828.33
0,0,0,0,0,0,0,0,0,0,0,1,2050000,128433.28,5122291.13,80180.4,32813.32,500,15547.38
0,1,0,0,0,0,0,0,0,0,0,0,492000,500,5122291.13,634.69,634.69,500,634.69
0,0,0,0,0,0,0,0,0,0,0,1,182000,57744.91,5122291.13,742.13,742.13,500,742.13
0,0,0,0,0,0,0,1,0,0,0,0,1340000,202462.52,5122291.13,360790.69,5973.12,500,5973.12
0,0,0,0,0,0,1,0,0,0,0,0,603000,500,5122291.13,70089.8500001,17994.03,500,5901.69
0,0,0,0,0,0,0,1,0,0,0,0,792000,690591.33,5122291.13,989134.63,42317.04,500,19261.36
0,1,0,0,0,0,0,0,0,0,0,0,1180000,431262.52,5122291.13,992679.180001,64211.53,500,39074.66
0,0,0,0,0,0,0,0,0,1,0,0,287000,16739.67,5122291.13,989134.63,4194.73,500,4194.73
0,0,0,0,0,0,0,0,0,0,1,0,825000,433870.83,5122291.13,989134.63,42317.04,500,6213.41
0,0,0,0,0,0,1,0,0,0,0,0,10400000,82090.9899999,5122291.13,989134.63,643.64,500,643.64
0,0,0,0,0,0,0,1,0,0,0,0,164000,500,5122291.13,989134.63,5874.95,500,5874.95
1,0,0,0,0,0,0,0,0,0,0,0,5750000,112152.74,5122291.13,667437.060002,355.29,500,270.39
0,0,0,1,0,0,0,0,0,0,0,0,1230000,380442.1,5122291.13,667437.060002,65161.76,500,13332.7
0,0,0,1,0,0,0,0,0,0,0,0,148000,47658.36,5122291.13,263.81,263.81,500,263.81
0,0,0,1,0,0,0,0,0,0,0,0,1380000,159150.21,5122291.13,512359.2,47844.04,9485.49,8646.49
0,0,0,0,0,0,0,0,1,0,0,0,22100000,418097.76,5122291.13,512359.2,40836.5499999,68485.27,35145.2
0,0,0,0,1,0,0,0,0,0,0,0,63500000,15.95,5122291.13,15.95,15.95,500,15.95
0,0,0,0,0,0,0,1,0,0,0,0,7700000,321107.250001,5122291.13,360790.69,51765.95,54664.62,51765.95
0,0,0,0,0,0,0,1,0,0,0,0,737000,16043.64,5122291.13,5168.89,5168.89,500,203.98
0,0,0,0,0,0,1,0,0,0,0,0,400000,1674.23,5122291.13,5168.89,5168.89,500,769.4
0,0,0,0,1,0,0,0,0,0,0,0,299000,161315.5,5122291.13,667437.060002,38.54,500,38.54
0,0,0,0,0,0,0,0,0,0,0,1,55500000,224621.810001,5122291.13,647020.320001,5395.23,500,5395.23
0,0,0,0,0,0,0,0,0,0,1,0,424000,9628.07000001,5122291.13,67.83,67.83,500,67.83
0,0,0,0,0,0,0,0,0,1,0,0,361000,650.53,5122291.13,58112.06,650.53,500,650.53
0,0,0,0,0,0,1,0,0,0,0,0,872000,424141.44,5122291.13,512359.2,32924.21,62359.8800001,32924.21
0,0,0,0,0,0,0,0,0,0,1,0,681000,135568.58,5122291.13,416626.56,6094.4,500,6094.4
0,0,0,1,0,0,0,0,0,0,0,0,541000,29076.08,5122291.13,5168.89,5168.89,500,3188.19
0,0,0,0,0,0,0,0,1,0,0,0,690000,65269.3999998,5122291.13,328.13,52.58,500,52.58
0,0,0,1,0,0,0,0,0,0,0,0,424000,154210.79,5122291.13,416626.56,2431.45,500,2422.48
0,0,0,0,0,0,0,0,1,0,0,0,2720000,110448.74,5122291.13,992679.180001,41157.14,103025.72,12980.02
0,0,0,0,0,0,0,0,1,0,0,0,1680000,431262.52,5122291.13,227565.64,7005.19,500,7005.19
0,1,0,0,0,0,0,0,0,0,0,0,1270000,473420.27,5122291.13,416626.56,220945.88,500,100234.58
0,0,0,1,0,0,0,0,0,0,0,0,152000,70787.02,5122291.13,667437.060002,69.69,500,69.69
0,0,0,0,1,0,0,0,0,0,0,0,1270000,418097.76,5122291.13,123567.8,52314.37,500,47572.38
0,0,0,0,0,0,0,0,0,0,1,0,473000,196005.7,5122291.13,416626.56,959.72,500,959.72
0,0,0,0,0,0,1,0,0,0,0,0,74500000,306385.67,5122291.13,416626.56,38305.8200001,500,18627.33
0,0,0,0,0,0,1,0,0,0,0,0,3030000,327817.49,5122291.13,159768.71,3622.96,47151.16,3622.96
0,1,0,0,0,0,0,0,0,0,0,0,1070000,531973.07,5122291.13,159768.71,4885.20999999,500,3733.07
0,0,0,0,0,0,0,0,1,0,0,0,2600000,16842.53,5122291.13,416626.56,305.97,8302.4,305.97
0,0,1,0,0,0,0,0,0,0,0,0,65600,8657.02,5122291.13,129928.89,3691.99,500,263.27
0,1,0,0,0,0,0,0,0,0,0,0,1010000,78143.7,5122291.13,667437.060002,35627.35,500,262.72
0,0,0,0,1,0,0,0,0,0,0,0,788000,161315.5,5122291.13,129928.89,39378.6,500,8.68
0,0,0,0,0,0,0,1,0,0,0,0,255000,79.94,5122291.13,2003.7,79.94,500,79.94
0,0,0,0,0,0,0,0,0,0,1,0,1980000,231609.679999,5122291.13,261209.41,6124.61,500,6124.61
0,0,0,0,0,0,0,1,0,0,0,0,54100000,443236.29,5122291.13,512359.2,64211.53,62359.8800001,25136.87
0,0,0,0,0,0,0,0,0,0,1,0,2670000,73671.3,5122291.13,500,37151.44,500,37151.44
0,0,0,0,0,0,0,0,0,0,1,0,817000,159630.97,5122291.13,641223.31,9905.05,500,9905.05
0,0,0,0,0,0,0,1,0,0,0,0,1790000,156353.85,5122291.13,286122.859999,1005.95,500,1005.95
0,0,0,0,0,0,0,0,0,0,1,0,1180000,321107.250001,5122291.13,992679.180001,65161.76,500,18814.79
0,0,0,0,0,0,0,1,0,0,0,0,17700000,346114.02,5122291.13,286122.859999,36284.48,500,16451.77
0,0,0,0,0,0,1,0,0,0,0,0,748000,237372.06,5122291.13,596748.849999,19701.61,500,19701.61
0,0,1,0,0,0,0,0,0,0,0,0,688000,140544.86,5122291.13,6239.1,5417.22,500,5417.22
0,0,0,1,0,0,0,0,0,0,0,0,22900000,167113.84,5122291.13,989134.63,43745.36,500,43745.36
1,0,0,0,0,0,0,0,0,0,0,0,187000,33474.6,5122291.13,227565.64,112.58,500,112.58
0,0,0,0,0,0,0,1,0,0,0,0,653000,151.76,5122291.13,416626.56,151.76,500,151.76
0,1,0,0,0,0,0,0,0,0,0,0,275000,45221.64,5122291.13,1685.59,1685.59,500,1685.59
0,0,0,0,0,0,0,0,1,0,0,0,642000,16585.14,5122291.13,38.43,38.43,500,38.43
0,0,0,0,0,0,0,0,0,0,0,1,2490000,68896.65,5122291.13,992679.180001,11051.44,500,11051.44
0,0,0,0,0,0,0,0,0,0,0,1,9860,16218.84,5122291.13,56.2,4289.22999999,500,56.2
0,0,0,0,0,0,0,1,0,0,0,0,244000,318.6,5122291.13,776.91,285.85,500,285.85
1,0,0,0,0,0,0,0,0,0,0,0,689000,183118.77,5122291.13,88819.77,8724.18,500,8724.18
1,0,0,0,0,0,0,0,0,0,0,0,7760000,167576.17,5122291.13,14972.14,42471.52,500,14972.14
0,0,0,0,0,0,0,1,0,0,0,0,4270000,690591.33,5122291.13,28177.12,41157.14,500,28177.12
0,0,0,0,0,0,0,1,0,0,0,0,3050000,443236.29,5122291.13,593399.380001,32813.32,500,17265.94
0,0,0,0,0,0,1,0,0,0,0,0,1730000,446032.96,5122291.13,513445.43,28403.53,28295.43,28295.43
0,0,0,0,0,0,0,0,0,0,0,1,671000,115279.81,5122291.13,148506.14,4885.20999999,500,92.35
0,0,0,0,0,0,1,0,0,0,0,0,1640000,337189.55,5122291.13,992679.180001,22980.35,10635.12,5317.56
0,0,0,0,0,0,1,0,0,0,0,0,1640000,337189.55,5122291.13,992679.180001,22980.35,10635.12,5317.56
0,0,0,0,0,0,1,0,0,0,0,0,1230000,301363.01,5122291.13,992679.180001,37103.04,500,37103.04
0,0,0,0,0,0,0,1,0,0,0,0,134000,319882.18,5122291.13,992679.180001,359.95,500,359.95
0,0,0,0,1,0,0,0,0,0,0,0,776000,328314.25,5122291.13,26982.9,1611.7,500,1611.7
0,0,0,0,0,0,0,0,1,0,0,0,56400000,229414.42,5122291.13,513445.43,15325.51,52023.6099999,15325.51
0,0,0,0,0,0,0,1,0,0,0,0,1560000,433870.83,5122291.13,992679.180001,45789.54,500,45789.54
0,0,0,0,0,0,0,1,0,0,0,0,989000,138084.81,5122291.13,992679.180001,23422.58,3649.47,3649.47
0,0,0,0,0,0,0,0,0,0,0,1,2240000,394393.21,5122291.13,992679.180001,169994.83,500,66554.2
0,0,0,0,0,0,0,0,0,0,0,1,2240000,394393.21,5122291.13,992679.180001,169994.83,500,68051.6
0,0,0,0,0,0,0,0,0,0,0,1,845000,418097.76,5122291.13,992679.180001,127643.63,500,70316.87
0,0,0,0,0,0,1,0,0,0,0,0,18800000,690591.33,5122291.13,992679.180001,96434.81,500,96434.81
0,0,0,0,0,0,0,0,0,0,1,0,1340000,431262.52,5122291.13,992679.180001,1280.0,500,1221.57
0,0,1,0,0,0,0,0,0,0,0,0,1060000,531973.07,5122291.13,647020.320001,12970.74,500,6272.47
0,0,1,0,0,0,0,0,0,0,0,0,1060000,531973.07,5122291.13,647020.320001,12970.74,500,6272.47
0,0,0,0,0,0,0,0,0,0,0,1,537000,383317.83,5122291.13,593399.380001,16873.16,500,15768.07
1,0,0,0,0,0,0,0,0,0,0,0,23600,31710.28,5122291.13,286122.859999,665.47,500,665.47
1,0,0,0,0,0,0,0,0,0,0,0,11800000,386229.06,5122291.13,416626.56,32033.35,500,25870.79
0,0,0,0,0,0,0,0,0,1,0,0,529000,353314.89,5122291.13,144453.58,19078.61,500,19078.61
0,0,0,1,0,0,0,0,0,0,0,0,967000,251529.45,5122291.13,227565.64,4298.8,62359.8800001,4298.8
1,0,0,0,0,0,0,0,0,0,0,0,1040000,239317.0,5122291.13,360790.69,7090.28,500,7090.28
0,0,0,0,0,1,0,0,0,0,0,0,341000,1580.19,5122291.13,146.42,100.87,500,100.87
1,0,0,0,0,0,0,0,0,0,0,0,15900000,161304.05,5122291.13,939.27,939.27,500,939.27
0,0,1,0,0,0,0,0,0,0,0,0,1290000,223218.36,5122291.13,199779.49,91638.95,500,59078.07
0,0,1,0,0,0,0,0,0,0,0,0,2950000,438618.78,5122291.13,159418.08,87872.52,500,87872.52
0,0,0,0,0,0,0,0,1,0,0,0,610000,304165.36,5122291.13,274256.17,1029.31,500,1029.31
0,0,0,0,1,0,0,0,0,0,0,0,96600000,190892.1,5122291.13,6674.3,6674.3,500,54.07
0,0,0,0,1,0,0,0,0,0,0,0,4580000,236909.33,5122291.13,50641.26,562.66,500,562.66
0,1,0,0,0,0,0,0,0,0,0,0,31200000,109898.76,696351.200001,209794.81,61401.3999999,500,7.07
0,0,0,0,0,0,1,0,0,0,0,0,392000,22152.41,696351.200001,852912.820001,11042.96,500,11042.96
0,0,1,0,0,0,0,0,0,0,0,0,441000,60235.31,696351.200001,852912.820001,751.77,500,751.77
0,0,0,0,0,0,0,0,1,0,0,0,834000,443236.29,696351.200001,852912.820001,127643.63,500,51835.33
0,0,0,0,0,0,0,0,0,0,1,0,1050000,129024.62,696351.200001,852912.820001,4677.14,500,4677.14
0,1,0,0,0,0,0,0,0,0,0,0,1530000,109898.76,696351.200001,209794.81,61401.3999999,500,7.5
0,0,0,0,0,0,0,0,0,0,0,1,15800000,424141.44,696351.200001,852912.820001,102590.77,500,75233.94
0,0,0,0,0,0,1,0,0,0,0,0,21200000,272053.19,696351.200001,852912.820001,6731.56,500,6731.56
0,0,0,0,0,0,0,0,0,0,1,0,1240000,319882.18,696351.200001,852912.820001,33162.72,500,24353.76
1,0,0,0,0,0,0,0,0,0,0,0,1150000,418097.76,696351.200001,852912.820001,33162.72,500,8808.96
0,0,0,0,0,0,0,1,0,0,0,0,1140000,336150.76,696351.200001,852912.820001,1216.03,500,1216.03
0,0,1,0,0,0,0,0,0,0,0,0,3430000,336150.76,696351.200001,852912.820001,21408.38,500,21408.38
0,0,0,0,0,0,0,0,0,0,0,1,23800000,433870.83,696351.200001,852912.820001,61401.3999999,500,61386.83
0,0,0,0,0,0,0,0,1,0,0,0,808000,148489.18,696351.200001,31689.15,511.22,500,511.22
0,0,0,0,0,0,0,0,0,0,0,1,544000,446032.96,696351.200001,852912.820001,27316.9,500,27316.9
1,0,0,0,0,0,0,0,0,0,0,0,457000,433870.83,696351.200001,852912.820001,19147.46,500,8179.54
0,0,0,0,0,0,1,0,0,0,0,0,1160000,237492.86,696351.200001,852912.820001,3917.8,3917.8,3917.8
0,0,0,0,0,0,0,0,1,0,0,0,100000000,418097.76,696351.200001,852912.820001,32216.51,500,166.9
0,0,0,1,0,0,0,0,0,0,0,0,630000,109145.34,696351.200001,852912.820001,5879.33,500,5879.33
0,0,0,0,0,0,1,0,0,0,0,0,5550000,128433.28,696351.200001,852912.820001,37651.96,500,37651.96
1,0,0,0,0,0,0,0,0,0,0,0,95800000,119384.87,696351.200001,852912.820001,275751.81,500,2524.95
0,0,0,0,0,0,0,1,0,0,0,0,390000,433870.83,696351.200001,647020.320001,5356.95,500,5356.95
0,0,0,0,0,1,0,0,0,0,0,0,2920000,229414.42,696351.200001,852912.820001,5015.86,500,5015.86
0,0,0,0,0,0,0,0,0,0,0,1,11400000,443236.29,5122291.13,992679.180001,136843.87,500,136843.87
1,0,0,0,0,0,0,0,0,0,0,0,6260000,690591.33,5122291.13,992679.180001,40794.54,500,40794.54
0,0,0,0,0,0,0,0,0,0,1,0,1110000,247635.859999,696351.200001,852912.820001,19290.44,500,19290.44
0,0,1,0,0,0,0,0,0,0,0,0,971000,113613.45,696351.200001,48853.82,9316.61,500,9316.61
0,0,0,0,0,0,0,0,1,0,0,0,416000,120683.14,696351.200001,667437.060002,1182.15,500,1182.15
0,0,0,1,0,0,0,0,0,0,0,0,982000,433870.83,696351.200001,479410.6,11038.61,500,8110.08
0,0,0,0,0,0,0,0,0,1,0,0,2150000,380442.1,696351.200001,852912.820001,11408.44,500,11408.44
0,0,0,1,0,0,0,0,0,0,0,0,5000000,188516.14,1275068.31,852912.820001,949.3,2753.29,949.3
0,0,0,0,0,0,1,0,0,0,0,0,809000,367074.019999,101255.07,360790.69,65161.76,500,18312.01
0,0,0,0,0,1,0,0,0,0,0,0,26300000,321107.250001,101255.07,360790.69,65161.76,9981.35,9981.35
0,0,0,0,0,0,0,0,1,0,0,0,199000,116425.89,101255.07,667437.060002,15264.27,500,1256.9
0,0,0,0,0,0,0,1,0,0,0,0,1050000,315656.92,511109.670001,360790.69,23273.58,500,16318.6
0,0,0,1,0,0,0,0,0,0,0,0,35200000,305757.96,1064444.57,992679.180001,83046.45,500,20338.58
0,0,1,0,0,0,0,0,0,0,0,0,707000,28739.31,5122291.13,360790.69,545.78,500,491.91
0,0,0,0,0,0,1,0,0,0,0,0,3700000,15918.6,59886.05,877.6,877.6,877.6,439.99
0,0,0,0,0,0,1,0,0,0,0,0,3700000,15918.6,59886.05,877.6,877.6,877.6,437.61
0,0,0,0,0,0,0,1,0,0,0,0,2000000,80703.24,5264.38,19.26,19.26,500,19.26
0,1,0,0,0,0,0,0,0,0,0,0,2210000,363423.64,4728.92,852912.820001,102590.77,500,4728.92
0,0,0,0,0,0,1,0,0,0,0,0,1580000,102744.25,11991.89,29904.09,1560.22,11661.07,779.56
0,0,0,0,0,0,1,0,0,0,0,0,1580000,102744.25,11991.89,29904.09,1560.22,11661.07,780.66
0,0,0,1,0,0,0,0,0,0,0,0,193000,313399.49,168896.81,259329.44,7601.71,500,2373.34
0,0,0,0,0,0,0,0,0,0,0,1,250000,3223.19,31282.22,342.47,329.28,500,329.28
0,0,0,0,1,0,0,0,0,0,0,0,333000,137052.21,378063.6,9613.69,11038.61,500,2928.53
1,0,0,0,0,0,0,0,0,0,0,0,1150000,500,118693.21,31689.15,1967.74,500,1967.74
0,0,0,0,0,0,0,0,1,0,0,0,6770000,23610.71,44.71,32.75,32.75,500,32.75
0,0,0,0,1,0,0,0,0,0,0,0,650000,500,44.71,2051.44,333.57,500,11.96
0,0,0,0,1,0,0,0,0,0,0,0,139000,154200.19,50130.2,119.36,119.36,500,119.36
1,0,0,0,0,0,0,0,0,0,0,0,6540000,99696.22,91984.6600002,72930.38,11281.35,500,4440.69
0,0,0,0,0,0,1,0,0,0,0,0,49600,500,91984.6600002,575.08,575.08,500,575.08
0,0,0,0,1,0,0,0,0,0,0,0,123000,13337.81,91984.6600002,38508.89,5982.44,500,2382.41
1,0,0,0,0,0,0,0,0,0,0,0,1450000,47233.01,168896.81,593399.380001,68478.1100001,500,22428.66
0,0,0,0,0,1,0,0,0,0,0,0,190000,254544.35,7217.16,400.55,326.73,500,326.73
0,0,0,0,0,0,0,0,1,0,0,0,16900,203.54,7217.16,84.18,84.18,500,84.18
0,0,0,0,0,0,0,0,1,0,0,0,127000,140544.86,7217.16,608.030000001,446.17,500,344.53
0,0,0,0,0,0,0,0,0,0,1,0,359000,45799.6,7217.16,1144.33,1015.65,500,79.38
0,0,0,0,0,0,0,1,0,0,0,0,526000,172507.32,7217.16,2162.19,2239.34,500,2162.19
0,0,0,0,0,0,0,0,0,0,0,1,209000,1903.64,7217.16,1412.61,631.69,500,614.4
0,0,0,0,1,0,0,0,0,0,0,0,1940000,1617.85,7217.16,59764.86,1175.17,500,1175.17
0,0,0,0,0,0,0,1,0,0,0,0,4870000,380442.1,7217.16,500.11,500.11,500,500.11
0,0,1,0,0,0,0,0,0,0,0,0,24700000,306385.67,13122.54,10917.0,1196.64,500,1196.64
0,0,1,0,0,0,0,0,0,0,0,0,1220000,91.82,34537.23,84.68,84.68,500,84.68
0,0,0,0,0,1,0,0,0,0,0,0,991000,81119.33,52010.7699999,667437.060002,179.56,500,179.56
0,0,0,0,0,1,0,0,0,0,0,0,246000,96500.07,82806.28,65.26,65.26,500,65.26
0,0,0,0,0,0,0,0,1,0,0,0,1270000,78143.7,168896.81,667437.060002,1882.11,500,404.33
0,1,0,0,0,0,0,0,0,0,0,0,76100,15283.58,242.58,30473.09,242.58,500,242.58
0,1,0,0,0,0,0,0,0,0,0,0,7400000,159150.21,614076.33,596748.849999,86521.04,500,22169.31
0,1,0,0,0,0,0,0,0,0,0,0,267000,295392.52,614076.33,596748.849999,13938.21,500,5052.75
1,0,0,0,0,0,0,0,0,0,0,0,839000,229414.42,614076.33,596748.849999,2441.83,500,2441.83
0,0,0,0,0,0,0,1,0,0,0,0,21000000,346114.02,614076.33,596748.849999,29112.5,500,9205.38
0,1,0,0,0,0,0,0,0,0,0,0,828000,160300.2,614076.33,596748.849999,11180.46,500,11180.46
0,0,0,0,0,0,0,0,0,1,0,0,193000,145856.41,614076.33,596748.849999,1777.57,500,1777.57
0,0,0,0,0,0,0,0,1,0,0,0,1210000,473420.27,614076.33,667437.060002,65161.76,500,4720.91
1,0,0,0,0,0,0,0,0,0,0,0,412000,531973.07,614076.33,596748.849999,13938.21,500,6293.78
0,0,0,0,0,1,0,0,0,0,0,0,5880000,110448.74,614076.33,48853.82,938.97,500,938.97
0,0,0,1,0,0,0,0,0,0,0,0,1420000,223385.02,614076.33,596748.849999,12363.62,102409.32,12363.62
0,0,0,1,0,0,0,0,0,0,0,0,3910000,327817.49,614076.33,596748.849999,21865.78,500,2172.05
0,0,0,0,0,0,0,0,0,0,1,0,2640000,266190.52,614076.33,596748.849999,2920.82,500,2920.82
0,0,0,0,0,0,0,0,0,0,1,0,2340000,164474.01,614076.33,596748.849999,7336.79,500,7336.79
0,0,0,0,0,0,1,0,0,0,0,0,682000,295364.91,614076.33,596748.849999,142543.33,500,49442.05
0,0,0,0,0,0,1,0,0,0,0,0,700000,295364.91,614076.33,596748.849999,142543.33,500,47952.73
0,0,0,0,0,0,1,0,0,0,0,0,576000,295364.91,614076.33,596748.849999,142543.33,500,288.64
0,0,0,0,1,0,0,0,0,0,0,0,312000,28915.89,614076.33,12176.07,944.12,500,944.12
0,0,0,0,0,0,0,0,1,0,0,0,628000,167.71,678529.8,167.71,3559.77,500,167.71
0,0,0,0,0,0,0,0,1,0,0,0,1790000,282422.96,678529.8,596748.849999,70060.97,500,65276.9
0,0,0,0,0,1,0,0,0,0,0,0,69300000,295364.91,614076.33,596748.849999,142543.33,500,44859.91
0,0,0,1,0,0,0,0,0,0,0,0,2500000,290596.46,614076.33,593399.380001,1541.2,500,1541.2
0,0,0,1,0,0,0,0,0,0,0,0,587000,380442.1,614076.33,667437.060002,15264.27,500,14007.37
1,0,0,0,0,0,0,0,0,0,0,0,1680000,47233.01,614076.33,509678.1,68478.1100001,500,24804.35
1,0,0,0,0,0,0,0,0,0,0,0,3060000,500,614076.33,596748.849999,68478.1100001,500,21245.1
0,0,0,0,1,0,0,0,0,0,0,0,82200000,367074.019999,614076.33,992679.180001,23711.92,500,23711.92
0,0,0,0,0,0,1,0,0,0,0,0,11500000,306385.67,1064444.57,596748.849999,21055.65,40962.77,21055.65
0,0,0,0,0,0,1,0,0,0,0,0,227000,71713.4499998,513037.13,72930.38,6453.94,500,834.53
0,1,0,0,0,0,0,0,0,0,0,0,84200,287352.16,55157.05,161607.54,91282.84,500,26071.16
0,1,0,0,0,0,0,0,0,0,0,0,1700000,481840.54,5122291.13,154378.75,29085.89,500,29085.89
0,0,0,0,0,0,0,0,0,0,1,0,1630000,113613.45,2366.2,509678.1,1875.14,500,1875.14
0,0,0,0,0,0,0,0,0,0,0,1,35200000,146798.85,5122291.13,500,4841.82,500,4841.82
0,0,0,0,0,0,0,0,1,0,0,0,2340000,438618.78,5122291.13,544283.54,77093.72,99778.26,39373.97
0,0,0,0,0,0,1,0,0,0,0,0,2220000,171089.14,5122291.13,544283.54,37018.78,37018.78,37018.78
0,0,0,0,0,0,0,0,0,1,0,0,908000,481840.54,5122291.13,544283.54,35702.84,500,35702.84
0,1,0,0,0,0,0,0,0,0,0,0,4240000,135364.87,5122291.13,544283.54,87441.53,500,9348.02
0,0,0,0,0,0,0,0,0,0,1,0,3280000,186127.03,5122291.13,544283.54,55807.11,500,55807.11
0,0,0,0,0,0,0,0,1,0,0,0,983000,323839.12,5122291.13,667437.060002,87441.53,500,78093.51
0,0,0,0,0,0,0,1,0,0,0,0,1080000,481840.54,5122291.13,544283.54,99378.94,500,68193.49
0,0,1,0,0,0,0,0,0,0,0,0,74400000,11848.19,179.39,179.39,179.39,500,179.39
1,0,0,0,0,0,0,0,0,0,0,0,651000,625.49,76.91,95.29,76.91,500,76.91
0,0,0,0,0,0,0,1,0,0,0,0,208000,568.31,18.38,95.29,18.38,500,18.38
0,0,0,0,0,0,1,0,0,0,0,0,136000,173508.2,55213.37,87939.42,453.16,500,453.16
0,0,0,0,0,0,1,0,0,0,0,0,548000,1975.3,918.97,326.23,326.23,500,326.23
1,0,0,0,0,0,0,0,0,0,0,0,486000,176739.96,1275068.31,14544.98,729.78,500,80.92
0,0,0,0,1,0,0,0,0,0,0,0,486000,176739.96,1275068.31,14544.98,729.78,500,80.92
0,0,0,0,0,0,1,0,0,0,0,0,512000,39.61,39.61,39.61,39.61,500,39.61
0,0,1,0,0,0,0,0,0,0,0,0,342000,49692.96,28663.76,667437.060002,430.9,500,430.9
1,0,0,0,0,0,0,0,0,0,0,0,82900000,2426.49,37.91,49.45,37.91,500,37.91
0,0,0,0,0,0,0,0,0,1,0,0,150000,147517.97,2086.76,44.47,8230.36,500,44.47
0,0,0,0,0,0,1,0,0,0,0,0,81400,126398.77,2086.76,52578.4,3691.99,500,733.63
0,0,0,1,0,0,0,0,0,0,0,0,913000,187261.04,6623.58,974.15,9100.27,500,861.57
0,0,0,0,1,0,0,0,0,0,0,0,6090000,16.19,2086.76,39.4700000001,24.91,500,16.19
0,0,1,0,0,0,0,0,0,0,0,0,1230000,224621.810001,2548.56,6258.67,134.06,500,134.06
0,0,0,0,0,0,0,0,0,0,1,0,151000,32161.46,317155.1,739.21,2458.96,500,384.19
0,0,0,0,0,0,0,0,0,0,1,0,575000,186619.6,317155.1,93505.17,3459.47,500,3459.47
0,0,0,0,0,0,0,0,0,0,1,0,278000,190892.1,317155.1,78219.2799999,13867.55,500,506.99
0,0,0,1,0,0,0,0,0,0,0,0,76700,59696.25,317155.1,6166.32999999,7.74,500,7.74
1,0,0,0,0,0,0,0,0,0,0,0,1280000,500,317155.1,261209.41,11629.8,500,5740.55
0,0,0,0,0,0,0,1,0,0,0,0,59900,11144.64,317155.1,261209.41,6158.59,500,72.71
0,0,0,0,0,0,0,0,1,0,0,0,2060000,159150.21,1064444.57,261209.41,7396.18,500,7396.18
0,1,0,0,0,0,0,0,0,0,0,0,1780000,3400.55000001,317155.1,2074.77,2458.96,500,2074.77
0,0,0,0,0,0,0,0,0,0,0,1,174000,60526.4500002,317155.1,261209.41,75.38,500,75.38
1,0,0,0,0,0,0,0,0,0,0,0,305000,13337.81,317155.1,5491.43,127643.63,500,812.88
0,0,0,1,0,0,0,0,0,0,0,0,1120000,315656.92,5122291.13,992679.180001,66702.2000001,500,21077.65
0,0,0,0,0,0,0,0,0,1,0,0,47200,500,317155.1,15665.84,127643.63,500,1798.54
0,0,0,0,1,0,0,0,0,0,0,0,98700,6607.07,317155.1,72930.38,521.19,500,521.19
0,1,0,0,0,0,0,0,0,0,0,0,70900000,690591.33,1275068.31,989134.63,275751.81,500,273226.86
0,0,0,0,0,0,0,1,0,0,0,0,1560000,164474.01,344408.429999,3080.79,212.86,500,212.86
0,0,0,0,0,0,0,0,0,0,0,1,84100000,346114.02,511109.670001,479410.6,28613.17,500,28613.17
0,0,0,0,0,0,0,0,0,1,0,0,80600000,196005.7,468306.679999,992679.180001,1288.2,500,1288.2
1,0,0,0,0,0,0,0,0,0,0,0,3830000,13583.78,468306.679999,72930.38,19147.46,500,10166.93
0,0,0,0,0,0,0,0,1,0,0,0,5780000,110995.44,344408.429999,12276.91,1217.9,500,1217.9
0,0,0,0,0,0,0,0,0,0,0,1,4320000,336150.76,511109.670001,439947.16,12311.39,500,7582.47
0,0,0,0,0,0,1,0,0,0,0,0,1460000,68896.65,678529.8,57208.08,17962.75,500,6340.25
0,0,0,0,0,0,0,1,0,0,0,0,688000,59696.25,1275068.31,65910.03,12116.13,500,8393.75
0,0,0,0,0,0,0,1,0,0,0,0,794000,126398.77,344408.429999,192527.55,333.57,500,321.61
0,0,0,0,0,0,1,0,0,0,0,0,1190000,139509.78,344408.429999,212276.04,47844.04,500,37112.32
0,0,0,1,0,0,0,0,0,0,0,0,258000,103243.71,5122291.13,667437.060002,210.56,500,210.56
0,0,0,0,0,0,0,1,0,0,0,0,1440000,63058.3100001,5122291.13,70089.8500001,17962.75,500,5675.14
0,0,0,1,0,0,0,0,0,0,0,0,1690000,319882.18,5122291.13,647020.320001,27971.77,500,27971.77
0,0,0,0,0,0,1,0,0,0,0,0,4940000,446032.96,5122291.13,852912.820001,36698.1,52023.6099999,18349.05
0,0,0,0,0,0,1,0,0,0,0,0,4940000,446032.96,5122291.13,852912.820001,36698.1,52023.6099999,18349.05
0,1,0,0,0,0,0,0,0,0,0,0,1680000,331827.65,696351.200001,852912.820001,157820.73,500,67775.03
0,0,0,1,0,0,0,0,0,0,0,0,798000,13821.23,344408.429999,5491.43,127643.63,500,290.28
0,0,0,0,0,0,0,0,0,0,1,0,205000,13740.79,344408.429999,451.29,451.29,500,451.29
0,0,0,0,1,0,0,0,0,0,0,0,323000,22620.86,344408.429999,79.62,79.62,500,79.62
0,0,0,0,0,0,0,1,0,0,0,0,66600000,336150.76,1064444.57,596748.849999,157820.73,103025.72,90045.7
0,0,0,0,1,0,0,0,0,0,0,0,45400,353314.89,344408.429999,70089.8500001,11929.07,500,175.51
0,0,0,0,0,0,0,1,0,0,0,0,1570000,3996.42,344408.429999,15396.02,992.82,355.02,355.02
0,0,0,0,1,0,0,0,0,0,0,0,84900,500,344408.429999,137315.39,8351.32,500,3869.69
0,0,0,0,0,0,0,0,1,0,0,0,100000000,295364.91,468306.679999,261209.41,3880.56,500,3880.56
0,0,0,0,0,0,0,0,0,0,0,1,1200000,102482.87,344408.429999,290.45,1114.05,500,290.45
0,0,0,0,0,0,0,1,0,0,0,0,1450000,431262.52,468306.679999,992679.180001,22980.35,500,5390.25
0,0,0,0,0,0,0,0,1,0,0,0,1000000,103878.35,18338.97,6239.1,2903.45,500,821.88
0,0,0,0,1,0,0,0,0,0,0,0,1150000,126398.77,11757.04,48853.82,142.53,500,142.53
0,0,0,0,0,0,0,0,0,0,1,0,673000,8927.05000002,2548.56,8.2,8.2,500,8.2
0,0,0,0,0,0,0,0,0,0,0,1,209000,2545.39,17264.96,261209.41,2484.05,500,2406.3
1,0,0,0,0,0,0,0,0,0,0,0,508000,37416.64,173.35,69999.57,173.35,500,173.35
0,0,0,0,0,0,0,0,1,0,0,0,103000,500,39474.05,72930.38,127643.63,500,2119.87
1,0,0,0,0,0,0,0,0,0,0,0,2280000,77483.64,10900.56,157473.39,459.87,500,459.87
0,0,0,0,0,0,0,1,0,0,0,0,1750000,192090.31,168896.81,137315.39,11281.35,500,6840.66
0,0,0,0,1,0,0,0,0,0,0,0,89000,13337.81,168896.81,38508.89,5982.44,500,3600.03
1,0,0,0,0,0,0,0,0,0,0,0,151000,147517.97,13122.54,65868.96,66.86,500,66.86
0,0,0,0,0,0,0,0,0,1,0,0,3750000,103991.14,13122.54,159768.71,159.24,500,159.24
0,0,1,0,0,0,0,0,0,0,0,0,27800000,28655.99,13122.54,642.28,642.28,500,642.28
0,0,0,0,1,0,0,0,0,0,0,0,201000,130598.78,13122.54,148506.14,12.07,500,12.07
0,0,0,0,0,0,0,1,0,0,0,0,547000,2610.3,13122.54,702.65,1114.05,500,702.65
0,0,1,0,0,0,0,0,0,0,0,0,884000,154200.19,13122.54,10917.0,1653.64,500,119.74
0,0,0,0,1,0,0,0,0,0,0,0,848000,16468.19,13122.54,10917.0,1653.64,500,1248.81
0,0,0,0,0,1,0,0,0,0,0,0,1860000,227530.0,13122.54,12907.72,1653.64,500,285.09
1,0,0,0,0,0,0,0,0,0,0,0,301000,172507.32,13122.54,120.95,1114.05,500,120.95
0,0,0,0,1,0,0,0,0,0,0,0,700000,103399.62,13122.54,1265.04,620.43,500,517.04
0,0,0,0,0,0,0,0,0,0,0,1,1120000,346114.02,13122.54,12907.72,2451.38,500,1324.66
0,0,1,0,0,0,0,0,0,0,0,0,250000,115279.81,13122.54,148506.14,106.28,500,53.14
0,0,1,0,0,0,0,0,0,0,0,0,250000,115279.81,13122.54,148506.14,106.28,500,53.14
0,0,0,0,0,0,1,0,0,0,0,0,3480000,80703.24,21389.45,37.58,37.58,500,37.58
0,0,1,0,0,0,0,0,0,0,0,0,100000000,86979.41,21389.45,261209.41,326.31,500,326.31
0,0,0,0,0,0,0,0,1,0,0,0,156000,91.82,21389.45,667437.060002,7.14,500,7.14
1,0,0,0,0,0,0,0,0,0,0,0,200000,83584.6,21389.45,97.95,97.95,500,97.95
0,1,0,0,0,0,0,0,0,0,0,0,257000,34615.42,21389.45,733.94,301.45,500,301.45
1,0,0,0,0,0,0,0,0,0,0,0,210000,10.16,21389.45,10.16,10.16,500,10.16
0,0,0,0,0,1,0,0,0,0,0,0,20700,71713.4499998,41989.69,6307.44,432.49,500,432.49
0,0,1,0,0,0,0,0,0,0,0,0,451000,100725.77,41989.69,360790.69,7083.64,500,3611.44
1,0,0,0,0,0,0,0,0,0,0,0,404000,8167.22,350.26,20.98,20.98,500,20.98
0,0,0,0,0,0,0,0,1,0,0,0,623000,27107.65,2366.2,593399.380001,1018.0,500,491.06
0,0,0,0,0,0,1,0,0,0,0,0,531000,500,513037.13,137315.39,8351.32,500,4481.63
0,0,0,0,0,0,0,1,0,0,0,0,2530000,443236.29,17765.25,667437.060002,12282.5,500,2247.52
0,0,0,0,1,0,0,0,0,0,0,0,788000,156571.34,17765.25,4128.12,35.23,500,35.23
0,0,0,0,1,0,0,0,0,0,0,0,598000,120683.14,1275068.31,667437.060002,742.63,500,742.63
0,0,0,0,0,0,0,1,0,0,0,0,387000,36884.08,1477.2,330.55,330.55,500,330.55
0,0,0,0,0,0,0,0,1,0,0,0,148000,903.78,1896.19,1896.19,903.78,500,903.78
0,0,0,0,0,0,0,0,0,1,0,0,1320000,75643.12,1896.19,70822.29,992.41,500,992.41
0,0,0,0,1,0,0,0,0,0,0,0,669000,113282.7,5264.38,111.38,111.38,111.38,111.38
0,0,0,0,0,0,0,0,1,0,0,0,461000,227530.0,5264.38,44.16,44.16,500,44.16
1,0,0,0,0,0,0,0,0,0,0,0,177000,446032.96,27.66,27.66,27.66,500,27.66
0,0,0,0,1,0,0,0,0,0,0,0,117000,500,7746.90999999,4603.45,7533.56,500,4390.1
0,0,0,0,1,0,0,0,0,0,0,0,562000,11144.64,7746.90999999,3143.46,7533.56,500,3143.46
0,0,0,1,0,0,0,0,0,0,0,0,3580000,318.43,7746.90999999,4603.45,741.710000001,500,213.35
0,0,0,0,0,0,0,0,0,1,0,0,65800,6349.01,8.76,232.45,8.76,500,8.76
0,0,0,0,1,0,0,0,0,0,0,0,296000,500,118693.21,31689.15,4782.13,500,1565.74
0,0,0,0,0,0,0,0,1,0,0,0,783000,500,118693.21,31689.15,4782.13,500,1553.85
0,0,0,0,1,0,0,0,0,0,0,0,165000,74833.47,647.08,88.83,88.83,500,88.83
0,0,0,0,0,0,0,0,0,1,0,0,2120000,1383.75,678529.8,647020.320001,2105.15,500,970.77
0,0,0,0,1,0,0,0,0,0,0,0,1030000,500,118693.21,6653.74,4782.13,500,329.42
0,0,0,0,0,1,0,0,0,0,0,0,72500,32.58,647.08,32.58,32.58,500,32.58
0,0,0,0,0,0,0,0,1,0,0,0,1670000,3770.66,121.19,121.19,121.19,500,121.19
0,0,0,0,0,0,0,1,0,0,0,0,302000,363423.64,250.46,1789.86,250.46,500,250.46
0,0,0,0,0,1,0,0,0,0,0,0,598000,500,615.53,72930.38,615.53,500,615.53
0,0,0,0,0,1,0,0,0,0,0,0,89600,13583.78,168896.81,19181.15,553.82,500,553.82
0,0,0,0,0,0,0,1,0,0,0,0,56400000,380442.1,89890.6500002,147298.22,35429.3799999,500,11193.6
0,0,0,0,1,0,0,0,0,0,0,0,237000,9544.92999999,89890.6500002,4686.28,4686.28,500,2358.47
0,0,0,0,1,0,0,0,0,0,0,0,387000,327817.49,89890.6500002,147298.22,2254.12,500,2254.12
1,0,0,0,0,0,0,0,0,0,0,0,5360000,394393.21,688887.6,512359.2,7319.38,500,2590.46
0,1,0,0,0,0,0,0,0,0,0,0,545000,367074.019999,605583.67,647020.320001,3424.78,500,3424.78
0,0,0,0,0,1,0,0,0,0,0,0,1280000,346114.02,605583.67,286122.859999,241691.96,500,49942.77
0,0,0,0,0,0,0,0,0,1,0,0,2730000,63200.94,605583.67,261209.41,2867.93,500,2867.93
0,0,0,0,1,0,0,0,0,0,0,0,4390000,102744.25,1275068.31,360585.2,926.27,926.27,926.27
0,1,0,0,0,0,0,0,0,0,0,0,3240000,363423.64,468306.679999,992679.180001,169994.83,500,35389.03
0,0,0,0,0,0,0,0,0,0,0,1,994000,331827.65,468306.679999,992679.180001,63717.49,500,45720.22
0,0,0,0,0,0,0,0,0,1,0,0,1100000,4845.66,468306.679999,4686.28,4686.28,500,2327.81
0,0,0,0,0,0,0,0,0,0,0,1,255000,2111.7,468306.679999,2111.7,1688.95,500,1688.95
0,0,0,0,0,0,1,0,0,0,0,0,322000,120683.14,468306.679999,992679.180001,2732.78,500,2732.78
0,1,0,0,0,0,0,0,0,0,0,0,12000000,295364.91,468306.679999,992679.180001,23273.58,500,6954.98
0,0,0,0,0,0,1,0,0,0,0,0,282000,54963.75,468306.679999,242.24,242.24,500,242.24
0,0,0,0,0,0,0,0,0,0,1,0,98800,500,468306.679999,6961.63,120.97,500,120.97
0,1,0,0,0,0,0,0,0,0,0,0,1210000,238225.22,1064444.57,667437.060002,25371.2,500,25371.2
0,1,0,0,0,0,0,0,0,0,0,0,801000,443236.29,1064444.57,992679.180001,1333.82,500,1333.82
0,1,0,0,0,0,0,0,0,0,0,0,2880000,319882.18,168896.81,137315.39,6674.3,500,6620.23
0,0,0,0,0,0,0,0,1,0,0,0,851000,431262.52,5054.82999999,5054.82999999,47844.04,500,1333.07
0,0,0,0,0,0,1,0,0,0,0,0,1300000,8135.96,74224.87,513445.43,3721.76,3721.76,1860.88
0,0,0,0,0,0,0,0,1,0,0,0,1300000,8135.96,74224.87,513445.43,3721.76,3721.76,1860.88
0,1,0,0,0,0,0,0,0,0,0,0,1230000,353314.89,511109.670001,88222.06,66702.2000001,500,17796.94
0,0,0,0,0,0,0,0,0,0,0,1,1290000,165410.38,176878.37,156797.71,4903.27,500,4903.27
0,0,0,0,0,0,1,0,0,0,0,0,1970000,380442.1,1064444.57,509678.1,39691.56,500,39691.56
0,0,0,0,0,0,0,0,1,0,0,0,2340000,288080.04,1064444.57,992679.180001,98718.53,500,98718.53
0,0,1,0,0,0,0,0,0,0,0,0,279000,30334.59,7548.16,2822.69,2362.82,500,2362.82
0,0,0,0,0,0,0,0,0,1,0,0,194000,580.3,7548.16,580.3,580.3,500,580.3
0,0,0,0,0,0,0,1,0,0,0,0,1360000,413.09,7548.16,394.45,394.45,500,394.45
0,0,0,0,0,0,0,0,1,0,0,0,211000,108588.88,7548.16,125528.15,377.02,500,377.02
0,0,0,0,0,0,1,0,0,0,0,0,777000,3672.63,7548.16,647020.320001,49.67,500,49.67
0,0,0,0,0,0,0,0,0,0,0,1,202000,67981.39,7548.16,233.63,233.63,500,233.63
0,1,0,0,0,0,0,0,0,0,0,0,296000,2589.17,7548.16,507.6,869.390000001,500,507.6
0,0,1,0,0,0,0,0,0,0,0,0,405000,1965.89,7548.16,1265.04,748.0,500,374
0,0,1,0,0,0,0,0,0,0,0,0,405000,1965.89,7548.16,1265.04,748.0,500,374
1,0,0,0,0,0,0,0,0,0,0,0,208000,147517.97,7548.16,908.06,853.99,500,853.99
0,0,0,0,0,0,0,0,0,0,1,0,176000,244467.1,1154.37,1539.14,488.9,500,488.9
0,0,0,0,0,0,0,0,0,0,1,0,626000,37416.64,79.87,63655.48,79.87,500,79.87
0,0,0,0,0,0,1,0,0,0,0,0,3020000,193553.12,1607.61,360585.2,2161.49,1607.61,803.79
0,0,0,0,0,0,1,0,0,0,0,0,3020000,193553.12,1607.61,360585.2,2161.49,1607.61,803.82
0,1,0,0,0,0,0,0,0,0,0,0,134000,192090.31,344028.42,72522.05,667.93,500,667.93
1,0,0,0,0,0,0,0,0,0,0,0,2440000,303.16,344028.42,225.48,225.48,500,225.48
0,0,0,0,1,0,0,0,0,0,0,0,1550000,690591.33,845989.139999,479410.6,63708.68,500,37271.69
0,0,0,0,0,0,0,0,0,1,0,0,21800000,383000.910001,344028.42,479410.6,4547.17,500,4547.17
0,0,0,0,0,0,0,1,0,0,0,0,78700,54963.75,5122291.13,72522.05,1097.03,500,1097.03
0,0,0,0,0,0,0,1,0,0,0,0,10700,531973.07,5122291.13,72522.05,113.22,500,113.22
0,0,0,0,0,0,0,0,1,0,0,0,95400000,353314.89,344028.42,989134.63,63708.68,500,26436.99
0,0,0,0,0,0,0,0,0,1,0,0,272000,7433.79,344028.42,667437.060002,442.05,500,442.05
0,0,0,0,0,1,0,0,0,0,0,0,352000,531973.07,3746.68,52578.4,470.71,500,470.71
0,0,0,0,0,0,0,0,0,1,0,0,294000,31.53,31.53,682.06,31.53,500,31.53
0,0,0,0,0,0,0,0,0,0,1,0,100000000,282422.96,30935.3799999,852912.820001,4320.7,500,4320.7
0,0,0,0,0,1,0,0,0,0,0,0,637000,13578.08,30935.3799999,259329.44,743.89,500,743.89
0,0,0,0,0,0,0,0,0,0,0,1,8640000,353314.89,166267.0,192527.55,117996.18,500,22740.65
0,0,0,0,0,0,0,0,1,0,0,0,6820000,35927.44,1275068.31,123567.8,52314.37,4741.99,4741.99
0,0,0,0,0,0,0,1,0,0,0,0,1060000,229414.42,240743.020001,155039.08,1803.99,38502.09,1803.99
0,0,0,0,0,0,0,1,0,0,0,0,2130000,81150.16,85254.99,273753.6,185.5,185.5,92.75
0,0,0,0,0,0,0,1,0,0,0,0,2130000,81150.16,85254.99,273753.6,185.5,185.5,92.75
1,0,0,0,0,0,0,0,0,0,0,0,57300,17301.74,21280.9,6799.30000002,35.8,500,35.8
0,0,1,0,0,0,0,0,0,0,0,0,3930000,386229.06,5189.42000001,667437.060002,3756.88,500,3756.88
0,0,0,0,0,0,0,0,1,0,0,0,271000,19529.68,5189.42000001,274027.85,19147.46,500,800.99
0,0,0,0,1,0,0,0,0,0,0,0,199000,431262.52,5274.4,15137.08,700.76,500,700.76
0,0,0,0,0,0,0,1,0,0,0,0,72900,70787.02,9.61,9.61,9.61,9.61,9.61
0,0,0,1,0,0,0,0,0,0,0,0,811000,290596.46,14482.28,54738.38,3935.62,500,887.67
0,0,0,0,0,0,0,0,1,0,0,0,4980000,77483.64,14482.28,279662.81,3935.62,500,3047.95
0,0,0,0,0,0,0,1,0,0,0,0,1220000,32667.77,14482.28,10967.38,171.28,1953.82,171.28
0,0,0,0,1,0,0,0,0,0,0,0,696000,1096.46,14482.28,10967.38,694.3,694.3,694.3
0,0,0,0,0,0,1,0,0,0,0,0,866000,1406.14,14482.28,54738.38,1003.98,1953.82,501.99
0,0,0,0,0,0,1,0,0,0,0,0,866000,1406.14,14482.28,54738.38,1003.98,1953.82,501.99
0,0,0,0,0,0,0,1,0,0,0,0,828000,6564.82,14482.28,10967.38,3230.44,500,1406.14
0,0,1,0,0,0,0,0,0,0,0,0,863000,6564.82,14482.28,54738.38,903.16,500,903.16
0,0,0,0,0,0,0,1,0,0,0,0,363000,154200.19,14482.28,360.09,89.32,500,41.94
0,0,0,0,0,0,0,0,0,0,0,1,290000,1190.72,14482.28,54738.38,177.62,500,177.62
0,0,0,0,0,0,0,0,1,0,0,0,156000,76739.44,14482.28,332.33,332.33,500,332.33
1,0,0,0,0,0,0,0,0,0,0,0,349000,70697.31,14482.28,596.87,380.44,500,380.44
0,0,0,0,0,0,0,0,0,1,0,0,3940000,6564.82,14482.28,7190.38999998,3230.44,500,1207.57
0,0,0,0,0,0,1,0,0,0,0,0,875000,1609.73,14482.28,10967.38,3230.44,500,402.16
0,0,0,0,0,1,0,0,0,0,0,0,617000,69091.38,14482.28,1144.33,1051.55,1051.55,1051.55
0,0,0,1,0,0,0,0,0,0,0,0,905000,555.15,14482.28,10967.38,3691.99,1953.82,555.15
0,0,0,0,0,0,0,0,1,0,0,0,753000,730.4,14482.28,10967.38,223.41,1953.82,223.41
0,0,0,0,0,1,0,0,0,0,0,0,358000,3730.41,14482.28,10967.38,1291.89,500,1289.24
0,0,0,0,0,0,0,0,1,0,0,0,34500,104207.6,14482.28,740.88,323.45,500,323.45
0,0,0,0,0,0,0,0,1,0,0,0,137000,102482.87,14482.28,10967.38,1181.15,500,382.94
0,0,0,0,0,0,0,1,0,0,0,0,677000,1006.47,383.3,10286.97,305.62,500,305.62
0,0,0,0,0,0,0,0,0,1,0,0,980000,47017.03,383.3,645.62,77.68,500,77.68
0,0,0,0,0,0,1,0,0,0,0,0,275000,33594.4400001,1275068.31,55.66,55.66,500,55.66
0,0,0,1,0,0,0,0,0,0,0,0,2120000,315656.92,1275068.31,667437.060002,3559.77,3203.86,3203.86
0,0,0,0,0,0,0,0,1,0,0,0,18200000,139509.78,1275068.31,667437.060002,21865.78,81462.01,3368.16
0,1,0,0,0,0,0,0,0,0,0,0,872000,491.61,1275068.31,29.57,103.39,500,29.57
0,1,0,0,0,0,0,0,0,0,0,0,376000,48910.74,1275068.31,3519.63,3519.63,500,3519.63
0,0,0,0,0,1,0,0,0,0,0,0,6710000,236648.6,1275068.31,14.97,14.97,500,14.97
0,0,0,0,0,0,0,1,0,0,0,0,2310000,383000.910001,1275068.31,360585.2,3733.78,3733.78,3733.78
0,0,1,0,0,0,0,0,0,0,0,0,17300000,10576.81,1275068.31,169725.57,1371.43,500,1371.43
0,0,0,0,0,0,1,0,0,0,0,0,1100000,306385.67,1275068.31,360585.2,15385.98,81462.01,7692.99
0,0,0,0,0,0,1,0,0,0,0,0,1100000,306385.67,1275068.31,360585.2,15385.98,81462.01,7692.99
0,0,0,0,0,0,1,0,0,0,0,0,609000,71.53,1275068.31,71.53,71.53,500,71.53
0,0,0,0,0,0,0,1,0,0,0,0,89500000,2.31,1275068.31,2.31,2.31,500,2.31
0,0,0,0,0,1,0,0,0,0,0,0,71200,500,7.13,7.13,7.13,500,7.13
0,0,0,0,0,0,0,1,0,0,0,0,153000,38675.29,2148.13,102.65,102.65,500,102.65
0,0,0,0,0,0,0,0,1,0,0,0,5860000,2644.47,378063.6,667437.060002,35.57,500,35.57
0,0,0,0,0,0,0,1,0,0,0,0,1240000,98.49,168896.81,98.49,98.49,500,98.49
0,0,0,1,0,0,0,0,0,0,0,0,106000,71713.4499998,168896.81,99425.79,711.14,500,711.14
0,0,0,0,0,0,0,0,1,0,0,0,271000,163.34,168896.81,43.15,43.15,500,43.15
0,0,0,0,0,0,1,0,0,0,0,0,317000,500,168896.81,512359.2,4551.75,500,4551.75
0,0,0,0,0,1,0,0,0,0,0,0,170000,188.72,168896.81,188.72,188.72,500,188.72
0,0,0,0,0,0,0,0,1,0,0,0,1130000,500,168896.81,70089.8500001,672.71,500,672.71
0,0,0,0,0,0,0,0,0,0,0,1,2920000,288080.04,168896.81,8238.7,9100.27,500,8238.7
0,0,0,0,0,0,0,1,0,0,0,0,450000,63547.41,168896.81,512359.2,11929.07,500,6085.88
1,0,0,0,0,0,0,0,0,0,0,0,702000,244467.1,168896.81,286122.859999,13938.21,500,2591.68
0,0,1,0,0,0,0,0,0,0,0,0,2220000,346114.02,168896.81,286122.859999,2132.88,500,2132.88
0,0,0,0,1,0,0,0,0,0,0,0,5640000,110448.74,168896.81,99425.79,3282.89,500,3282.89
0,0,0,0,0,0,1,0,0,0,0,0,1710000,363423.64,1064444.57,227565.64,14383.14,500,14383.14
0,0,0,0,0,0,0,0,0,1,0,0,64200,43555.43,26.55,26.55,26.55,500,26.55
1,0,0,0,0,0,0,0,0,0,0,0,2350000,154200.19,500,2284.61,1310.03,500,1310.03
0,0,0,0,0,0,0,0,1,0,0,0,427000,31808.0300001,500,1947.49,1947.49,500,1947.49
0,1,0,0,0,0,0,0,0,0,0,0,228000,8887.59,500,5855.74,46.71,500,46.71
1,0,0,0,0,0,0,0,0,0,0,0,14200000,473420.27,500,286122.859999,220945.88,500,35364.63
0,1,0,0,0,0,0,0,0,0,0,0,1230000,531973.07,500,78643.09,220945.88,500,78643.09
0,1,0,0,0,0,0,0,0,0,0,0,71000,500,500,500,500,500,174.64
0,0,0,1,0,0,0,0,0,0,0,0,305000,102482.87,500,190.87,220945.88,500,190.87
0,0,0,0,0,0,0,0,0,0,0,1,373000,500,500,500,500,500,3268.46
0,0,0,0,1,0,0,0,0,0,0,0,3120000,500,500,3.42,500,500,3.42
0,0,0,0,0,0,1,0,0,0,0,0,1100000,500,500,500,500,500,1516.92
0,0,0,0,0,0,1,0,0,0,0,0,1100000,500,500,500,500,500,1517.16
1,0,0,0,0,0,0,0,0,0,0,0,820000,2429.13,500,3700.5,42.71,500,42.71
0,0,0,1,0,0,0,0,0,0,0,0,1390000,247635.859999,500,259329.44,4473.3,500,4473.3
0,0,0,0,0,0,0,1,0,0,0,0,2760000,500,500,500,500,500,16428.73
0,0,0,0,0,0,0,0,0,0,1,0,909000,930.91,500,31689.15,119.99,500,119.99
0,0,1,0,0,0,0,0,0,0,0,0,1590000,4689.48,500,196.48,196.48,500,196.48
0,0,1,0,0,0,0,0,0,0,0,0,40500,500,500,500,500,500,1884.81
0,0,1,0,0,0,0,0,0,0,0,0,2730000,500,500,500,500,500,1886.85
0,0,1,0,0,0,0,0,0,0,0,0,3350000,500,500,500,500,500,1886.85
0,0,0,1,0,0,0,0,0,0,0,0,2370000,129024.62,500,5855.74,234.11,500,234.11
0,0,1,0,0,0,0,0,0,0,0,0,2430000,57247.08,500,29904.09,5487.37,500,5487.37
0,0,0,0,0,0,0,0,0,1,0,0,100000,159150.21,500,67630.17,20742.39,500,3819.31
0,0,0,0,0,0,0,1,0,0,0,0,16200000,500,500,500,500,500,386.92
0,0,0,0,1,0,0,0,0,0,0,0,285000,190892.1,500,25.82,25.82,500,25.82
0,0,0,0,0,0,1,0,0,0,0,0,2240000,49716.26,500,163.85,163.85,500,163.85
0,0,0,0,0,0,0,0,0,1,0,0,1530000,295364.91,500,72522.05,1652.68,500,1652.68
0,0,0,0,1,0,0,0,0,0,0,0,698000,13583.78,500,250.06,741.710000001,500,144.98
0,0,0,0,0,0,0,0,0,1,0,0,3760000,500,500,500,500,500,24933.6
0,0,0,0,1,0,0,0,0,0,0,0,8130000,146549.29,500,360790.69,324.66,500,324.66
0,0,0,0,0,0,0,0,0,0,1,0,384000,323839.12,500,146367.15,5471.09,500,5471.09
0,0,0,0,1,0,0,0,0,0,0,0,3580000,500,500,22.18,22.18,500,22.18
0,0,1,0,0,0,0,0,0,0,0,0,709000,353314.89,500,989134.63,102590.77,500,22627.91
0,0,0,0,0,0,0,0,1,0,0,0,78900000,500,500,500,500,500,1676.59
0,0,0,0,0,0,0,1,0,0,0,0,994000,57744.91,500,32.78,32.78,500,32.78
0,0,0,0,0,0,0,0,0,0,0,1,74300000,113282.7,500,10.64,18.18,500,10.64
0,0,0,0,0,0,0,1,0,0,0,0,789000,500,500,500,500,500,1881.49
0,0,0,0,0,0,0,0,0,1,0,0,6330000,33594.4400001,500,57.0,57.0,500,57
0,1,0,0,0,0,0,0,0,0,0,0,455000,117169.76,500,8439.45999999,40836.5499999,500,2813.02
0,0,0,0,0,1,0,0,0,0,0,0,92000000,28289.56,500,342.33,342.33,500,342.33
0,0,1,0,0,0,0,0,0,0,0,0,374000,531973.07,500,479410.6,6085.24,500,6085.24
0,0,0,0,0,0,0,0,0,1,0,0,576000,36899.19,500,479410.6,1039.58,500,1039.58
1,0,0,0,0,0,0,0,0,0,0,0,1440,500,500,500,500,500,1882.69
0,0,0,0,0,0,0,0,1,0,0,0,173000,3.69,500,3.69,3.69,500,3.69
1,0,0,0,0,0,0,0,0,0,0,0,816000,500,500,500,500,500,1609.88
0,1,0,0,0,0,0,0,0,0,0,0,326000,500,500,500,500,500,174.76
0,0,0,0,0,0,0,0,1,0,0,0,3770000,282422.96,500,136704.74,11783.13,500,11783.13
0,0,0,0,0,0,0,0,1,0,0,0,1130000,223218.36,500,146367.15,7290.97,500,7290.97
0,0,0,1,0,0,0,0,0,0,0,0,515000,433870.83,500,71280.66,17617.84,500,17617.84
1,0,0,0,0,0,0,0,0,0,0,0,4260000,229949.03,500,48853.82,803.75,500,803.75
0,0,0,1,0,0,0,0,0,0,0,0,925000,54089.77,500,177060.5,14012.03,500,14012.03
0,0,0,0,0,0,0,0,1,0,0,0,1470000,277895.29,500,596748.849999,38446.62,500,38446.62
0,0,0,0,1,0,0,0,0,0,0,0,1470000,457025.31,500,544283.54,63121.8,500,63121.8
0,0,0,0,0,0,1,0,0,0,0,0,291000,42490.56,500,66.22,205.71,500,66.22
0,0,0,0,0,1,0,0,0,0,0,0,216000,500,500,500,500,500,619.53
0,0,0,0,0,1,0,0,0,0,0,0,9360000,531973.07,500,989134.63,347.25,500,347.25
0,1,0,0,0,0,0,0,0,0,0,0,415000,270595.27,500,40466.08,1391.42,500,1391.42
0,0,1,0,0,0,0,0,0,0,0,0,413000,103991.14,500,17.03,17.03,500,17.03
0,0,1,0,0,0,0,0,0,0,0,0,215000,129024.62,500,5855.74,264.45,500,264.45
0,0,1,0,0,0,0,0,0,0,0,0,938000,80301.72,500,284871.06,18980.53,500,18980.53
1,0,0,0,0,0,0,0,0,0,0,0,867000,167576.17,500,161607.54,91282.84,500,65211.68
0,0,0,0,0,0,0,0,0,0,1,0,449000,226092.79,500,159645.08,52320.9999999,500,15806.81
0,0,0,0,0,0,0,0,1,0,0,0,43800000,1339.4,500,5.58,5.58,500,5.58
0,0,0,0,0,0,0,0,0,1,0,0,2400000,268874.3,500,146367.15,500,500,11956.43
0,1,0,0,0,0,0,0,0,0,0,0,2420000,76.49,500,29.11,29.11,500,29.11
0,0,0,0,0,0,0,0,1,0,0,0,261000,120683.14,500,500,897.13,500,897.13
1,0,0,0,0,0,0,0,0,0,0,0,60300,272.81,500,9.54,9.54,500,9.54
1,0,0,0,0,0,0,0,0,0,0,0,2350000,418097.76,500,78219.2799999,13867.55,500,13360.56
0,1,0,0,0,0,0,0,0,0,0,0,300000,130598.78,500,286122.859999,545.78,500,53.87
0,0,0,0,0,0,0,1,0,0,0,0,5230000,13407.43,500,20.66,20.66,500,20.66
0,0,0,0,0,0,0,0,1,0,0,0,1310000,189685.93,500,240770.14,11802.6,500,11802.6
0,0,0,0,0,0,0,0,0,1,0,0,482000,32667.77,500,404.34,404.34,500,404.34
0,1,0,0,0,0,0,0,0,0,0,0,6840000,383000.910001,500,667437.060002,125151.13,500,55162.31
0,1,0,0,0,0,0,0,0,0,0,0,6840000,383000.910001,500,667437.060002,125151.13,500,69988.82
0,1,0,0,0,0,0,0,0,0,0,0,168000,13740.79,500,500,309.48,500,309.48
0,0,0,1,0,0,0,0,0,0,0,0,2320000,150343.95,500,67630.17,20742.39,500,16923.08
0,0,0,0,0,1,0,0,0,0,0,0,371000,23.55,500,23.55,23.55,23.55,23.55
0,0,1,0,0,0,0,0,0,0,0,0,156000,3187.68,500,37.15,37.15,500,37.15
0,0,1,0,0,0,0,0,0,0,0,0,209000,16.19,500,129928.89,16.19,500,14.39
0,1,0,0,0,0,0,0,0,0,0,0,65500,68.85,500,1789.86,500,500,68.85
0,0,0,0,0,0,0,0,0,0,1,0,8910000,14746.4,500,489.77,489.77,500,489.77
0,0,0,0,0,0,0,0,0,1,0,0,363000,500,500,149.73,149.73,500,149.73
0,1,0,0,0,0,0,0,0,0,0,0,181000,161586.61,500,500,75.62,500,75.62
0,1,0,0,0,0,0,0,0,0,0,0,165000,10341.92,500,70089.8500001,3686.06,500,790.94
0,0,0,1,0,0,0,0,0,0,0,0,165000,10341.92,500,70089.8500001,3686.06,500,790.94
0,1,0,0,0,0,0,0,0,0,0,0,165000,10341.92,500,70089.8500001,3686.06,500,1052.09
0,0,0,1,0,0,0,0,0,0,0,0,165000,10341.92,500,70089.8500001,3686.06,500,1052.09
0,0,0,1,0,0,0,0,0,0,0,0,262000,500,500,500,500,500,4037.43
0,0,0,1,0,0,0,0,0,0,0,0,633000,305757.96,500,259329.44,35429.3799999,500,10507.53
0,0,1,0,0,0,0,0,0,0,0,0,828000,79449.2600001,500,259266.48,14614.71,500,14614.71
0,0,0,0,0,0,0,0,0,1,0,0,184000,43555.43,500,129928.89,40858.27,500,19.87
0,0,0,1,0,0,0,0,0,0,0,0,52700000,35420.65,500,1353.3,1353.3,500,1353.3
0,0,0,0,0,0,0,0,0,0,1,0,1370000,20051.27,500,117.47,28.05,500,28.05
0,0,0,1,0,0,0,0,0,0,0,0,5850000,114151.78,500,500,12511.17,500,2417.93
0,0,0,0,0,0,1,0,0,0,0,0,11800000,44696.0,500,101.64,446.17,500,101.64
0,0,1,0,0,0,0,0,0,0,0,0,421000,55635.11,500,500,546.59,500,546.59
0,0,1,0,0,0,0,0,0,0,0,0,887000,60526.4500002,500,74.52,74.52,500,74.52
0,0,0,0,0,0,0,1,0,0,0,0,2000000,83557.01,500,667437.060002,2736.4,500,2736.4
0,0,0,0,0,0,0,1,0,0,0,0,46500,1.07,500,1.07,1.07,500,1.07
0,0,0,0,0,0,0,0,0,0,1,0,364000,129235.68,500,286122.859999,7601.71,500,68.76
0,0,0,0,1,0,0,0,0,0,0,0,190000,37714.6100001,500,369.33,369.33,500,369.33
0,0,1,0,0,0,0,0,0,0,0,0,239000,2.13,500,2.13,2.13,500,2.13
0,0,0,0,0,0,0,0,0,0,1,0,1420000,248563.64,500,67630.17,3841.8,500,3841.8
0,0,0,0,0,0,0,0,0,1,0,0,283000,1695.13,500,39.4700000001,14.56,500,14.56
0,0,0,0,0,0,1,0,0,0,0,0,1560000,13286.71,500,72930.38,6453.94,500,5619.41
1,0,0,0,0,0,0,0,0,0,0,0,1780000,690591.33,500,641223.31,61567.04,500,25047.18
0,0,1,0,0,0,0,0,0,0,0,0,895000,251733.34,500,10848.96,20336.22,500,10848.96
0,0,0,1,0,0,0,0,0,0,0,0,176000,28289.56,500,117.91,117.91,500,117.91
0,0,0,0,0,0,0,0,0,0,1,0,676000,2968.24,500,67630.17,2968.24,500,2968.24
0,0,0,0,0,0,0,0,0,0,0,1,352000,154210.79,500,3393.82,3366.88,500,3366.88
0,0,0,0,0,0,0,0,0,0,0,1,1160000,690591.33,500,989134.63,42317.04,500,16842.27
0,0,0,0,1,0,0,0,0,0,0,0,1950000,500,500,3.57,500,500,3.57
0,0,1,0,0,0,0,0,0,0,0,0,464000,165410.38,500,5855.74,3657.79,500,3657.79
0,0,0,1,0,0,0,0,0,0,0,0,151000,44.37,500,44.37,44.37,500,44.37
0,0,0,0,0,0,0,0,0,0,0,1,1090000,19529.68,500,2979.89,166.87,500,166.87
0,0,0,0,0,0,0,0,0,0,1,0,572000,91041.27,500,29904.09,12603.89,500,12603.89
0,0,0,0,0,0,0,0,0,0,0,1,48000000,531973.07,500,647020.320001,32216.51,500,32049.61
0,0,0,0,0,1,0,0,0,0,0,0,216000,531973.07,500,169725.57,2451.38,500,1126.72
1,0,0,0,0,0,0,0,0,0,0,0,5510000,77.75,500,99425.79,2484.05,500,77.75
0,0,0,0,0,0,0,0,0,0,1,0,79800,6.43,500,6.43,6.43,500,6.43
0,1,0,0,0,0,0,0,0,0,0,0,659000,156.36,500,1131.78,834.74,500,156.36
0,0,0,0,0,0,0,0,0,0,1,0,304000,39497.69,500,504.35,504.35,500,504.35
0,0,1,0,0,0,0,0,0,0,0,0,1180000,87681.61,500,989134.63,992.82,500,637.8
0,0,0,0,0,0,0,0,0,0,0,1,466000,19570.48,500,280.04,280.04,500,280.04
0,0,1,0,0,0,0,0,0,0,0,0,3580000,74058.8,500,667437.060002,3559.77,500,188.2
0,0,0,0,0,0,1,0,0,0,0,0,2410000,43478.9300001,500,4884.89,4884.89,500,4884.89
0,0,1,0,0,0,0,0,0,0,0,0,191000,531973.07,500,137315.39,220945.88,500,6512.71
0,0,0,0,0,0,0,0,0,1,0,0,1870000,305757.96,500,1046.99,1046.99,500,1046.99
0,0,0,0,0,0,0,0,1,0,0,0,478000,59696.25,500,12116.13,12116.13,500,3722.38
0,0,0,0,0,0,0,0,0,0,1,0,3340000,39393.54,500,67.9,67.9,500,67.9
0,0,0,0,0,0,0,1,0,0,0,0,1890000,224621.810001,500,12176.07,8230.36,500,8185.89
0,0,1,0,0,0,0,0,0,0,0,0,1170000,252402.42,500,27297.27,6849.35,500,6849.35
0,0,0,1,0,0,0,0,0,0,0,0,160000,3223.19,500,1144.33,13.4,500,13.4
0,0,0,0,0,0,0,0,0,0,1,0,960000,1933.74,500,6799.30000002,19.96,500,19.96
0,0,1,0,0,0,0,0,0,0,0,0,1700000,102744.25,500,9613.69,6685.16,500,6685.16
0,0,0,0,1,0,0,0,0,0,0,0,2590000,8.12,500,8.12,8.12,500,8.12
0,0,0,1,0,0,0,0,0,0,0,0,81300,365.19,500,400.55,103.39,500,73.82
0,1,0,0,0,0,0,0,0,0,0,0,100000000,443236.29,500,667437.060002,17820.74,500,3251.18
0,0,0,0,1,0,0,0,0,0,0,0,43100,500,500,1131.78,500,500,297.04
0,0,0,0,0,1,0,0,0,0,0,0,124000,7539.6,500,87939.42,125.95,500,125.95
0,0,0,1,0,0,0,0,0,0,0,0,49500,129024.62,500,360790.69,2161.49,500,553.88
