movieName,TotalScreens,normalized
,11088,0.005391922
0.5的爱情,8611,0.004187287
007：大破天幕杀机,369601,0.179746954
007：大破量子危机,415,0.00020134
007：幽灵党,601738,0.292641755
101次求婚,234597,0.114090683
18岁18天,2,4.86328E-07
1980年代的爱情,7058,0.003432019
2012 3D,5,1.94531E-06
201314,45774,0.022260707
201413,7653,0.003721384
201413爱你一世一生,10494,0.005103043
2014艺术影院第一批篇目,12,5.34961E-06
2015年1月艺术影院国产片,2,4.86328E-07
2015法国新浪潮电影回顾展,12,5.34961E-06
2016国家大剧院国际歌剧电影展,3,9.72657E-07
2016年乌兹别克斯坦电影周,1,0
2016年国家大剧院国际歌剧电影展,31,1.45899E-05
2016年意大利电影展映,2,4.86328E-07
2016新西兰电影节,1,0
2016法国电影展映活动,47,2.23711E-05
21岁派对,21697,0.01055138
234说爱你,44913,0.021841978
37次想你,6810,0.00331141
3D食人虫,82835,0.040284522
405谋杀案,2,4.86328E-07
4B青年之4楼B座,34685,0.016867812
5月天诺亚方舟,45731,0.022239795
5颗子弹,2,4.86328E-07
708090之深圳恋歌,7456,0.003625578
80’后,1,0
80后的独立宣言,1128,0.000548092
81号农场之保卫麦咭,79912,0.038862984
81号农场之疯狂的麦咭,37982,0.018471237
9号女神,187,9.04571E-05
B+侦探,499,0.000242192
B区32号,87,4.18242E-05
CCG EXPO动画电影展,6,2.43164E-06
CCG EXPO动画电影展映,1,0
Hello！树先生！,5,1.94531E-06
Hi，高考君,1478,0.000718307
HOLD住爱,11,4.86328E-06
N见钟情,168,8.12168E-05
U盘,3014,0.001465307
X战警2,678,0.000329244
X战警：天启,958907,0.466343161
X战警：背水一战,247,0.000119637
X战警：逆转未来,645256,0.313805792
“杏”福来敲门,57,2.72344E-05
一万年以后,97269,0.047304185
一不留神,10,4.37696E-06
一个人的武林,260727,0.126798442
一个勺子,74393,0.036178938
一个和八个,1,0
一个温州的女人,7543,0.003667888
一个老师的学校,1117,0.000542742
一九四二,2025,0.000984329
一代宗师,319557,0.155409138
一代宗师3D,91244,0.044374057
一八九四&middot;甲午大海战,44,2.09121E-05
一兵一卒,13,5.83594E-06
一切都好,45744,0.022246117
一刻十年,1951,0.00094834
一剑钟情,4,1.45899E-06
一句顶一万句,10,4.37696E-06
一只狗的大学时光,1,0
一号目标,19150,0.009312701
一场风花雪月的事,57275,0.027853969
一夜危机,1955,0.000950286
一夜惊喜,225358,0.109597495
一夜成名,90,4.32832E-05
一家老小向前冲,18082,0.008793303
一座城池,41166,0.020019706
一念天堂,127852,0.062177564
一条叫王子的狗,5847,0.002843075
一棵心中的许愿树,1106,0.000537393
一步之城,64,3.06387E-05
一步之遥,478792,0.232849631
一江明烛,8,3.4043E-06
一生一世,401458,0.195239915
一生有爱,27,1.26445E-05
一触即发,277302,0.134859334
一诺重如山,4,1.45899E-06
一路向前,31897,0.015511929
一路惊喜,137831,0.067030635
一路有你,4,1.45899E-06
一路狂奔,35955,0.017485449
一路顺疯,58769,0.028580544
七小罗汉,27,1.26445E-05
七月与安生,449872,0.218785016
七月半2：前世今生,39586,0.019251307
七月半之恐怖宿舍,56786,0.027616155
万万没想到,461481,0.224430801
万有引力,8,3.4043E-06
万物生长,257145,0.125056414
万箭穿心,1699,0.000825786
三七情缘,4,1.45899E-06
三个和尚,2,4.86328E-07
三个孬家伙,4368,0.002123796
三个未婚妈妈,28,1.31309E-05
三人行,254423,0.123732628
三分钟先生,3,9.72657E-07
三十七,4,1.45899E-06
三只小猪与神灯,69762,0.033926751
三国之见龙卸甲,1151,0.000559278
三城记,57536,0.027980901
三小强,23848,0.011597472
三岔口,69,3.30703E-05
三峡好人,7,2.91797E-06
三更车库,45077,0.021921736
三月情流感,13847,0.006733702
三毛从军记,1,0
三毛流浪记,1,0
三笑之才子佳人,44,2.09121E-05
上学路上,4,1.45899E-06
上海“文学与电影”展映活动,6,2.43164E-06
上海公园,132,6.3709E-05
上海英国电影周,3,9.72657E-07
下一个奇迹,3,9.72657E-07
下一站再爱你,7505,0.003649408
不二神探,363720,0.176886857
不会再有明天,7,2.91797E-06
不再让你孤单,2,4.86328E-07
不再说分手,35960,0.017487881
不可思异,255627,0.124318168
不怕贼惦记,108,5.20371E-05
不惧风暴,272567,0.13255657
不是钱的事,26,1.21582E-05
不是闹着玩的,58,2.77207E-05
不朽的时光,6195,0.003012318
不爱不散,9345,0.004544252
不肯去观音,6939,0.003374146
不能忘却的长征,4,1.45899E-06
不能说的夏天,63702,0.030979601
不能错过,596,0.000289365
不要迷恋姐,926,0.000449854
不见不散,2208,0.001073327
不许动,21,9.72657E-06
不速之客,28240,0.013733426
不需要初恋的夏天,3,9.72657E-07
与时尚同居,1,0
与贼同屋,6330,0.003077972
丑女大翻身,19,8.75391E-06
丑小鸭历险记,31475,0.015306698
丑男大翻身,1123,0.00054566
世纪大阅兵,6,2.43164E-06
丘吉尔的好莱坞生涯,3,9.72657E-07
丛林之王,61503,0.029910165
丛林有情狼,404,0.00019599
东京审判,3,9.72657E-07
东北偏北,8025,0.003902299
东方中国梦,462,0.000224197
东方大港,4,1.45899E-06
东莞女孩,1332,0.000647303
东邪西毒:终极版,22,1.02129E-05
丝路英雄·云镝,3309,0.001608774
丢羊,280,0.000135686
两个人的房间,4,1.45899E-06
中国合伙人,625080,0.303993631
中国好声音之为你转身,22278,0.010833936
丰年,2,4.86328E-07
临时同居,220697,0.107330719
临时约定,241,0.000116719
临沧的诱惑,60,2.86934E-05
临终囧事,51507,0.025048827
为了这片土地,590,0.000286447
为梦想，跑,10,4.37696E-06
为爱放手,5415,0.002632982
举起手来,2,4.86328E-07
乌龙戏凤2012,19,8.75391E-06
乌龟也上网,1,0
乐乐熊奇幻追踪,709,0.00034432
乐翻天,10,4.37696E-06
乐队,256,0.000124014
乔布斯,35488,0.017258334
九局下半,5,1.94531E-06
九层妖塔,635171,0.30890117
九条命,312059,0.151762648
九色鹿,2,4.86328E-07
乡村守望的女人,7,2.91797E-06
乡村里的中国,470,0.000228088
乡间童谣,188,9.09434E-05
乱世护宝,30,1.41035E-05
乱战,11,4.86328E-06
乳娘情,23,1.06992E-05
了不起的盖茨比,112480,0.054701725
二十四城记,1,0
二子开店,2,4.86328E-07
二次曝光,5,1.94531E-06
云上太阳,1,0
云中岗亭,16,7.29493E-06
云中行走,244659,0.118984118
云图,195172,0.094917188
云朵上的羊角花,25,1.16719E-05
云水谣,9,3.89063E-06
云的模样,23,1.06992E-05
五女拜寿,956,0.000464444
五月天追梦3DNA,123,5.93321E-05
五月的声音,5,1.94531E-06
亚瑟和他的迷你王国2,38,1.79941E-05
亚马逊萌猴奇遇记,47752,0.023222664
亡命地中海,40976,0.019927304
京城81号,383485,0.186499136
亲亲海豚,21,9.72657E-06
亲兄弟,4,1.45899E-06
亲爱,4465,0.00217097
亲爱的,469329,0.228247506
亲，别怕鬼宅凶灵,11603,0.005642381
人再囧途之泰囧,340246,0.165470785
人命如天,3,9.72657E-07
人在囧途,684,0.000332162
人在驴途,255,0.000123527
人山人海,1,0
人狼大战,615,0.000298606
人生不能重来,172,8.31621E-05
人皮拼图,37177,0.018079742
人间&middot;小团圆,74912,0.036431342
人间正道,1,0
人间蒸发,27056,0.013157613
今天&middot;明天,151,7.29493E-05
今天;明天,1,0
今天我休息,2,4.86328E-07
今天明天,1,0
从你的全世界路过,158904,0.077279032
从哪来，到哪去,1590,0.000772776
从天“儿”降,164802,0.080147396
从天儿降,20,9.24024E-06
他是龙,146491,0.071242238
代课老师,6,2.43164E-06
伊宁不眠夜,3,9.72657E-07
伊犁河,20,9.24024E-06
伙头福星,1,0
会飞的小精灵,1323,0.000642926
伞头和他的女人,1267,0.000615692
传奇状元伦文叙,42,1.99395E-05
伤城,2,4.86328E-07
伦敦陷落,661533,0.321721758
伴你高飞,2,4.86328E-07
伴我同行,183,8.85118E-05
伴我闯天涯,1,0
似水流年,2,4.86328E-07
低碳爱情,78,3.74473E-05
何以笙箫默,552787,0.268835497
你是不是我的爱人,525,0.000254836
你是哪里人,10,4.37696E-06
你的情歌我来唱,2,4.86328E-07
使命召唤,32629,0.015867921
使徒行者,830348,0.403821276
侏罗纪世界,1066575,0.518705161
侏罗纪公园3D,356321,0.173288513
侠僧探案传奇之大兴赌坊,1,0
侠探杰克,143132,0.069608661
侠盗石川,2,4.86328E-07
侠盗魅影,3,9.72657E-07
侨女日记,90,4.32832E-05
俐侎阿朵,2,4.86328E-07
保安刘十八,1,0
保持通话,1615,0.000784934
倒霉的一天,2,4.86328E-07
倔人吕尚斌,2,4.86328E-07
倔强萝卜,3,9.72657E-07
借你俩胆,63,3.01524E-05
借兵,1,0
倾城,9243,0.004494646
倾城之泪,50,2.38301E-05
假装情侣,71,3.4043E-05
假装看不见之电影大师,2174,0.001056791
催命符,20354,0.009898241
催眠大师,428782,0.208528351
傲慢与偏见,8,3.4043E-06
像小强一样活着,7,2.91797E-06
像素大战,302827,0.147272865
兄弟之生死同盟,1414,0.000687182
兄弟会5：同学录,2,4.86328E-07
光棍终结者,16,7.29493E-06
光的棍,10277,0.00499751
光荣使命,2,4.86328E-07
光辉岁月,31406,0.015273141
兔侠之青黎传说,26776,0.013021441
兔侠传奇,7,2.91797E-06
兔子镇的火狐狸,9723,0.004728084
党的女儿尹灵芝,1875,0.000911379
全力扣杀,15608,0.007590126
全城戒备,508,0.000246568
全城热恋,2,4.86328E-07
全城通缉,105771,0.051438948
全城高考,14430,0.007017232
全民目击,304146,0.147914332
全球热恋,1,0
全能囧爸,14498,0.007050302
八万里,2,4.86328E-07
八十一格,2,4.86328E-07
八星抱喜,475,0.00023052
公主复仇记,10,4.37696E-06
公主的诱惑,20257,0.009851067
公路美人,3362,0.00163455
六壮士,3,9.72657E-07
六弄咖啡馆,57073,0.027755731
六扇门之玄武初现,15,6.8086E-06
六福喜事,170200,0.082772597
兰亭,2237,0.00108743
兰梅记,10,4.37696E-06
兰花香,121,5.83594E-05
关云长,1,0
关工委主任,20,9.24024E-06
兵临城下,1,0
兵临城下之决战要塞,22,1.02129E-05
再次出发,28866,0.014037867
再爱一次好不好,12374,0.006017341
再生之乐,659,0.000320004
再见巨人,45,2.13984E-05
再见我们的十年,50462,0.024540614
再见，在也不见,80729,0.039260314
军医,6,2.43164E-06
农谷之恋,2,4.86328E-07
冬,611,0.00029666
冬去春来,50,2.38301E-05
冬荫功2：拳霸天下,42698,0.020764761
冰封：重生之门,259082,0.125998432
冰川时代4：大陆漂移,52,2.48027E-05
冰川时代5：星际碰撞,905782,0.440506968
冰川时代：融冰之灾,133087,0.064723493
冰河追凶,200694,0.097602693
冰美人,533,0.000258727
冰雪11天,4,1.45899E-06
冰雪奇缘,293150,0.142566666
冰雪女王,23294,0.011328046
冲上云霄,164335,0.079920281
冲锋号,2121,0.001031016
冲锋战警,29237,0.014218295
冲锋车,85059,0.041366116
决不饶恕,880,0.000427483
决战刹马镇,111,5.34961E-05
冷瞳,17612,0.008564728
冷酷收获,8,3.4043E-06
几番风雨,1,0
凡人烦恼,386,0.000187236
凤凰,2,4.86328E-07
凤凰台,778,0.000377877
凤凰谷,3168,0.001540202
凶间雪山,8680,0.004220844
出水芙蓉,6,2.43164E-06
出租车4,41,1.94531E-05
击战,3424,0.001664702
刀,1,0
分手不分手,6450,0.003136331
分手再说我爱你,19459,0.009462977
分手合约,276196,0.134321455
分手大师,584382,0.28420104
分手木马计,4692,0.002281366
分手达人,37763,0.018364731
分歧者2：绝地反击,182312,0.088663006
分歧者3：忠诚世界,424952,0.206665713
分歧者：异类觉醒,163566,0.079546295
刑警兄弟,96791,0.04707172
列车惊魂,3,9.72657E-07
刘庄布偶,1,0
刘老庄八十二壮士,3066,0.001490596
初到东京,23,1.06992E-05
初夏日记,39,1.84805E-05
初恋未满,25515,0.012408181
初恋红豆冰,29,1.36172E-05
判我有罪,24855,0.012087205
别开门,5181,0.002519181
别惹我,137019,0.066635736
别拿自己不当干部,10,4.37696E-06
别有动机,71665,0.034852234
别样警花,16,7.29493E-06
别说抱歉，别说再见,1,0
别跟我谈高富帅,280,0.000135686
刮痧,1,0
到阜阳六百里,144,6.9545E-05
制服,55396,0.026940158
刺夜,10756,0.005230461
刺客,2214,0.001076245
刺客聂隐娘,122619,0.059632608
刺猬小子之天生我刺,35524,0.017275842
刻在石磨上的勋章,19,8.75391E-06
前任2：备胎反击战,390819,0.190065868
前任攻略,183388,0.089186295
前目的地,65561,0.031883686
剑河,3601,0.001750782
剑齿王朝,37,1.75078E-05
剩者为王,138919,0.06755976
功夫,118913,0.057830275
功夫世家,151,7.29493E-05
功夫之王,5,1.94531E-06
功夫侠,5723,0.002782771
功夫咏春,8,3.4043E-06
功夫小龙,3,9.72657E-07
功夫战斗机,12755,0.006202632
功夫熊猫2,40,1.89668E-05
功夫熊猫3,1108091,0.538895568
加油中国,10,4.37696E-06
动植物大战,8698,0.004229598
动物也疯狂,34091,0.016578933
动物总动员,2,4.86328E-07
劫案迷云,101446,0.049335578
劳拉的星星在中国,14,6.32227E-06
勇士,10,4.37696E-06
勇闯16街区,24,1.11856E-05
勿忘初心,928,0.000450826
匆匆那些年,2209,0.001073813
匆匆那年,694789,0.337895093
化妆师,39299,0.019111731
北京&middot;纽约,80137,0.038972408
北京;纽约,80140,0.038973867
北京万国城2016香港主题电影展映,9,3.89063E-06
北京时间,12644,0.006148649
北京爱情故事,447650,0.217704394
北京等待,478,0.000231979
北京纽约,80140,0.038973867
北京遇上西雅图,524742,0.255196418
北京遇上西雅图之,63188,0.030729629
北京遇上西雅图之不二情书,949467,0.461752222
北回归线,24620,0.011972917
北极,37,1.75078E-05
北漂鱼,21285,0.010351012
匹夫,840,0.000408029
医缘,181,8.75391E-05
十七岁,23044,0.011206464
十万个冷笑话,210091,0.10217272
十万伙急,23485,0.011420935
十万火急,130,6.27364E-05
十三岁女孩,3,9.72657E-07
十个约定,12,5.34961E-06
十二公民,50290,0.024456966
十二星座离奇事件,9,3.89063E-06
十二生肖,347987,0.169235453
十二生肖城市英雄,5653,0.002748728
十五岁的笑脸,40,1.89668E-05
十全九美,882,0.000428455
十月初五的月光,68125,0.033130632
十月围城,2,4.86328E-07
十月阳春,9,3.89063E-06
千机变2,1,0
千里走单骑,3,9.72657E-07
千里追踪,3,9.72657E-07
千锤百炼,852,0.000413865
午夜43路,31331,0.015236667
午夜凶梦,116,5.59278E-05
午夜出租车,21,9.72657E-06
午夜寻访录,12263,0.005963358
午夜微博,25173,0.012241857
午夜惊魂,1,0
午夜火车,31355,0.015248339
半夜不要照镜子,1,0
半夜叫你别回头,33852,0.016462701
半熟少女,33903,0.016487503
半熟少女之梦想预备生,44,2.09121E-05
半生缘,2,4.86328E-07
华丽上班族,162514,0.079034677
卒迹,62,2.9666E-05
单亲宝贝,7,2.91797E-06
单身汉,3,9.72657E-07
单身男女,155,7.48946E-05
单身男女2,342095,0.166370006
南京,3,9.72657E-07
南京的那个夏天,1,0
南京！南京！,86,4.13379E-05
南口1937,932,0.000452772
南平红荔,66,3.16113E-05
南方大冰雪,229,0.000110883
南泥湾,2117,0.001029071
南漂,2,4.86328E-07
博物馆奇妙夜3,567463,0.275972851
卡拉是条狗,1,0
卡萨布兰卡,1,0
卧虎藏龙2：青冥宝剑,89789,0.043666449
卧虎藏龙：青冥宝剑,452407,0.220017858
卧龙岗,5623,0.002734138
危城,283913,0.138074451
危城之恋,21,9.72657E-06
危情24小时,3,9.72657E-07
危情营救,10506,0.005108879
危机行动,10165,0.004943041
危险关系,7,2.91797E-06
厨子戏子痞子,328613,0.159813328
厨子程天喜,1,0
去年夏天,11,4.86328E-06
县委书记焦裕禄（豫剧）,530,0.000257268
参天树,61,2.91797E-05
又见梅兰芳,7,2.91797E-06
双人床条约,26,1.21582E-05
双喜临门,1,0
双城计中计,8,3.4043E-06
双子神偷,6,2.43164E-06
双层公寓,6,2.43164E-06
双旗镇刀客,399,0.000193559
双生灵,15784,0.00767572
双胞胎,3,9.72657E-07
双重追击,4,1.45899E-06
双雄,70821,0.034441773
双龙会,2,4.86328E-07
反贪风暴,203688,0.09905876
反贪风暴2,556887,0.270829443
发条城市,50984,0.024794478
变形金刚1,25,1.16719E-05
变形金刚2,7,2.91797E-06
变形金刚3,46,2.18848E-05
变形金刚4：绝迹重生,957837,0.46582279
变脸,4,1.45899E-06
变节-潜罪犯,24,1.11856E-05
变节：潜罪犯,1,0
变身契约,19,8.75391E-06
变身超人,17485,0.008502965
叛谍追击,13,5.83594E-06
叛逆女特工,3,9.72657E-07
古城会,142,6.85723E-05
古堡之吻,19418,0.009443037
古曼,23001,0.011185552
古田会议,4152,0.002018749
古路,179,8.65664E-05
古镇凶灵之巫咒缠身,47173,0.02294108
只要我们在一起,13,5.83594E-06
可可西里,4,1.45899E-06
可爱的中国,4,1.45899E-06
可爱的你,96161,0.046765333
台北飘雪,2,4.86328E-07
史前怪兽,76364,0.037137491
史努比：花生大电影,86140,0.041891837
史来贺,298,0.00014444
叶问,274,0.000132768
叶问2 宗师传奇,680,0.000330217
叶问3,848271,0.412537739
叶问前传,8,3.4043E-06
叶问：终极一战,64634,0.031432859
合欢树,10,4.37696E-06
合约情人,3,9.72657E-07
吉星高照2015,45055,0.021911037
吉祥宝宝之我是食神,2473,0.001202204
同城邂逅,13734,0.006678747
同根生,50,2.38301E-05
同桌的妳,608442,0.2959021
同谋,72321,0.035171265
名侦探柯南2009：漆黑的追迹者,54,2.57754E-05
名侦探柯南2011：沉默的15分钟,3,9.72657E-07
名侦探柯南2012：第11人的前锋,17,7.78125E-06
名侦探柯南2015：业火的向日葵,25639,0.012468486
名侦探柯南：业火的向日葵,164314,0.079910068
后会无期,577677,0.280940209
向日葵,1,0
向日葵女孩,7,2.91797E-06
向阳坡传说,6,2.43164E-06
向阳花开,1163,0.000565114
君子道,268,0.00012985
听见下雨的声音,25361,0.012333287
听说,19551,0.009507719
听风者,34,1.60488E-05
启功,2889,0.001404516
吴仁宝,310,0.000150275
吴哥的微笑,21,9.72657E-06
告别,3,9.72657E-07
告诉他们，我乘白鹤去了,160,7.73262E-05
周恩来,3,9.72657E-07
周恩来的四个昼夜,24337,0.011835286
味道中国,8275,0.004023881
呼吸正常,2,4.86328E-07
命中注定,123275,0.05995164
命运呼叫转移,6,2.43164E-06
命运派对,4405,0.00214179
咏春小龙,348,0.000168756
咒丝,32563,0.015835823
咕噜咕噜美人鱼,37190,0.018086065
咱们是亲人,15,6.8086E-06
咱们的工会主席,37,1.75078E-05
咱们结婚吧,392763,0.191011291
哆啦A梦06剧场版：大雄的恐龙,31,1.45899E-05
哆啦A梦：伴我同行,664396,0.323114116
哆啦A梦：大雄与绿巨人传,6,2.43164E-06
哆啦A梦：新·大雄的日本诞生,282583,0.137427634
哈勃望远镜3D,55,2.62617E-05
哥斯拉,493571,0.240037078
哪一天我们会飞,27866,0.013551539
哭恋,2967,0.00144245
哭泣的拳头,3,9.72657E-07
哺乳期的女人,2005,0.000974602
唇唇欲动,5569,0.002707876
唐人街探案,752173,0.365802558
唐家山之恋,1575,0.000765481
唐山大地震,4,1.45899E-06
商魂,1,0
啊朋友还钱,23686,0.011518687
喊·山,8962,0.004357988
喜临门,1,0
喜乐长安,21786,0.010594663
喜剧王,7026,0.003416457
喜洋洋,170,8.21895E-05
喜羊羊与灰太狼之兔年顶呱呱,19,8.75391E-06
喜羊羊与灰太狼之喜气羊羊过蛇年,210197,0.102224271
喜羊羊与灰太狼之开心闯龙年,722,0.000350643
喜羊羊与灰太狼之牛气冲天,1559,0.0007577
喜羊羊与灰太狼之羊年喜羊羊,160650,0.078128161
喜羊羊与灰太狼之虎虎生威,128,6.17637E-05
喜羊羊与灰太狼之飞马奇遇记,177417,0.086282428
喜羊羊与灰太郎之牛气冲天,12,5.34961E-06
喜酒,9,3.89063E-06
喜马拉雅天梯,10362,0.005038848
喵星少年漂流记,5258,0.002556628
嗨起，打他个鬼子,101,4.86328E-05
嘻游记,7,2.91797E-06
四大名捕,1113,0.000540797
四大名捕2,275695,0.134077805
四大名捕大结局,278698,0.135538249
回乡种田,2,4.86328E-07
回乡逗儿,2749,0.00133643
回到原点,219,0.00010602
回到爱开始的地方,38844,0.018890452
回到被爱的每一天,15532,0.007553165
回头是远方,936,0.000454717
回家,68,3.2584E-05
因为谷桂花,549,0.000266508
团圆,1301,0.000632227
国宝疑云,265,0.000128391
国家利益,12151,0.005908889
国徽,3,9.72657E-07
国王的演讲,2,4.86328E-07
国酒,3025,0.001470657
图兰朵,40,1.89668E-05
土豪520,125993,0.06127348
圣保罗医院之谜,2,4.86328E-07
圣战士,1,0
圣斗士星矢,76496,0.037201686
圣斗士星矢：圣域传说,97220,0.047280355
圣杯神器：骸骨之城,76195,0.037055301
圣诞大赢家,30731,0.01494487
圣诞树2,3,9.72657E-07
圣诞玫瑰,81912,0.03983564
圣龙奇兵大冒险,21578,0.010493507
在一起,63177,0.030724279
在世界中心呼唤爱,64208,0.031225684
在雨中,103,4.96055E-05
地下室惊魂,21286,0.010351499
地下追击,1,0
地域无门,136,6.56543E-05
地心历险记2：神秘岛,29,1.36172E-05
地心引力,468516,0.227852121
地心营救,99734,0.048502984
地牢围攻,7,2.91797E-06
地球四季,15374,0.007476326
坏姐姐之拆婚联盟,60335,0.029342134
坏蛋必须死,131514,0.063958499
坚不可摧,70399,0.034236542
垫底辣妹,125561,0.061063386
城南庄1948,241,0.000116719
城南旧事,1,0
城市游戏,33607,0.01634355
城市门,1,0
基因决定我爱你,6,2.43164E-06
塔洛,1,0
墓穴迷城,14827,0.007210304
墨攻,5,1.94531E-06
壁虎,4,1.45899E-06
声梦奇缘,6,2.43164E-06
复仇者联盟,1992,0.00096828
复仇者联盟2：奥创纪元,1282291,0.623613964
夏日恋神马,9,3.89063E-06
夏日示爱,12287,0.00597503
夏有乔木 雅望天堂,322383,0.156783502
夏洛特烦恼,1285447,0.625148816
外公芳龄38,1,0
外出,4,1.45899E-06
多梦季节,1,0
夜&middot;上海,1,0
夜&middot;店,1,0
夜半哭声,20576,0.010006206
夜半梳头,57697,0.0280592
夜半歌声,12,5.34961E-06
夜孔雀,172865,0.084068662
夜宴,7,2.91797E-06
夜幕惊魂,22780,0.011078073
夜店诡谈,8,3.4043E-06
夜莺,31886,0.015506579
夜袭,1,0
夜迷宫,1,0
夜魔人,5993,0.002914079
大上海,109963,0.053477637
大丑,21,9.72657E-06
大兵金宝历险记,1,0
大内密探灵灵狗,2,4.86328E-07
大力神3D,95697,0.046539677
大叔，我爱你,28260,0.013743152
大变局之梦回甲午,1466,0.000712471
大唐玄奘,118740,0.05774614
大唐风云,10,4.37696E-06
大喜临门,32245,0.015681171
大地有爱,5,1.94531E-06
大块头有大智慧,29,1.36172E-05
大城小事,53,2.52891E-05
大墙无言,2,4.86328E-07
大宅男,14067,0.006840694
大富之家,2,4.86328E-07
大寒桃花开,16024,0.007792439
大山之恋,1,0
大山的声音,2,4.86328E-07
大山的女儿,31,1.45899E-05
大峰祖师,5892,0.00286496
大搜查,5,1.94531E-06
大明劫,23630,0.011491452
大明猩,160361,0.077987612
大有前途,2,4.86328E-07
大李小李和老李,1,0
大李，小李和老李,1,0
大武当之天地密码,12,5.34961E-06
大武生,5,1.94531E-06
大气层消失,1,0
大海啸之鲨口逃生,28,1.31309E-05
大漠赤诚,173,8.36485E-05
大灌篮,1,0
大火种,6855,0.003333294
大片,28167,0.013697924
大牌+39&deg;,9516,0.004627414
大电影2.0之两个傻瓜的荒唐事,31,1.45899E-05
大笑江湖,2,4.86328E-07
大红灯笼高高挂,1,0
大胃王,15,6.8086E-06
大腕,6,2.43164E-06
大话东游之一,2,4.86328E-07
大话东游之二,1,0
大话天仙,82456,0.040100203
大话西游3,820659,0.399109241
大话西游之大圣娶亲,22232,0.010811565
大话西游之月光宝盒,21517,0.010463841
大追捕,24,1.11856E-05
大道如天,1,0
大野狼和小绵羊的爱情,10607,0.005157998
大闹天宫（动画版）,471,0.000228574
大顺&middot;一九二七,2,4.86328E-07
大魔术师,14,6.32227E-06
大鱼海棠,679425,0.330423145
天上人,2,4.86328E-07
天上的菊美,6487,0.003154326
天下无双,2,4.86328E-07
天下第二,3,9.72657E-07
天之恩赐,17,7.78125E-06
天云山传奇,2,4.86328E-07
天亮&middot;分手,9437,0.004588994
天亮;分手,9437,0.004588994
天亮之前,132144,0.064264886
天亮了,8,3.4043E-06
天亮以后不分手,6,2.43164E-06
天亮分手,9437,0.004588994
天使不寂寞,3,9.72657E-07
天使请吻我,1183,0.00057484
天使：生命处方,506,0.000245596
天台爱情,193183,0.093949881
天地告白,3,9.72657E-07
天地逃生,112,5.39824E-05
天堂口,3,9.72657E-07
天将雄师,482583,0.234693302
天才眼镜狗,211680,0.102945496
天机&middot;富春山居图,328483,0.159750105
天河,11042,0.005369551
天津闲人,29,1.36172E-05
天理难容,11,4.86328E-06
天琴,5,1.94531E-06
天生有福,95,4.57149E-05
天生爱情狂,150,7.24629E-05
天生狂野,8,3.4043E-06
天眼传奇,12997,0.006320323
天空的微笑,406,0.000196963
天脉传奇,1,0
天若有情,1,0
天行者,4,1.45899E-06
天边的孩子,2965,0.001441477
天钟,48,2.28574E-05
天际浩劫,414,0.000200854
天降,16223,0.007889218
天黑请闭眼,64,3.06387E-05
太平轮（上）,373085,0.181441322
太平轮：彼岸,115418,0.056130558
太极侠,69116,0.033612583
太极先锋,3,9.72657E-07
太空一号,3,9.72657E-07
太空熊猫历险记,11477,0.005581104
太空熊猫总动员,16603,0.008074023
太空熊猫英雄归来,41395,0.020131075
太空营救,6,2.43164E-06
太行山上,2,4.86328E-07
太阳总在左边,1,0
太阳照常升起,1,0
太阳脸,449,0.000217875
失孤,414171,0.201422608
失恋33天,10,4.37696E-06
失控,9,3.89063E-06
失眠男女,15232,0.007407267
失踪的女中学生,1,0
头彩,1,0
头脑特工队,177663,0.086402065
夺命地铁,69855,0.03397198
夺命心跳,2,4.86328E-07
夺命手机,3,9.72657E-07
夺命推理,798,0.000387604
夺命旅行,63953,0.03110167
夺命枪火,13231,0.006434124
夺命追踪,27193,0.01322424
夺宝联盟,53661,0.026096379
夺樽,3178,0.001545065
夺路而逃,133,6.41953E-05
奇幻女侠,706,0.000342861
奇幻森林,1188338,0.577921958
奇缘灰姑娘,3197,0.001554305
奇葩追梦,5171,0.002514318
奈河,7,2.91797E-06
奔爱,67223,0.032691964
奔跑吧！兄弟,559308,0.272006844
奔跑吧！狗狗,16,7.29493E-06
奔驰的大葱,5802,0.002821191
奥拉星：进击圣殿,36505,0.01775293
奥林匹斯的陷落,80631,0.039212654
奥赛罗,4,1.45899E-06
女人不坏,3,9.72657E-07
女人要爱,63,3.01524E-05
女倾慕者,1,0
女大学生宿舍,1,0
女巫季节,78,3.74473E-05
女汉子真爱公式,199912,0.097222384
女理发师,3,9.72657E-07
女生宿舍,58046,0.028228928
女神时代,1675,0.000814114
女神跟我走,6263,0.003045388
女蛹,37833,0.018398774
她们的名字叫做红,41,1.94531E-05
好命先生,75636,0.036783444
好好活着,23,1.06992E-05
好好过,477,0.000231492
好想和你在一起,95,4.57149E-05
好运，特克斯,110,5.30098E-05
如果&middot;爱,53,2.52891E-05
如果;爱,8,3.4043E-06
如果·爱,11,4.86328E-06
如果没有你,39,1.84805E-05
如果爱,9,3.89063E-06
如此荒唐,2,4.86328E-07
妃子笑,2,4.86328E-07
妄想症,15081,0.007333831
妈咪侠,3278,0.001593698
妈妈别哭,1,0
妈妈让我再爱你一次,321,0.000155625
妖医,64011,0.031129877
妹娃要过河,147,7.10039E-05
始祖轩辕,2159,0.001049497
姐姐词典,4,1.45899E-06
姑娘,208,0.00010067
姑鲁之恋,25,1.16719E-05
姚明年,10,4.37696E-06
姨妈的后现代生活,1,0
婚礼及其他自然灾害,13,5.83594E-06
孔雀,4,1.45899E-06
孕城,253,0.000122555
孙中山,1,0
孝女彩金,1114,0.000541283
孤岛,29148,0.014175012
孤岛惊魂,113,5.44688E-05
孤岛惊魂2,44384,0.021584711
孤胆义侠,137,6.61407E-05
孤胆保镖,53859,0.026192672
孤胆特工,1,0
孩子王,1,0
孪生密码,11399,0.00554317
孽海恩怨,1,0
宅女侦探桂香,147758,0.071858416
守信少年,4,1.45899E-06
守候的心,88,4.23106E-05
守望女,18,8.26758E-06
守望未来,2,4.86328E-07
守望者,4,1.45899E-06
守株人,4,1.45899E-06
守梦者,1866,0.000907002
守灵,2,4.86328E-07
安妮：纽约奇缘,28868,0.01403884
安娜卡列尼娜,28,1.31309E-05
安德的游戏,258074,0.125508213
完美人生,9,3.89063E-06
完美假妻168,94636,0.046023682
完美婚礼,11,4.86328E-06
完美的爱,16,7.29493E-06
完美超越,6770,0.003291957
宙斯之子：赫拉克勒斯,208231,0.10126815
宝岛双雄,14,6.32227E-06
宝米恰恰,7826,0.003805519
宝莲灯,14,6.32227E-06
宝葫芦的秘密,30,1.41035E-05
宝贝别哭,11,4.86328E-06
宝贝女儿好妈妈之吃记忆的大雪球,5,1.94531E-06
宝贝当家,72123,0.035074972
宝贝快跑,694,0.000337026
宝贝计划,7,2.91797E-06
宝贝，对不起,31563,0.015349495
实习生,1,0
客房,68,3.2584E-05
宫锁沉香,107309,0.052186921
家亦有道,15,6.8086E-06
家园防线,134544,0.065432074
家有喜事2009,146,7.05176E-05
家有虎妻,43,2.04258E-05
家里有我,1,0
寄生兽,204934,0.099664725
密室之不可靠岸,38,1.79941E-05
密道追踪之阴兵虎符,51623,0.025105241
寒战,11,4.86328E-06
寒战2,675910,0.3287137
对不起，我爱你,17620,0.008568619
对岸的战争,4,1.45899E-06
对风说爱你,26997,0.01312892
寻宝者,2,4.86328E-07
寻找声音的耳朵,142,6.85723E-05
寻找女神·娇阿依,69,3.30703E-05
寻找心中的你,8220,0.003997133
寻找成龙,1,0
寻找智美更登,1,0
寻龙夺宝,25,1.16719E-05
寻龙诀,1118798,0.544102685
导火线,5,1.94531E-06
封神传奇,475226,0.231115384
封神传奇之驱魔英雄,103,4.96055E-05
封门村,35116,0.01707742
封门诡影,114143,0.055510489
将离草,34,1.60488E-05
"将错,就错",1,0
将错就错,130347,0.063390954
小事大爱,3,9.72657E-07
小亲亲,1,0
小人国,14,6.32227E-06
小兵张嘎,1,0
小城之春,1,0
小小校长,437,0.000212039
小小飞虎队,8139,0.00395774
小巷总理,6,2.43164E-06
小战象,11,4.86328E-06
小战象2,169,8.17032E-05
小时代,478996,0.232948842
小时代3：刺金时代,490857,0.238717183
小时代4：灵魂尽头,467099,0.227162994
小时代4：灵魂尽头（纪录片版）,7595,0.003693177
小时代:青木时代,325562,0.15832954
小时代：青木时代,39,1.84805E-05
小猪班纳大电影之梦想大“帽”险,27782,0.013510688
小王子,224181,0.109025087
小神来了,5643,0.002743864
小等,247,0.000119637
小羊肖恩,77970,0.037918534
小英雄雨来,2,4.86328E-07
小虎斑斑,19,8.75391E-06
小蚂蚁之环球大冒险,13951,0.00678428
小街,1,0
小西天狄道传奇,702,0.000340916
小角色,1152,0.000559764
小门神,115520,0.056180163
小飞侠：幻梦启航,113714,0.055301854
小鬼智多星,1076,0.000522803
小鬼队,3,9.72657E-07
小魔仙之黑魔法来袭,10163,0.004942069
小鱼吃大鱼,262,0.000126932
小黄人大眼萌,648052,0.315165566
少共国际师,7,2.91797E-06
少女哪吒,1298,0.000630768
少女灵异日记,20811,0.010120493
少年岳飞,188,9.09434E-05
少年岳飞传奇,25,1.16719E-05
少年师爷之大禹宝藏,10068,0.004895867
少年当自强,32,1.50762E-05
少年杨靖宇,555,0.000269426
少年林祥谦,42,1.99395E-05
少年毛泽东,10268,0.004993133
少年派的奇幻漂流,9,3.89063E-06
少年班,144826,0.070432502
少林英雄,2,4.86328E-07
尼罗河情人,3,9.72657E-07
屠魔战士,196379,0.095504186
山乡书记,15,6.8086E-06
山外是海,43,2.04258E-05
山村趣事,3,9.72657E-07
山水有相逢,8,3.4043E-06
山河故人,80944,0.039364875
山花烂漫时,4323,0.002101911
山那边有匹马,1534,0.000745541
山间传来牛铃声,36,1.70215E-05
岁月无声,1,0
岁月神偷,3,9.72657E-07
岛囧,811,0.000393926
崂山道士,2,4.86328E-07
工会主席,4,1.45899E-06
工作及累,3,9.72657E-07
左耳,579745,0.281945936
巨人捕手杰克,107486,0.052273001
巴啦啦小魔仙,104483,0.050812557
巴啦啦小魔仙之魔法的考验,79242,0.038537144
巴啦啦小魔仙之魔箭公主,50227,0.024426327
巴霍巴利王：开端,30463,0.014814534
巴黎假期,64456,0.031346293
巴黎危机,114261,0.055567876
巴黎宝贝,3,9.72657E-07
巴黎淘气帮,3792,0.001843671
布基兰,51,2.43164E-05
布基兰小站的腊八夜,1307,0.000635145
师父,174177,0.084706725
帕丁顿熊,217056,0.105559997
帝企鹅日记,24,1.11856E-05
帝国秘符,25773,0.012533654
帝王蝶的迁徙,65,3.1125E-05
平凡的足球,13,5.83594E-06
平原游击队,2,4.86328E-07
平壤之约,115,5.54414E-05
平安之盾,2,4.86328E-07
平安岛,1,0
年兽大作战,58435,0.02841811
年少轻狂,75146,0.036545143
幸存者,50981,0.024793019
幸福中转栈,3965,0.001927806
幸福卡片,1,0
幸福很囧,1608,0.00078153
幸福快递,19371,0.00942018
幸福梦想,247,0.000119637
幸福额度,2,4.86328E-07
幸运是我,8933,0.004343885
幸运组合,1,0
幻体：续命游戏,181943,0.08848355
幻影车神：魔盗激情,42702,0.020766706
幽灵医院,3005,0.00146093
床下有人,17,7.78125E-06
床下有人2,65578,0.031891953
床下有人3,47827,0.023259139
庐山恋,3,9.72657E-07
库布里克回顾展,14,6.32227E-06
庞贝末日,166253,0.080853059
废柴特工,125986,0.061270076
廉吏于成龙,1,0
廊桥1937,1,0
建党伟业,140,6.75996E-05
建国大业,4,1.45899E-06
开心大冒险,1,0
开心家族,2,4.86328E-07
开心超人,70781,0.03442232
开心超人2启源星之战,64538,0.031386172
开罗宣言,17850,0.008680475
异冢,50,2.38301E-05
异度空间,22,1.02129E-05
异度迷局,697,0.000338485
异星战场,5,1.94531E-06
异种,55771,0.027122531
张思德,17,7.78125E-06
张震讲故事之合租屋,27053,0.013156154
张震讲故事之鬼迷心窍,73636,0.035810787
弹无虚发之对决黄金谷,5,1.94531E-06
弹无虚发之死亡之海,22,1.02129E-05
强者,1,0
归来,453649,0.220621878
归途列车,17,7.78125E-06
当我们年轻的时候,4733,0.002301306
当流星划过天际,8534,0.00414984
当爸爸来敲门,1,0
彩票也疯狂,20,9.24024E-06
影子爱人,6,2.43164E-06
御前侍卫,3,9.72657E-07
微微一笑很倾城,500969,0.243634935
微爱之渐入佳境,414461,0.201563643
微风吹乱蜗牛心,1,0
德吉的诉讼,5,1.94531E-06
心咒,22428,0.010906886
心战,52836,0.025695158
心曲,434,0.00021058
心灵的阳光,3,9.72657E-07
心灵解码,2,4.86328E-07
心花路放,965182,0.469394871
心跳戈壁,1153,0.00056025
心迷宫,33578,0.016329447
忍者神龟,2,4.86328E-07
忍者神龟2：破影而出,516490,0.251183237
忍者神龟：变种时代,541821,0.26350242
忘了去懂你,12801,0.006225003
忠烈杨家将,120782,0.058739223
忠诚,4,1.45899E-06
忠诚与背叛,95,4.57149E-05
快乐到家,243381,0.118362591
快手枪手快枪手,195480,0.095066977
念书的孩子,143,6.90586E-05
念念,29878,0.014530032
怒放之青春再见,21418,0.010415694
怖偶,43394,0.021103246
怦然星动,357154,0.173693625
怨灵,82035,0.039895459
怨灵人偶,85776,0.041714813
怪兽大学,264087,0.128432505
怪谈,51663,0.025124695
总统浪漫史,4,1.45899E-06
恋人絮语,13,5.83594E-06
恋爱789,206,9.96973E-05
恋爱三万英尺,2,4.86328E-07
恋爱中的城市,120893,0.058793205
恋爱排班表,17246,0.008386732
恋爱教父之三个“坏”家伙,11005,0.005351557
恋爱通告,39,1.84805E-05
恋者多喜欢,3546,0.001724034
恐怖将映,33410,0.016247743
恐怖游泳馆,27341,0.013296217
恐怖照相机,12105,0.005886518
恐怖爱情故事之死亡公路,8932,0.004343398
恐怖电影院,54256,0.026385744
恐怖禁忌之红旗袍,28326,0.01377525
恭喜发财之谈钱说爱,14664,0.007131032
恶人报喜,78558,0.038204495
恶战,38956,0.01894492
恶棍天使,523099,0.254397381
恶灵之门,39852,0.019380671
悬战,30875,0.015014901
悲惨世界,75688,0.036808733
情为何物,17,7.78125E-06
情人结,2,4.86328E-07
情况不妙,40902,0.019891315
情剑,3378,0.001642331
情回鹭岛,1808,0.000878795
情归陶然亭,63,3.01524E-05
情归鹭岛,2,4.86328E-07
情战,4,1.45899E-06
情敌蜜月,47419,0.023060717
情满人间,79,3.79336E-05
情癫大圣,1,0
情笛之爱,4321,0.002100938
情缘廊桥,120,5.78731E-05
情花谷,207,0.000100184
惊天危机,214929,0.104525577
惊天大逆转,195233,0.094946854
惊天绑架团,111203,0.054080684
惊天魔盗团,256304,0.124647412
惊天魔盗团2,705879,0.343288474
惊爆红色十月,3,9.72657E-07
惊魂游戏,8,3.4043E-06
惊魂电影院,46347,0.022539373
意外的恋爱时光,98720,0.048009847
愤怒的小孩,27496,0.013371598
愤怒的小鸟,711253,0.345902003
愤怒的小鸟大电影,313015,0.152227578
憨哥进城,1523,0.000740192
成记茶楼,4,1.45899E-06
我11,1,0
我不是王毛,20581,0.010008637
我不是贼,248,0.000120123
我为太极狂,7,2.91797E-06
我为相亲狂,26233,0.012757365
我亲爱的小淘气,532,0.00025824
我们天上见,3,9.72657E-07
我们恋爱吧,2054,0.000998432
我们接吻吧,5,1.94531E-06
我们毕业啦,37987,0.018473668
我们毕业的夏天,13249,0.006442878
我们的十年,216167,0.105127651
我们结婚吧,37,1.75078E-05
我们诞生在中国,108374,0.052704861
我们这一家,5,1.94531E-06
我会守着你,2,4.86328E-07
我只要我们在一起,22504,0.010943847
我叫MT之山口山战记,111341,0.054147797
我叫哀木涕之山口山战记,2989,0.001453149
我叫阿里木,2,4.86328E-07
我和我们,498,0.000241705
我和神马查干,186,8.99707E-05
我和红七军,1082,0.000525721
我在路上最爱你,83452,0.040584586
我在这里,128,6.17637E-05
我坚强的小船,9,3.89063E-06
我就是我,26238,0.012759797
我很帅,146,7.05176E-05
我想和你好好的,203423,0.098929883
我想结婚的时候你在哪,12770,0.006209927
我是乡下爷,338,0.000163893
我是你的野蛮女友,15550,0.007561919
我是大明星,77,3.6961E-05
我是大熊猫,75,3.59883E-05
我是大熊猫之熊猫大侠,9361,0.004552033
我是奋青,4219,0.002051333
我是女王,66560,0.032369528
我是狼之火龙山大冒险,13587,0.006607257
我是证人,367285,0.178620617
我是谁,8,3.4043E-06
我是谁2015,43334,0.021074066
我是路人甲,117723,0.057251545
我最好朋友的婚礼,120405,0.058555877
我最好的朋友江竹筠,50,2.38301E-05
我爱你,2,4.86328E-07
我爱灰太狼,813,0.000394899
我爱灰太狼2,129249,0.062856965
我爱的是你爱我,97457,0.047395614
我爱高大全,12,5.34961E-06
我爸比我小四岁,7578,0.00368491
我的1000万,1369,0.000665297
我的“狐朋狗友”,7669,0.003729166
我的七年,4,1.45899E-06
我的个神啊,262508,0.127664593
我的兄弟姐妹,2,4.86328E-07
我的名字叫可汗,2,4.86328E-07
我的唐朝兄弟,36,1.70215E-05
我的处女地,760,0.000369123
我的少女时代,487822,0.237241176
我的左手,1,0
我的康乃馨,1,0
我的影子在奔跑,4,1.45899E-06
我的战争,127895,0.062198476
我的播音系女友,77718,0.037795979
我的新野蛮女友,146912,0.071446982
我的早更女友,323838,0.15749111
我的母亲,74,3.5502E-05
我的渡口,117,5.64141E-05
我的父亲母亲,1,0
我的特工爷爷,605726,0.294581232
我的狗狗我的爱,3947,0.001919052
我的男友和狗,75073,0.036509641
我的男男男男朋友,51604,0.025096001
我的美丽王国,9726,0.004729543
我的老公是卧底,4,1.45899E-06
我的老婆是只猫,7361,0.003579377
我的老婆是明星,19111,0.009293735
我的诗篇,70,3.35567E-05
我的野蛮女友2,25481,0.012391646
我的长征,2,4.86328E-07
我的青春期,63912,0.03108173
我的青春蜜友,13530,0.006579536
我童年的天空,2,4.86328E-07
我老公不靠谱,1926,0.000936182
我要你开花,8473,0.004120174
我要回城,46,2.18848E-05
我要成名,4,1.45899E-06
战争狂人,253,0.000122555
战无双,3,9.72657E-07
战火中的芭蕾,5280,0.002567327
战火焚情,1,0
战狼,636232,0.309417165
战金刚,26,1.21582E-05
战鸽快飞,18,8.26758E-06
房不剩防,6,2.43164E-06
房子,4,1.45899E-06
房车奇遇,13811,0.006716194
房间里的舞蹈,260,0.000125959
所以……和黑粉结婚了,197315,0.09595939
手机,8,3.4043E-06
手牵手,3,9.72657E-07
手风琴,1,0
扑通扑通我的人生,48367,0.023521756
打工老板,620,0.000301037
打擂台,4,1.45899E-06
托马斯和朋友们多多岛之迷失宝藏,47200,0.022954211
扫毒,345775,0.168159695
扬起你的笑脸,1,0
找个高富帅,2618,0.001272721
找乐,1,0
投名状,3,9.72657E-07
抢劫坚果店,79812,0.038814351
报国之路,23,1.06992E-05
抱养,2,4.86328E-07
拆散专家,30742,0.014950219
拐杖,201,9.72657E-05
拯救大明星,30833,0.014994475
拳霸风云,11521,0.005602502
拼爹年代,3,9.72657E-07
指尖太阳,51,2.43164E-05
挑战者,2,4.86328E-07
挑战者联盟,36474,0.017737853
挪威的森林,20,9.24024E-06
捉妖记,1544108,0.750942991
换个活法,470,0.000228088
换爱七日,1979,0.000961957
探灵档案,19075,0.009276227
探秘者,2322,0.001128768
控制,131458,0.063931264
推拿,18908,0.00919501
提款机,1811,0.000880254
插翅难飞 2,1,0
搏击迷城,33227,0.016158745
搞定岳父大人,17,7.78125E-06
摇滚水果,2559,0.001244028
摇滚英雄,19552,0.009508205
摇滚藏獒,81873,0.039816674
摩尔庄园2之海妖宝藏,2,4.86328E-07
摩尔庄园3：魔幻列车大冒险,61199,0.029762322
摩尔庄园冰世纪,10,4.37696E-06
摩登年代,154075,0.074930552
摩登森林之美食总动员,12553,0.006104393
摩纳哥王妃,78113,0.037988079
撒娇女人最好命,422567,0.20550582
擒爱记,15,6.8086E-06
擦枪走火,35580,0.017303076
收藏记忆的角落,2,4.86328E-07
放心去飞,1499,0.00072852
放手爱,26685,0.012977185
放牛班的春天,3,9.72657E-07
放飞理想,1035,0.000502864
故园秋色,1,0
敏感事件,21,9.72657E-06
救我,5,1.94531E-06
救火英雄,161396,0.078490962
敢死队,865,0.000420188
敢死队2,832,0.000404139
敢死队3,610853,0.297074638
整容日记,236318,0.114927654
整形师·脸,21202,0.010310647
文字国历险记-浩昊巧破笑话城,3,9.72657E-07
文字国历险记——浩昊勇闯童话城,10,4.37696E-06
文雀,387,0.000187723
斐济99℃爱情,21387,0.010400618
斑马总动员,79641,0.038731189
斗地主,20069,0.009759637
斗牛,107,5.15508E-05
斗艳,72,3.45293E-05
斗茶,1208,0.000586998
斗龙战士之星印罗盘,32522,0.015815884
断桥遗梦,1,0
断片儿,149,7.19766E-05
斯大林格勒,140312,0.068237215
新东方神娃,5,1.94531E-06
新加坡电影周,5,1.94531E-06
新地雷战：神勇小子,262,0.000126932
新墙头记,20,9.24024E-06
新大头儿子和小头爸爸2一日成才,206612,0.100480784
新大头儿子和小头爸爸之秘密计划,95678,0.046530436
新大祭桩,11,4.86328E-06
新天生一对,221,0.000106992
新娘大作战,250171,0.12166476
新少林寺,2,4.86328E-07
新年来啦之大闹除夕,8054,0.003916402
新年行动,21161,0.010290708
新康定情歌,75,3.59883E-05
新扎师妹2之美丽任务,1,0
新木偶奇遇记,1451,0.000705176
新步步惊心,88366,0.042974404
新红河谷,208,0.00010067
新西兰电影周,3,9.72657E-07
新鲁冰花：孩子的天空,1,0
新龙门客栈,56,2.67481E-05
旅行离婚,2,4.86328E-07
旋风九日,44491,0.021636748
旋风小子,4,1.45899E-06
无人区,393967,0.19159683
无人驾驶,117,5.64141E-05
无处可逃,22918,0.011145187
无影剑,3,9.72657E-07
无手老师,16,7.29493E-06
无敌小子霍元甲,1,0
无敌小飞猪,26330,0.012804539
无极限之危情速递,113,5.44688E-05
无法证明,903,0.000438668
无用,333,0.000161461
无脚鸟,28,1.31309E-05
无言的界碑,1,0
无间罪：僵尸重生,61,2.91797E-05
无间道,5,1.94531E-06
无间道2,5,1.94531E-06
无间道3,3,9.72657E-07
既然青春留不住,141278,0.068707009
日本沉没,2,4.86328E-07
日本电影周,21,9.72657E-06
早安，冬日海,2294,0.001115151
早春二月,5,1.94531E-06
早熟,3,9.72657E-07
早见，晚爱,14393,0.006999237
时光大战,7500,0.003646976
时光恋人,29285,0.014241639
时尚先生,2,4.86328E-07
时间都去哪了,4822,0.002344589
昆塔&middot;盒子总动员,52773,0.025664519
昆塔;盒子总动员,8373,0.004071541
昆塔盒子总动员,8381,0.004075431
昆虫总动员,51754,0.02516895
昆虫总动员（法国）,12564,0.006109743
明日世界,344697,0.167635433
明日边缘,421720,0.2050939
星星之火,1,0
星星的梦,6,2.43164E-06
星月童话,9,3.89063E-06
星海,2,4.86328E-07
星爸奇缘,6,2.43164E-06
星爸客,8563,0.004163943
星球大战：原力觉醒,907916,0.441544793
星空,38,1.79941E-05
星语心愿之再爱,36058,0.017535541
星际穿越,605672,0.294554971
星际迷航3：超越星辰,861709,0.419073019
星际迷航：暗黑无界,371675,0.180755599
春天的狂想,2,4.86328E-07
春娇与志明,78,3.74473E-05
春桃,4,1.45899E-06
春田花花同学会,1,0
晚秋,13,5.83594E-06
智取威虎山(动画版),90,4.32832E-05
智取威虎山3D,762626,0.370886149
暖,2,4.86328E-07
暖春,2,4.86328E-07
暗恋99天,28859,0.014034463
暗杀,126232,0.061389712
暗藏杀机,1,0
暴力街区,239290,0.116373022
暴疯语,129338,0.062900248
暴走吧，女人,13912,0.006765314
暴走神探,123003,0.059819358
暴躁天使,22702,0.01104014
曼德拉,2782,0.001352479
替身传奇乐翻天,1,0
最佳嫌疑人,73049,0.035525312
最后一课,4,1.45899E-06
最后的巫师猎人,369797,0.179842274
最强囍事2011,669,0.000324867
最爱,80,3.84199E-05
最爱你的人是我,43,2.04258E-05
最美,1,0
最美的时候遇见你,12173,0.005919589
最青春,1,0
月亮湾的笑声,1,0
月圆凉州,5,1.94531E-06
月色狰狞,18,8.26758E-06
有一个地方只有我们知道,365742,0.177870213
有一天,23299,0.011330478
有人赞美聪慧，有人则不,184,8.89981E-05
有招没招,5411,0.002631036
有招没招之爱情达人,1494,0.000726088
有种,6211,0.003020099
有种你爱我,145796,0.07090424
有话好好说,2,4.86328E-07
有这样一个医生,75,3.59883E-05
木偶传奇,41,1.94531E-05
木偶情缘,1,0
木星上行,410189,0.199486048
未营业,844,0.000409975
末代皇帝,2,4.86328E-07
末日崩塌,672642,0.327124379
末日情人,6,2.43164E-06
末日浩劫,53853,0.026189754
末日迷踪,134614,0.065466117
本命年,7,2.91797E-06
朱大琴，请与本台联系,168,8.12168E-05
机动部队-同袍,1105,0.000536906
机器人班长,6,2.43164E-06
机器纪元,82043,0.039899349
机械战警,407478,0.198167612
杀戒,45348,0.022053531
杀手欧阳盆栽,23,1.06992E-05
杀生,30,1.41035E-05
杀破狼2,619120,0.301095114
杂技小精灵,39,1.84805E-05
李三娘（花鼓戏）,1427,0.000693504
李可乐寻人记,35210,0.017123134
李小龙我的兄弟,54,2.57754E-05
李献计历险记,423,0.000205231
李祥和的婚事,35,1.65352E-05
村支书金岚岚,55,2.62617E-05
村曲悠扬,3,9.72657E-07
杜拉拉追婚记,110930,0.053947916
来历不明,4013,0.001951149
来电不善,972,0.000472225
杨光的快乐生活,13089,0.006365065
杨善洲,203,9.82383E-05
杨梅洲,41,1.94531E-05
杨贵妃,90,4.32832E-05
杨门女将之军令如山,37,1.75078E-05
极乐空间,282625,0.13744806
极品飞车,498097,0.2422382
极地大冒险2,53792,0.026160088
极地大反攻,9930,0.004828754
极度险情,2,4.86328E-07
极盗者,391489,0.190391708
极速天使,3,9.72657E-07
极速蜗牛,171160,0.083239472
极速风流,97207,0.047274032
极限挑战之皇家宝藏,270923,0.131757046
枕边有张脸,88702,0.04313781
枕边诡影,28917,0.01406267
林中小屋,17272,0.008399377
林海雪原,1,0
果宝特攻之水果大逃亡,30137,0.014655991
枪王之王,5,1.94531E-06
枪过境,8501,0.004133791
柠檬,10503,0.00510742
柳堡的故事,1,0
柳如是,3,9.72657E-07
柴生芳,3,9.72657E-07
栀子花开,373636,0.181709288
校花诡异事件,33754,0.01641504
校车,2812,0.001367069
根据地,70,3.35567E-05
桂宝之爆笑闯宇宙,121192,0.058938618
桃姐,39,1.84805E-05
桃枝的桃,462,0.000224197
桔子的天空,269,0.000130336
梅花,532,0.00025824
梦之春,1,0
梦回金沙城,1,0
梦寻桃花源,6,2.43164E-06
梦幻佳期,3969,0.001929751
梦幻列车,20,9.24024E-06
梦幻岛,2655,0.001290715
梦幻飞琴,6957,0.0033829
梦开始的地方,1,0
梦想合伙人,244728,0.119017675
梦想庄园,4,1.45899E-06
梦游3D,1,0
梦行者,30,1.41035E-05
梦非梦,1,0
森林孤影,649,0.000315141
森林战士,92075,0.044778195
椰岛警魂,4,1.45899E-06
楼,35076,0.017057966
模仿游戏,61091,0.029709798
模特魅影,24788,0.012054621
横冲直撞好莱坞,456880,0.222193205
樱桃,2,4.86328E-07
樱桃小丸子：来自意大利的少年,166062,0.08076017
止杀令,38717,0.018828688
正果,2112,0.001026639
正骨,117,5.64141E-05
步步追魂,20513,0.009975567
武侠,51,2.43164E-05
武僧传奇之决战程子沟,604,0.000293256
武当少年,1,0
武昌情殇,104,5.00918E-05
武术之少年行,11,4.86328E-06
武林外传,23,1.06992E-05
武状元苏乞儿,1,0
死亡之谜之双鱼玉佩,16037,0.007798761
死亡派对,49196,0.023924923
死亡游戏,50687,0.024650038
死亡笔记,25624,0.012461191
死亡迷局,3,9.72657E-07
死亡邮件,52334,0.025451021
死亡面具,1,0
歼十出击,23,1.06992E-05
残团,2098,0.001019831
母亲,4,1.45899E-06
母亲的梦想,1332,0.000647303
母亲的眼睛,1,0
母语,3,9.72657E-07
每当变幻时,3,9.72657E-07
毒中毒,1959,0.000952231
毒战,222312,0.108116139
毕业那年,50,2.38301E-05
毕业那年分手季,7191,0.003496701
毛丰美,837,0.00040657
毛泽东与齐白石,1241,0.000603047
毛泽东的故事,5,1.94531E-06
民主华南第一辑,1,0
民工&middot;老大&middot;老板,1047,0.000508699
民工;老大;老板,1047,0.000508699
民工老大老板,1047,0.000508699
民警故事,2,4.86328E-07
水墨大别山,463,0.000224684
水果宝贝之水果总动员,31203,0.015174417
水滴之梦,153,7.39219E-05
水煮金蟾,1,0
永不消失的广播,6781,0.003297306
永州故事,1,0
永无止境,234,0.000113315
永春白鹤拳之擎天画卷,3679,0.001788716
永远的守望,362,0.000175565
永远的焦裕禄,8172,0.003973789
永远的绿盖头,4,1.45899E-06
永远的车神,3,9.72657E-07
求爱大作战,15770,0.007668912
求爱嫁期,35342,0.01718733
汉江怪物,3,9.72657E-07
江南爱情故事,6118,0.00297487
江山美人,805,0.000391008
江湖论剑实录,40530,0.019710401
汽车人总动员,37967,0.018463942
沂蒙六姐妹,55,2.62617E-05
沈园情,55,2.62617E-05
沉睡魔咒,331368,0.161153162
沉默的夏天,2,4.86328E-07
没事偷着乐,1,0
没女神探,4617,0.002244892
没完没了,1,0
河东狮吼2,47,2.23711E-05
法国电影展,2,4.86328E-07
泡沫之夏,48995,0.023827171
泡菜,2,4.86328E-07
波鲁鲁冰雪大冒险,35389,0.017210187
泰山归来：险战丛林,474204,0.230618357
泰迪熊之玩具大战,49847,0.024241522
洋妞到我家,35494,0.017261252
洗澡,1,0
洛克王国2圣龙的心愿,135428,0.065861988
洛克王国3：圣龙的守护,92710,0.045087014
洛克王国4：出发！巨人谷,165880,0.080671658
洛克王国！圣龙骑士,1193,0.000579703
洛杉矶捣蛋计划,57567,0.027995977
活着,1,0
派饭,3,9.72657E-07
浅蓝深蓝,1,0
浩劫惊魂,1,0
浩昊文字国历险记--三战怪怪城,135,6.5168E-05
浩昊文字国历险记--大闹无字城,191,9.24024E-05
浩昊文字国历险记之智斗谜语城,38,1.79941E-05
浩昊文字国历险记：三战怪怪城,6,2.43164E-06
浪漫天降,32016,0.015569802
浮云,7,2.91797E-06
浮出水面的影子,25,1.16719E-05
浮城谜事,1,0
海上传奇,2,4.86328E-07
海啸奇迹,118274,0.057519511
海岛之恋,6891,0.003350802
海岛冒险,6,2.43164E-06
海岛小卫士,19,8.75391E-06
海底世界3D,669,0.000324867
海底大冒险,53489,0.02601273
海底总动员2：多莉去哪儿,816,0.000396358
海底总动员2：寻找多莉,552643,0.268765465
海底淘法,1,0
海洋之恋,9308,0.004526258
海洋之歌,49699,0.024169546
海洋天堂,1,0
海神密码,8794,0.004276285
海绵宝宝,121713,0.059191995
消失爱人,169446,0.082405905
消失的凶手,128336,0.062412947
消失的子弹,1728,0.000839889
消失的爱人,18,8.26758E-06
深夜前的五分钟,48494,0.02358352
深情约定,2621,0.00127418
深海挑战,9535,0.004636654
港囧,1199372,0.583288105
渴望的青春,4758,0.002313464
游龙戏凤,1,0
湄公河行动,45425,0.022090978
湘女萧萧,8,3.4043E-06
滚拉拉的枪,4,1.45899E-06
滚蛋吧！肿瘤君,594084,0.288919398
满园春色,218,0.000105533
满城尽带黄金甲,3,9.72657E-07
满意不满意,2,4.86328E-07
满汉全席,6,2.43164E-06
潘多拉的宝剑,4,1.45899E-06
潜水艇,4,1.45899E-06
潜艇总动员,11,4.86328E-06
潜艇总动员2,48,2.28574E-05
潜艇总动员3 - 彩虹宝藏,90583,0.044052593
潜艇总动员3：彩虹宝藏,72,3.45293E-05
潜艇总动员4：章鱼奇遇记,90042,0.04378949
潜艇总动员之时光宝盒,93503,0.045472672
潜龙风云,15204,0.00739365
澳门风云,506882,0.246510594
澳门风云2,680507,0.330949352
澳门风云3,842636,0.409797279
激战,169659,0.082509493
激战黎明,12,5.34961E-06
激浪青春,45020,0.021894015
火云端,287,0.00013909
火山对对碰,32986,0.01604154
火影忍者剧场版：博人传,219930,0.106957705
火星救援,644007,0.313198367
火海凌云,93378,0.045411881
火海逃生,28,1.31309E-05
火焰山历险记,27452,0.013350199
火童,2,4.86328E-07
火线反攻,65488,0.031848184
火线战将,935,0.000454231
火锅英雄,621725,0.302361999
火鸡总动员,122457,0.059553823
火龙对决,1,0
灯塔下的恋人,2345,0.001139954
灰姑娘,592021,0.287916103
灵偶契约,71205,0.034628523
灵臆事件,20491,0.009964868
炮制女朋友,4,1.45899E-06
点对点,803,0.000390035
烈日灼心,469572,0.228365684
烟雨红颜,2,4.86328E-07
热情奏鸣曲,245,0.000118664
热爱岛,22,1.02129E-05
热血男人帮,14382,0.006993888
热血街头,1,0
烽火,3,9.72657E-07
焦裕禄,2783,0.001352965
煎饼侠,889857,0.432762189
照见,1,0
熊出没之夺宝熊兵,314289,0.152847161
熊出没之熊心归来,455621,0.221580917
熊出没之雪岭熊风,372705,0.181256517
熊出没注意,182,8.80254E-05
熊猫大侠,6,2.43164E-06
燃烧的影像,462,0.000224197
爆裂都市,4,1.45899E-06
爱&middot;你别走,304,0.000147357
爱&middot;回家,60,2.86934E-05
爱&middot;回家/外婆的家,2294,0.001115151
爱&middot;在路上,8,3.4043E-06
爱上灰姑娘,17,7.78125E-06
爱丽丝梦游仙境2：镜中奇遇记,786196,0.382348908
爱之初体验,9501,0.004620119
爱你一生一世,1525,0.000741164
爱你不等来生,3787,0.001841239
爱别离,14593,0.007096503
爱在他乡,13,5.83594E-06
爱在旅途,1223,0.000594293
爱在星空下,7913,0.00384783
爱在深秋,3930,0.001910784
爱在那一天,77,3.6961E-05
爱宠大机密,548636,0.266816748
爱封了,53,2.52891E-05
爱开始的地方,137,6.61407E-05
爱得起,1,0
爱情万岁,3,9.72657E-07
爱情不NG,23284,0.011323183
爱情天梯,223,0.000107965
爱情攻略,11284,0.005487243
爱情狂想曲,10635,0.005171616
爱情的捉弄,1,0
爱情真可怕,29,1.36172E-05
爱情碰碰撞,453,0.00021982
爱情进化论,33612,0.016345982
爱情银行,40363,0.019629184
爱情魔发师,7359,0.003578404
爱情麻辣烫,1,0
爱情麻辣烫之情定,7594,0.003692691
爱情麻辣烫之情定终身,90015,0.043776359
爱我就陪我看电影,53903,0.02621407
爱拼北京,8033,0.003906189
爱爱囧事,15594,0.007583318
爱的“蟹”逅,1032,0.000501405
爱的替身,1,0
爱的钟声,9,3.89063E-06
爱神,50134,0.024381099
爱神有泪,68,3.2584E-05
爱，很美,3843,0.001868473
爵迹,78603,0.03822638
父子,2,4.86328E-07
爸爸去哪儿,498404,0.242387503
爸爸去哪儿2,229965,0.11183801
爸爸回家,11,4.86328E-06
爸爸妈妈复婚记,98,4.71738E-05
爸爸我来救你了,2697,0.001311141
爸爸的假期,104290,0.050718696
爸爸的晚餐,106,5.10645E-05
爸爸的木房子,593,0.000287906
牛老汉的幸福生活,69,3.30703E-05
牛胆神偷,4942,0.002402948
牧笛,1,0
牧马人,2,4.86328E-07
特功明星,27077,0.013167826
特工艾米拉,45593,0.022172682
特殊身份,314195,0.152801446
特种部队,2,4.86328E-07
特种部队：全面反击,319295,0.15528172
特警判官,77309,0.037597071
特警英雄,5,1.94531E-06
犀利人妻,15362,0.00747049
状元媒,787,0.000382254
犹太女孩在上海,1,0
犹太女孩在上海2：项链密码,3144,0.00152853
狂怒,222615,0.108263497
狂舞派,3490,0.0016968
狂野非洲,22016,0.010706518
狂野飞车,20001,0.009726567
狄仁杰之神都龙王,508153,0.247128717
狄仁杰之通天帝国,141,6.8086E-05
狗十三,2,4.86328E-07
狙击时刻,19346,0.009408022
独立日：卷土重来,579243,0.281701799
独自等待,1,0
独行侠,150728,0.073302811
狮口惊魂,20,9.24024E-06
狼兵吼,3638,0.001768776
狼图腾,518903,0.252356747
狼少年,22716,0.011046948
狼牙山五壮士,2,4.86328E-07
猎仇者,35502,0.017265142
猎物,93,4.47422E-05
猎神：冬日之战,284109,0.138169771
猛龙特囧,25431,0.01236733
猩球崛起,1495,0.000726575
猩球崛起：黎明之战,684166,0.332728827
猪猪侠之勇闯巨人岛,82347,0.040047193
猪猪侠之囧囧危机,69,3.30703E-05
猪猪侠之终极决战,67809,0.032976952
猫脸老太太,36936,0.017962537
猿创世界之熊孩子部落,6857,0.003334267
玄奘大师,5,1.94531E-06
玉观音,1,0
王化买父,1410,0.000685237
王后秘史,3,9.72657E-07
王子与108煞,16306,0.007929584
王朝的女人&middot;杨贵妃,246781,0.120016107
王朝的女人;杨贵妃,246781,0.120016107
王朝的女人·杨贵妃,49,2.33438E-05
王朝的女人杨贵妃,246781,0.120016107
王牌,97760,0.047542972
王牌情敌,56116,0.027290315
王牌特工：特工学院,484248,0.235503039
王牌逗王牌,21871,0.010636001
王的盛宴,60,2.86934E-05
王者之剑3D,150,7.24629E-05
王者之心,6,2.43164E-06
玛德2号,11921,0.005797034
玩命剧组,2846,0.001383604
玩命时光,6362,0.003093535
玩命狙击,39,1.84805E-05
玩命追踪,280,0.000135686
玩命速递：重启之战,253909,0.123482656
玩命魔术,13,5.83594E-06
玫瑰天涯,4,1.45899E-06
环城七十里,246,0.00011915
环太平洋,453984,0.220784798
环形使者,16,7.29493E-06
环游地球80天/80日环游世界,1,0
珍珠港,2,4.86328E-07
珠城之恋,1,0
班主任,94,4.52285E-05
璀璨的婚礼,3895,0.001893763
甜心巧克力,38268,0.018610327
甜蜜十八岁,8070,0.003924183
甜蜜杀机,120569,0.058635635
甜蜜蜜,13161,0.006400081
生化危机4,14,6.32227E-06
生化危机4：战神再生,2,4.86328E-07
生化危机5：惩罚,201514,0.098001482
生命的托举,10,4.37696E-06
生日历险,3,9.72657E-07
生死28小时,35,1.65352E-05
生死抉择,4,1.45899E-06
生死格斗,3,9.72657E-07
生死牛玉儒,160,7.73262E-05
生死缉毒,4,1.45899E-06
生死诀,3,9.72657E-07
生死足球赛,11,4.86328E-06
生活的颤音,1,0
甲方乙方,2484,0.001207553
电商时代,2510,0.001220198
电子情书,2,4.86328E-07
电影儿女（豫剧）,1,0
电影版卡牌决斗高手：黑月之神帝,8,3.4043E-06
电梯惊魂,64320,0.031280152
男二本色,13,5.83594E-06
男人不可以穷,51263,0.024930163
男人制造,1487,0.000722684
男儿本色,2,4.86328E-07
男左女右,886,0.000430401
男式女子足球队,2,4.86328E-07
男得有爱,116,5.59278E-05
男生贾里新传,1,0
男神抱抱,4992,0.002427265
男神时代,35402,0.017216509
画壁,295,0.000142981
画皮,1,0
画皮2,6,2.43164E-06
疯狂72小时,96852,0.047101386
疯狂丑小鸭,2718,0.001321354
疯狂动物城,1552362,0.754957145
疯狂原始人,361826,0.175965751
疯狂外星人,244426,0.118870804
疯狂婚礼,1,0
疯狂的导演,29044,0.014124434
疯狂的疯狂,1001,0.000486328
疯狂的石头,9,3.89063E-06
疯狂的赛车,1,0
疯狂粉丝王,3,9.72657E-07
痞子&middot;洛克,1290,0.000626877
痞子;洛克,1290,0.000626877
痞子洛克,1290,0.000626877
痞子英雄之全面开战,539,0.000261645
痞子英雄：黎明升起,285628,0.138908504
白发魔女传之明月天国,412472,0.200596336
白居易在龙门,3,9.72657E-07
白幽灵传奇之绝命逃亡,71942,0.034986947
白方礼,683,0.000331676
白日焰火,219427,0.106713082
白毛女,4132,0.002009022
白毛女（歌剧）,17917,0.008713058
白狐,65487,0.031847698
白色星球,22,1.02129E-05
白蛇传,1,0
白蛇传说,3908,0.001900085
白蛇传（戏曲）,15,6.8086E-06
白银帝国,3,9.72657E-07
白雪公主与青蛙王子,1,0
白雪公主之矮人力量,49133,0.023894284
白雪公主之神秘爸爸,43922,0.021360027
白雪公主之魔镜魔镜,54,2.57754E-05
白雪公主和三只小猪,21452,0.010432229
白鹿原,6,2.43164E-06
百万爱情宝贝,12691,0.006171507
百变星君,1,0
百变爱人,91235,0.04436968
百团大战,208962,0.101623656
百家乐翻天,19403,0.009435742
百年好合,2,4.86328E-07
百星酒店,102792,0.049990176
百鸟朝凤,222558,0.108235776
皇帝的新装之圣诞大明星,4096,0.001991515
益西卓玛,2,4.86328E-07
盗剑72小时,10686,0.005196418
盗墓笔记,1019317,0.495722256
盗走达芬奇,6,2.43164E-06
盗马记,182091,0.088555527
盗马贼,3,9.72657E-07
盘夫索夫,1,0
盟军夺宝队,145674,0.070844908
目标战,6173,0.003001619
盲探,252643,0.122866964
相伴库里申科,801,0.000389063
看上去很美,8,3.4043E-06
看见我和你,1699,0.000825786
真假铁马骝,43,2.04258E-05
真爱,3264,0.001586889
真相禁区,173711,0.084480096
睡在我上铺的兄弟,362204,0.176149583
瞧，这一担儿挑,1,0
石器时代之百万大侦探,5748,0.002794929
石头,4,1.45899E-06
石将军石勇,73,3.50156E-05
石斛兰,90,4.32832E-05
石榴树上结樱桃,1147,0.000557332
破五,2,4.86328E-07
破坏者,84450,0.041069942
破局,16771,0.008155726
破风,252739,0.122913651
硬汉,3,9.72657E-07
硬汉2奉陪到底,1,0
硬汉奶爸,29479,0.014335987
碟中谍,3,9.72657E-07
碟中谍2,3,9.72657E-07
碟中谍3,3,9.72657E-07
碟中谍4,13,5.83594E-06
碟中谍5：神秘国度,1012531,0.492422032
碟仙诡谭,61169,0.029747732
碧罗雪山,34,1.60488E-05
社区主任,20,9.24024E-06
祈祷,8,3.4043E-06
祝福,1,0
神偷奶爸2,399705,0.194387382
神偷特工,35,1.65352E-05
神兵小将,221,0.000106992
神兽金刚之青龙再现,25894,0.0125925
神剑传奇,662,0.000321463
神奇,65650,0.031926969
神奇侠侣,124,5.98184E-05
神战：权力之眼,437152,0.212598919
神探,5,1.94531E-06
神探亨特张,1,0
神探夏洛克,287938,0.140031923
神探驾到,90360,0.043944142
神枪手与智多星,2,4.86328E-07
神秘世界历险记,1026,0.000498487
神秘世界历险记2,101058,0.049146883
神秘世界历险记3,138515,0.067363283
神秘代码,6,2.43164E-06
神秘群岛,2,4.86328E-07
神笔马良,90946,0.044229131
神通乡巴佬,39,1.84805E-05
神通佛影,1132,0.000550037
禁忌游戏之迷藏,31584,0.015359708
禁止吸烟,714,0.000346752
私人订制,669506,0.325599254
私奔B计划,92187,0.044832664
秋喜,3,9.72657E-07
秋菊打官司,1,0
秋语,269,0.000130336
秋雨,2,4.86328E-07
秘密花园,17261,0.008394027
秘岸,19,8.75391E-06
秘术,41827,0.020341169
秦时明月3D电影龙腾万里,110238,0.053611377
移动迷宫,283563,0.137904236
移动迷宫2,325818,0.15845404
穷途,4183,0.002033825
空中营救,250189,0.121673514
穿越火线,69776,0.03393356
穿越硝烟的歌声,249,0.000120609
窃听风云,7,2.91797E-06
窃听风云2,175,8.46211E-05
窃听风云3,425091,0.206733313
窈窕绅士,9,3.89063E-06
窒息,4,1.45899E-06
章鱼哥,2523,0.00122652
童年,235,0.000113801
竹儿潇潇,8,3.4043E-06
笑功震武林,164659,0.080077851
笑过2012,202,9.7752E-05
笔仙,233,0.000112828
笔仙Ⅱ,153426,0.074614925
笔仙Ⅲ,129309,0.062886145
笔仙惊魂,44,2.09121E-05
笔仙惊魂3,124731,0.060659734
笔仙撞碟仙,32088,0.015604817
笔仙诡影,46480,0.022604055
笔仙魔咒,51124,0.024862564
笔尖沧桑,1,0
笛声何处,32,1.50762E-05
笨贼别跑,3962,0.001926347
第601个电话,1,0
第一书记,200,9.67793E-05
第一次,17,7.78125E-06
第一次的亲密接触,3,9.72657E-07
第一眼爱情,9476,0.004607961
第七子：降魔之战,351369,0.170880215
第七种味道,1,0
第七谎言,28913,0.014060725
第三届丝绸之路国际电影节（福州分会场）,31,1.45899E-05
第三种爱情,135758,0.066022476
第五个新娘,3,9.72657E-07
第六届北京国际电影节进口展映影片1,15,6.8086E-06
第六届北京国际电影节进口展映影片2,10,4.37696E-06
第六届北京国际电影节进口展映影片4,1,0
第十九层空间,216,0.000104561
第十九届上海国际电影节,168,8.12168E-05
等一个人咖啡,54894,0.026696021
等你追我,1397,0.000678914
等爱归来,4564,0.002219116
等风来,164372,0.079938275
筷仙,66806,0.032489165
简单爱,6466,0.003144113
箭士柳白猿,32802,0.015952056
箱子,2,4.86328E-07
篮球小皇帝,22,1.02129E-05
粉红女郎之爱人快跑,21122,0.010271741
精武家庭,2,4.86328E-07
精武青春,18421,0.008958168
精武风云,1,0
精武风云&middot;陈真,1213,0.00058943
精武风云;陈真,20,9.24024E-06
精武风云陈真,20,9.24024E-06
精灵旅社,148448,0.072193983
精灵旅社2,238552,0.116014111
精灵王座,71037,0.03454682
精舞门,2,4.86328E-07
精英部队：大敌当前,262,0.000126932
糖果世界大冒险,42016,0.020433085
索命暹罗之按摩师,18382,0.008939201
索马里真相,12,5.34961E-06
紫霞,7235,0.003518099
红军乡,9,3.89063E-06
红包,3650,0.001774612
红尾鸽,4,1.45899E-06
红楼梦,4,1.45899E-06
红楼梦（昆曲）,563,0.000273317
红河,2,4.86328E-07
红番区,6,2.43164E-06
红粉,117,5.64141E-05
红色恋人,398,0.000193072
红色满洲里,1,0
红色警戒999,63123,0.030698017
红髅,14525,0.007063433
红高粱,985,0.000478547
红鹰侠,21,9.72657E-06
约定倒计时,8679,0.004220357
纯真年代,393,0.000190641
纯纯欲动,2165,0.001052415
纳布科,2,4.86328E-07
纽约客@上海,4,1.45899E-06
纽约纽约,82114,0.039933879
纽约行动,19,8.75391E-06
线索,333,0.000161461
练胆儿,3896,0.001894249
绅士大盗,3,9.72657E-07
细菌大作战,43,2.04258E-05
终极匹配,31,1.45899E-05
终极大冒险,18108,0.008805947
终极审判,6,2.43164E-06
终极挑战3,10,4.37696E-06
终极硬汉,37392,0.018184303
终极胜利,4712,0.002291093
终结者2018,25,1.16719E-05
终结者：创世纪,822883,0.400190835
绑架大明星,17,7.78125E-06
结婚狂想曲,3,9.72657E-07
结婚那件事,23625,0.011489021
给你一千万,842,0.000409002
给太太打工,5,1.94531E-06
绝命海拔,194054,0.094373473
绝命航班,100472,0.048861894
绝命逃亡,18720,0.00910358
绝地逃亡,1010256,0.491315635
绝密跟踪,70410,0.034241892
绝对底线,32,1.50762E-05
绝战,1635,0.000794661
绝种好男人,1,0
绣春刀,170615,0.082974423
绣花鞋,21,9.72657E-06
绿林大冒险,32860,0.015980263
绿色救赎之追捕真凶,16,7.29493E-06
绿茶,8,3.4043E-06
绿草地,2,4.86328E-07
缘份,63997,0.031123068
缘分天注定,2,4.86328E-07
缘来是咱俩,23,1.06992E-05
缘来是游戏,41376,0.020121835
缘，妙不可言,1,0
罗西与莫妮卡之骊靬情,140,6.75996E-05
罪与罚,2,4.86328E-07
罪恶赎金,34324,0.016692248
羊城暗哨,1,0
美丽家园,1,0
美丽的夜晚,2,4.86328E-07
美丽笨女人,3990,0.001939964
美人依旧,3,9.72657E-07
美人草,2,4.86328E-07
美人邦,28473,0.01384674
美人鱼,2056225,1
美人鱼之海盗来袭,39229,0.019077688
美国队长,775,0.000376418
美国队长2：冬日战士,638135,0.310342647
美国队长3,295854,0.143881698
美国队长3：英雄内战,1101238,0.53556276
美国骗局,50863,0.024735632
美女与野兽,66651,0.032413784
美姐,5518,0.002683073
美男记,1,0
美食总动员,148,7.14903E-05
翻滚吧！阿信,1,0
老五的奥斯卡,1950,0.000947854
老井,3,9.72657E-07
老人,2,4.86328E-07
老刘的婚路历程,588,0.000285475
老哨卡,139,6.71133E-05
老外,10,4.37696E-06
老海的新生活,3,9.72657E-07
老炮儿,736752,0.358302889
老男孩之猛龙过江,260352,0.126616069
老百姓是天,42,1.99395E-05
老萨的战争,24,1.11856E-05
老虎都要嫁,9,3.89063E-06
老表轶事（花鼓戏）,2,4.86328E-07
老警,1473,0.000715875
老阿姨,3854,0.001873823
考拉大冒险,77315,0.037599989
聪明小鬼斗笨贼,2,4.86328E-07
聪明的一休之反斗公主,29936,0.014558239
肩上蝶,3,9.72657E-07
育婴室,3,9.72657E-07
背水一战,141069,0.068605366
胜利,9,3.89063E-06
胜利大阅兵,448,0.000217389
胡僧,114,5.49551E-05
胡桃夹子：魔境冒险,1,0
脱轨时代,150542,0.073212354
腊月的春,16,7.29493E-06
自古英雄出少年之岳飞,13,5.83594E-06
自我救赎,1401,0.00068086
自行车,2,4.86328E-07
致命对决,20951,0.010188579
致命怪谈,3689,0.001793579
致命请柬,9,3.89063E-06
致命闪玩,9341,0.004542307
致命黑兰,123255,0.059941913
致我们终将到来的爱情,52769,0.025662574
致我们终将逝去的青春,620378,0.301706915
致青春·原来你还在这里,476914,0.231936307
舌尖上的新年,12146,0.005906458
舍身技,1688,0.000820436
舞出我人生,4,1.45899E-06
舞出我人生2,3,9.72657E-07
舞台姐妹,2,4.86328E-07
色&middot;戒,6,2.43164E-06
艺术家,9639,0.004687233
花咒,43767,0.021284646
花好月圆,1,0
花样厨神,32330,0.015722509
花样年华,2,4.86328E-07
花漾,23452,0.011404886
花田囍事2010,4,1.45899E-06
花腰新娘,1,0
花花型警,5,1.94531E-06
花香,20,9.24024E-06
苏武牧羊 豫剧,260,0.000125959
英雄,1,0
英雄之战,107023,0.052047831
英雄本色,2,4.86328E-07
草原战士,2,4.86328E-07
荒岛情未了,14,6.32227E-06
荒村公寓,6,2.43164E-06
荒村凶间,29365,0.014280545
荒村客栈,34,1.60488E-05
荒村怨灵,28093,0.013661936
荒野猎人,556013,0.270404392
荣誉至上,36,1.70215E-05
莫斯科离大同不远,86,4.13379E-05
菊花台,5749,0.002795415
菜鸟,26913,0.013088068
萧红,5780,0.002810491
萨米大冒险,605,0.000293742
萨米大冒险2,35505,0.017266601
落经山,1806,0.000877823
落跑吧，爱情,67845,0.03299446
葫芦兄弟,5,1.94531E-06
蒸发太平洋,182991,0.088993223
蓝精灵2,218065,0.106050703
蓝色骨头,30817,0.014986694
蓝莓之夜,9,3.89063E-06
蔡李佛-极限拳速,43,2.04258E-05
藏地桃花,2,4.86328E-07
藏羚王之雪域精灵,20241,0.009843286
虎胆龙威4,404,0.00019599
虎胆龙威5,322682,0.156928914
虐面人之死灵面膜,19729,0.009594285
虹飞千岛,1041,0.000505781
蚀之春风桃李,7,2.91797E-06
蚀之江枫渔火,2,4.86328E-07
蚀之章台秋柳,6,2.43164E-06
蚁人,805454,0.391714619
蜂鸟特攻,113586,0.055239604
蜘蛛侠2,197,9.53204E-05
蜜月酒店杀人事件,61084,0.029706394
蜡笔总动员,34554,0.016804103
蝙蝠侠大战超人：,155352,0.075551594
蝙蝠侠大战超人：正义黎明,750451,0.364965101
蝙蝠侠：黑暗骑士崛起,10,4.37696E-06
蝙蝠别墅,20723,0.010077696
蝴蝶梦,25,1.16719E-05
蝴蝶飞,48,2.28574E-05
蟹蟹侬,22,1.02129E-05
血彩,2248,0.00109278
血滴子,37843,0.018403637
血红的蝴蝶,3,9.72657E-07
行歌坐月,9,3.89063E-06
街头杀手,1,0
街头舞王,4,1.45899E-06
街舞小子,2740,0.001332053
被偷走的那五年,261158,0.12700805
被解救的姜戈,49062,0.023859755
西柏坡,7,2.91797E-06
西柏坡2：王二小,847,0.000411434
西洋镜,1,0
西游&middot;降魔篇,750856,0.365162064
西游新传,43,2.04258E-05
西游新传2：真心话大冒险,21540,0.010475026
西游记之大圣归来,792354,0.385343717
西游记之大闹天宫,593609,0.288688392
西游记之孙悟空三打白骨精,888212,0.431962179
西游降魔篇,4,1.45899E-06
西湖传奇,69,3.30703E-05
西藏天空,10168,0.0049445
观音山,7,2.91797E-06
角逐,3586,0.001743487
解救吾先生,295111,0.143520356
触不可及,252050,0.122578571
警察故事2013,544699,0.264902073
警察日记,17283,0.008404726
警察追击,10,4.37696E-06
警至情归,8,3.4043E-06
让我们西米吧,1,0
让熊猫飞,5767,0.002804169
让爱绽放,204,9.87247E-05
记忆望着我,193,9.3375E-05
记忆碎片,48871,0.023766866
许海峰的枪,24,1.11856E-05
证人,3,9.72657E-07
诡八楼,46858,0.022787887
诡劫,16316,0.007934447
诡娃,38676,0.018808748
诡娃娃,20722,0.010077209
诡婴吉咪,48598,0.023634098
诡影迷情,30579,0.014870948
诡打墙,18395,0.008945523
诡拼车,16216,0.007885814
诡新娘,29459,0.01432626
诡替身,46885,0.022801018
诡梦凶铃,29168,0.014184739
诡爱,1,0
诡镇,45014,0.021891097
诡魇,18686,0.009087045
误入歧途,8,3.4043E-06
诱狼,7429,0.003612447
说说美丽世界,8,3.4043E-06
请将我遗忘,3,9.72657E-07
请把你的窗户打开,347,0.00016827
请柬,1,0
诺亚方舟漂流记,46161,0.022448916
诺苏之鹰,37,1.75078E-05
谁hold住谁,1081,0.000525235
谁偷了我的菜,3057,0.001486219
谁动了我的梦想,16153,0.007855175
谁的青春不热血之深流不息,1595,0.000775207
谁的青春不迷茫,390424,0.189873769
谁说我们不会爱,71736,0.034886763
谋杀似水年华,33944,0.016507443
谍&middot;莲花,23882,0.011614007
谍;莲花,4940,0.002401976
谍影特工,115318,0.056081925
谍影重重5,829133,0.403230387
谎言大爆炸,14412,0.007008478
谎言西西里,75168,0.036555842
谜城,229184,0.111458187
豪门生死恋,2,4.86328E-07
财神客栈,4,1.45899E-06
购物女王,6458,0.003140222
贵族大盗,76983,0.037438528
赏金猎人,341195,0.165932311
赚够一千万,15,6.8086E-06
赛尔号2：雷伊与迈尔斯,204,9.87247E-05
赛尔号4大电影：圣魔之战,101722,0.049469805
赛尔号5：雷神崛起,97576,0.047453488
赛尔号之寻找凤凰神兽,408,0.000197936
赛尔号大电影3之战神联盟,115855,0.056343083
赞鸟历险记,38980,0.018956592
赤壁(上),3,9.72657E-07
赤焰战场,78,3.74473E-05
赤焰战场2,143404,0.069740943
赤狼蚁,1014,0.000492651
赤裸的微笑,2,4.86328E-07
赤警威龙,55254,0.0268711
赤道,290645,0.141348413
赤道雪山下的国家坦葛,5,1.94531E-06
走出西柏坡,1,0
走向梦想的日子,4,1.45899E-06
走路上学,4,1.45899E-06
走进西藏,551,0.000267481
赵氏孤儿,42,1.99395E-05
赵氏孤儿（戏曲）,2,4.86328E-07
赵氏孤儿（秦腔）,1,0
超人：钢铁之躯,348706,0.169585123
超体,388999,0.189180751
超凡蜘蛛侠2,662638,0.322259151
超导,1,0
超强台风,1,0
超级保镖,26621,0.01294606
超级女特工,5,1.94531E-06
超级经纪人,84892,0.041284899
超能兔战队,11460,0.005572836
超能太阳鸭,63463,0.030863369
超能查派,260217,0.126550415
超能游戏者,17,7.78125E-06
超能陆战队,548292,0.266649451
超脑48小时,259393,0.12614968
超萌英雄,13034,0.006338317
超蛙战士之初露锋芒,372,0.000180428
超蛙战士之威武教官,260,0.000125959
超越那一天,417,0.000202313
超验骇客,233644,0.113627212
越位者,5249,0.002552251
越光宝盒,182,8.80254E-05
越来越好之村晚,66753,0.032463389
足球大侠,1,0
跑出一片天,36,1.70215E-05
跑山,1,0
跑过罗湖桥,7,2.91797E-06
跟踪,1,0
路边草,3,9.72657E-07
路边野餐,15470,0.007523013
踏雪寻梅,739,0.00035891
车在囧途,18,8.26758E-06
轩辕剑传奇,15126,0.007355716
轩辕大帝,3983,0.001936559
转山,148,7.14903E-05
轻羽飞扬,2,4.86328E-07
辛亥革命,4,1.45899E-06
辛巴达历险记2,56454,0.027454694
辛巴达历险记2013,79234,0.038533253
边区造,84,4.03653E-05
边境风云,1,0
达人也疯狂,395,0.000191613
迁徙,3,9.72657E-07
过年回家,3,9.72657E-07
过年好,213192,0.103680825
过界,9,3.89063E-06
过界男女,51768,0.025175759
迈阿密行动,8,3.4043E-06
近在咫尺的爱恋,27892,0.013564184
近距离击杀,6060,0.002946663
返乡,87,4.18242E-05
还魂之迷失曼谷,37336,0.018157068
这个大叔不太囧,474,0.000230033
这儿是香格里拉,2,4.86328E-07
这里是新疆,1,0
这里的黎明静悄悄,24500,0.011914558
这里，那里,121,5.83594E-05
连环局,6,2.43164E-06
迟到的恋曲,4,1.45899E-06
迫在眉睫,506,0.000245596
迷与狂,17814,0.008662967
迷城,1479,0.000718793
迷魂之密室逃脱,21978,0.010688038
迷魂陷阱,8,3.4043E-06
追你到天边,236,0.000114287
追凶者也,385341,0.187401762
追爱大布局,45659,0.022204779
追爱总动员,6,2.43164E-06
追踪长尾豹马修,22929,0.011150536
逃亡战士,6,2.43164E-06
逃出生天3D,200225,0.097374605
逆世界,135755,0.066021017
逆光飞翔,34720,0.016884834
逆境王牌,23,1.06992E-05
逆袭,3408,0.001656921
逆袭的青春,1,0
逆转胜,3065,0.00149011
逗鸟外传：萌宝满天飞,214966,0.104543571
通天塔,11,4.86328E-06
通灵之六世古宅,47968,0.023327711
通灵神探,104857,0.050994444
通道转兵,6720,0.00326764
速度与激情,456,0.000221279
速度与激情5,1,0
速度与激情6,380205,0.184903979
速度与激情7,1478877,0.719219307
遍地狼烟,23,1.06992E-05
道口烧鸡铺,21,9.72657E-06
道士下山,421714,0.205090982
遗落战境,226382,0.110095495
遥远的拥抱,70,3.35567E-05
遭遇海明威,1586,0.00077083
邋遢大王奇遇记,38,1.79941E-05
邓小平,1,0
邓小平登黄山,615,0.000298606
那些年，我们一起追的女孩,19,8.75391E-06
那件疯狂的小事叫爱情,113379,0.055138934
那山那人那狗,656,0.000318545
那年我对你的承诺,2,4.86328E-07
那座山,8,3.4043E-06
那是说着玩的,6,2.43164E-06
邻家特工,231,0.000111856
郑和1405：魔海寻踪,14325,0.006966167
郭明义,203,9.82383E-05
都市童话,140,6.75996E-05
都是手机惹的祸,122,5.88457E-05
醉后一夜,18,8.26758E-06
里约大冒险,2772,0.001347616
里约大冒险2,313345,0.152388067
里耶&middot;情简,107,5.15508E-05
里耶;情简,107,5.15508E-05
里耶情简,107,5.15508E-05
重来,8,3.4043E-06
重生爱人,113541,0.055217719
重返20岁,598074,0.290859848
重返十八,1,0
重返地球,262400,0.12761207
重返大海,16007,0.007784171
野人传奇,27,1.26445E-05
野猪林,4,1.45899E-06
野草莓,5150,0.002504105
野蛮的温柔,5,1.94531E-06
野蛮秘笈,4,1.45899E-06
金刚狼2,369024,0.179466342
金刚王：死亡救赎,57775,0.028097133
金太狼的幸福生活,38553,0.01874893
金牌流浪狗,7505,0.003649408
金画眉,1,0
金箍棒传奇,27928,0.013581691
金箍棒传奇2,35811,0.017415418
金色时光,550,0.000266994
金色记忆,6,2.43164E-06
金蝉脱壳,368437,0.179180867
金钱帝国,2,4.86328E-07
鏖兵天府,2,4.86328E-07
钟馗伏魔：雪妖魔灵,318595,0.15494129
钢刀,80054,0.038932042
钢板咏叹调,125,6.03047E-05
钢琴木马,16625,0.008084722
钢铁侠,4,1.45899E-06
钢铁侠2,54,2.57754E-05
钢铁侠3,541384,0.263289894
钢铁玫瑰,115,5.54414E-05
钱在路上跑,333,0.000161461
钱学森,35,1.65352E-05
铁三角,768,0.000373014
铁人,3,9.72657E-07
铁娘子：坚固柔情,21203,0.010311133
铁拳,82957,0.040343854
铁甲钢拳,7,2.91797E-06
铁线虫入侵,87,4.18242E-05
铁血,23,1.06992E-05
铁血大动脉,1,0
铁血娇娃,29468,0.014330637
铁血残阳,35,1.65352E-05
铁血精英,207,0.000100184
铜牌小车手,9,3.89063E-06
铜雀台,869,0.000422133
铠甲勇士之帝皇侠,607,0.000294715
铠甲勇士之雅塔莱斯,80732,0.039261773
银杏之梦,34,1.60488E-05
银河护卫队,655444,0.318760505
银蛇谋杀案,3,9.72657E-07
锁麟囊（秦腔）,1,0
锦绣前程,9,3.89063E-06
锦衣卫,677,0.000328758
镇海保卫战,439,0.000213012
长大成人2013,2,4.86328E-07
长江7号爱地球,1,0
长江7号：超萌特攻队,36593,0.017795727
长江图,27352,0.013301566
门,25,1.16719E-05
门巴将军,2137,0.001038797
门徒,7,2.91797E-06
门球健将,1,0
闪魂,36133,0.017572016
闯入者,37155,0.018069043
闯入迷宅,6,2.43164E-06
闯堂兔,106,5.10645E-05
闯堂兔2疯狂马戏团,52750,0.025653333
间谍,4,1.45899E-06
闺蜜,273698,0.133106607
阳光总在风雨后,233,0.000112828
阳光灿烂的日子,1,0
阳光留守,804,0.000390522
阳光舞台,12,5.34961E-06
阿凡提和阿瓦提,14,6.32227E-06
阿凡达,15,6.8086E-06
阿嬷的梦中情人,5552,0.002699609
阿童木,292,0.000141522
阿诗玛,2,4.86328E-07
阿里巴巴2所罗门封印,32328,0.015721536
阿里巴巴大盗奇兵,67349,0.032753241
陆垚知马俐,393858,0.19154382
陌路惊笑,17433,0.008477676
陪安东尼度过漫长岁月,156104,0.075917313
隋朝来客,26,1.21582E-05
隐私保险箱,2,4.86328E-07
隔壁惊魂,9821,0.004775744
隔窗有眼,13471,0.006550843
难忘的岁月,1,0
集结号,5,1.94531E-06
雏菊,4,1.45899E-06
雏鸟的天空,57,2.72344E-05
雨中的树,1,0
雨夜惊魂,11089,0.005392409
雨果,37,1.75078E-05
雪国列车,186431,0.090666192
雪花秘扇,1,0
雪落牤牛河,126,6.0791E-05
零点杀机,5456,0.002652921
雷神,865,0.000420188
雷神2：黑暗世界,400247,0.194650972
雷锋,2,4.86328E-07
雷锋在1959,579,0.000281098
雷锋的微笑,967,0.000469793
雾宅,1,0
霍比特人1：意外旅程,252087,0.122596565
霍比特人2：史矛革之战,416576,0.202592227
霍比特人：五军之战,643728,0.313062682
霍比特人：史矛革之战,2,4.86328E-07
露水红颜,171414,0.083362999
霸王别姬,58,2.77207E-05
霸王别姬（京剧）,660,0.00032049
霹雳囧花,632,0.000306873
霹雳贝贝,2,4.86328E-07
青山翠谷,1,0
青春,13,5.83594E-06
青春&middot;com,1072,0.000520858
青春小说,223,0.000107965
青春指南,2,4.86328E-07
青春搏击,1,0
青春时光,1607,0.000781043
青春派,72182,0.035103666
青春的应答,14,6.32227E-06
青春祭,1,0
青春雷锋,3499,0.001701177
青涩日记,393,0.000190641
青红,82,3.93926E-05
青藏线,2,4.86328E-07
青蛇,2,4.86328E-07
青蛙总动员,41383,0.020125239
青蛙王国,42500,0.020668468
青蛙王国之冰冻大冒险,25384,0.012344472
静静的嘛呢石,9,3.89063E-06
非你勿扰,4913,0.002388845
非同小可,401,0.000194531
非常主播,60,2.86934E-05
非常夏日,1,0
非常完美,26,1.21582E-05
非常幸运,246227,0.119746681
非常绑匪,2,4.86328E-07
非常营救,6,2.43164E-06
非狐外传,33460,0.01627206
非秀不可,1700,0.000826272
非诚勿扰,10,4.37696E-06
非诚勿扰2,7,2.91797E-06
韩城攻略,1,0
韶山少年,31,1.45899E-05
顺风车,9764,0.004748024
预见未来,21,9.72657E-06
风云1927,3284,0.001596616
风云决,8,3.4043E-06
风口青春,175,8.46211E-05
风暴,356295,0.173275869
风暴突击者,4,1.45899E-06
风雨日升昌,10,4.37696E-06
飓风营救,163,7.87852E-05
飓风营救2,754,0.000366205
飓风营救3,372349,0.181083384
飘落的羽毛,10428,0.005070946
飞天,15,6.8086E-06
飞天鱼,204,9.87247E-05
飞扬的青春,3,9.72657E-07
飞越老人院,12,5.34961E-06
飞跃地心,2907,0.00141327
飞跃彩虹,28,1.31309E-05
飞鱼秀,492,0.000238787
飞鹰艾迪,45599,0.0221756
饥饿游戏,979,0.000475629
饥饿游戏2:星火燎原,266856,0.129779149
饥饿游戏3：嘲笑鸟（上）,309569,0.150551691
饥饿游戏3：嘲笑鸟（下）,247349,0.120292342
首席执行官,1,0
香气,11050,0.005373442
香草,1,0
香螺岛的故事,45,2.13984E-05
香魂女,9,3.89063E-06
马兰花,7,2.91797E-06
马可波罗回香都,1,0
马奈的新娘,1,0
马小乐之玩具也疯狂,34944,0.016993771
马背上的法庭,8,3.4043E-06
马达加斯加3,1968,0.000956608
马达加斯加的企鹅,326884,0.158972466
驯龙骑士,54132,0.026325439
驯龙高手,3,9.72657E-07
驯龙高手2,430591,0.209408119
骆驼祥子,1,0
骇战,24654,0.011989453
高举爱,33,1.55625E-05
高海拔之恋2,2,4.86328E-07
高考1977,5,1.94531E-06
高跟鞋先生,214728,0.104427825
高铁英雄,7762,0.003774394
魁拔,654,0.000317572
魁拔Ⅲ战神崛起,54594,0.026550123
魁拔之大战元泱界,55752,0.027113291
魔兽,1562570,0.759921584
魔卡行动,23061,0.011214731
魔境仙踪,174028,0.084634262
魔宫魅影,213175,0.103672557
魔幻仙踪,43169,0.020993822
魔幻厨房,3,9.72657E-07
魔比斯环,4624,0.002248296
魔法总动员,90820,0.044167853
魔法老师,96001,0.04668752
魔警,228941,0.11134001
魔轮,51172,0.024885907
魔都凶音,20211,0.009828696
魔都爱之十二星座,3,9.72657E-07
魔镜,39093,0.019011547
魔镜奇缘,64383,0.031310791
魔鬼天使,3,9.72657E-07
魔鬼特遣队,8,3.4043E-06
鱼儿离不开水,67,3.20977E-05
鱼龙勇士,47,2.23711E-05
鲁迅,2,4.86328E-07
鲨滩,311025,0.151259785
鸣梁海战,97684,0.047506011
鹭语,1088,0.000528639
鹰笛&middot;雪莲,427,0.000207176
鹰笛;雪莲,427,0.000207176
鹰笛·雪莲,12,5.34961E-06
鹰笛雪莲,427,0.000207176
麦兜&middot;我和我妈妈,88740,0.04315629
麦兜;我和我妈妈,83,3.98789E-05
麦兜·我和我妈妈,4,1.45899E-06
麦兜·饭宝奇兵,107695,0.052374644
麦兜响当当,41,1.94531E-05
麦兜当当伴我心,21,9.72657E-06
麦兜我和我妈妈,82,3.93926E-05
麦特巴卜和大嘴,6,2.43164E-06
麦田,5,1.94531E-06
麻将棒棒手,1,0
黄克功案件,4022,0.001955526
黄河,43,2.04258E-05
黄海怀,63,3.01524E-05
黄石的孩子,5,1.94531E-06
黄色潜水艇,45,2.13984E-05
黄连有点甜,184,8.89981E-05
黄金大劫案,2,4.86328E-07
黄金时代,88903,0.043235562
黄金福将,21211,0.010315024
黄飞鸿之英雄有梦,296752,0.144318421
黎明之眼,6868,0.003339617
黎明行动,8,3.4043E-06
黑匣子,2,4.86328E-07
黑处有什么,5,1.94531E-06
黑太阳731,2,4.86328E-07
黑暗中的救赎,6,2.43164E-06
黑月,11208,0.005450282
黑海夺金,31337,0.015239585
黑炮事件,1,0
黑猫警长,136,6.56543E-05
黑猫警长之翡翠之星,136896,0.066575918
黑皮书,1,0
黑瞳,3997,0.001943368
黑衣人3,2,4.86328E-07
黑金,3,9.72657E-07
黑金风暴,24,1.11856E-05
黑骏马,1,0
默守那份情,4307,0.00209413
鼠来宝4：萌在囧途,173868,0.084556449
龙之谷：破晓奇兵,93544,0.045492612
龙凤呈祥,367,0.000177996
龙凤呈祥（京剧）,505,0.000245109
龙凤店,1,0
龙在哪里?,34987,0.017014683
龙在哪里？,7206,0.003503996
龙拳小子,20919,0.010173016
龙旋风,1,0
龙舞金瓶,3,9.72657E-07
龙虎门,1054,0.000512104
龙门飞甲,401,0.000194531
龙须沟,1,0
龙骑侠,32248,0.01568263
龙骧虎跃,34,1.60488E-05
龟兔再跑,47293,0.02299944
