Moviename,Type,weight
﻿0.5的爱情,﻿爱情,3.512333303751971e-06
007：大破天幕杀机,动作/冒险/惊悚,0.83103396991038
007：幽灵党,动作/冒险/惊悚/悬疑,0.906096867207178
101次求婚,爱情,0.19833796563683181
1980年代的爱情,爱情,0.19833796563683181
2012 3D,灾难/动作/惊悚,0.5525225422241374
201314,爱情,0.19833796563683181
201413,爱情,0.19833796563683181
201413爱你一世一生,爱情,0.19833796563683181
21岁派对,喜剧,0.2570479345612374
234说爱你,,0.1841949823263029
37次想你,爱情/青春,0.25057328994106526
3D食人虫,惊悚/科幻/灾难,0.29359931834542036
4B青年之4楼B座,喜剧/爱情,0.4553859001980693
5月天诺亚方舟,纪录片/音乐/歌舞,0.007580967517818698
708090之深圳恋歌,爱情/剧情/青春/励志,0.30854530760311444
80后的独立宣言,剧情/青春/励志,0.1102073419662826
81号农场之保卫麦咭,动画,0.08751276410146716
81号农场之疯狂的麦咭,动画,0.08751276410146716
9号女神,爱情,0.19833796563683181
B+侦探,,0.1841949823263029
B区32号,,0.1841949823263029
Hello！树先生！,,0.1841949823263029
Hi，高考君,剧情/喜剧,0.30684562366117957
HOLD住爱,,0.1841949823263029
U盘,喜剧,0.2570479345612374
X战警：天启,动作/科幻/冒险,0.885298255640561
X战警：逆转未来,科幻/动作/冒险,0.885298255640561
一万年以后,动作,0.4242107898081302
一个人的恋情,爱情,0.19833796563683181
一个人的武林,动作/悬疑/警匪/功夫/爱情,0.7236538737377263
一个勺子,喜剧/冒险,0.552847834464255
一个温州的女人,爱情/家庭,0.22560175044054573
一九四二,战争/灾难/历史,0.05878595135620601
一代宗师,动作/传记,0.43582700430315396
一代宗师3D,动作/传记,0.43582700430315396
一切都好,喜剧,0.2570479345612374
一刻十年,爱情,0.19833796563683181
一号目标,动作/悬疑/剧情,0.5490713762048701
一场风花雪月的事,爱情/动作/警匪,0.6466896437992036
一夜危机,爱情/喜剧,0.4553859001980693
一夜惊喜,爱情/喜剧,0.4553859001980693
一夜成名,,0.1841949823263029
一家老小向前冲,喜剧,0.2570479345612374
一座城池,喜剧/青春,0.30928325886547087
一念天堂,喜剧,0.2570479345612374
一条叫王子的狗,,0.1841949823263029
一棵心中的许愿树,剧情/爱情,0.24813565473677393
一步之城,,0.1841949823263029
一步之遥,喜剧/歌舞/爱情,0.4599465395525161
一生一世,爱情,0.19833796563683181
一触即发,动作/惊悚,0.5352340700073623
一诺·千金,剧情/农村,0.049890979181299276
一路向前,爱情/喜剧,0.4553859001980693
一路惊喜,爱情,0.19833796563683181
一路狂奔,喜剧,0.2570479345612374
一路顺疯,喜剧,0.2570479345612374
七品知县进道观（豫剧）,剧情/戏曲,0.04982940672407975
七彩田野,剧情/农村,0.049890979181299276
七月与安生,,0.1841949823263029
七月半2：前世今生,惊悚/恐怖,0.11411022979894775
七月半之恐怖宿舍,惊悚/恐怖,0.11411022979894775
万万没想到,喜剧/古装/冒险,0.5766895178067905
万有引力,,0.1841949823263029
万物生长,爱情/青春,0.25057328994106526
万箭穿心,爱情,0.19833796563683181
三个孬家伙,喜剧/剧情,0.30684562366117957
三个未婚妈妈,,0.1841949823263029
三人行,动作/惊悚/犯罪,0.5920193862785131
三十七,,0.1841949823263029
三只小猪与神灯,动画/励志/儿童/喜剧,0.35707045075020283
三城记,爱情,0.19833796563683181
三小强,动画,0.08751276410146716
三更车库,惊悚/恐怖,0.11411022979894775
三月情流感,爱情/喜剧,0.4553859001980693
下一个奇迹,,0.1841949823263029
下一站再爱你,爱情,0.19833796563683181
不二神探,喜剧/动作/悬疑,0.7563216216661656
不再让你孤单,,0.1841949823263029
不再说分手,爱情,0.19833796563683181
不可思异,喜剧/科幻,0.4223355004906506
不怕贼惦记,,0.1841949823263029
不惧风暴,动作/灾难/惊悚,0.5525225422241374
不是钱的事,剧情,0.049797689099942116
不朽的时光,剧情/励志,0.05797201766204916
不爱不散,爱情,0.19833796563683181
不肯去观音,纪实/历史,0.014676348057167552
不能说的夏天,爱情/青春,0.25057328994106526
不能错过,爱情,0.19833796563683181
不要迷恋姐,喜剧/爱情,0.4553859001980693
不见不散,喜剧/爱情,0.4553859001980693
不速之客,惊悚/悬疑/犯罪,0.24287149376718095
与时尚同居,,0.1841949823263029
与贼同屋,爱情/悬疑,0.27340086293362975
丑小鸭历险记,动画,0.08751276410146716
丑男大翻身,爱情,0.19833796563683181
世界屋脊的歌声,剧情,0.049797689099942116
丛林有情狼,,0.1841949823263029
东北偏北,喜剧/犯罪/悬疑,0.3888961481291862
东方中国梦,纪实/纪录片,0.009176834413723323
东方欲晓,纪实/革命/历史,0.014676354329191309
东莞女孩,爱情,0.19833796563683181
丝路英雄·云镝,,0.1841949823263029
丢羊,剧情,0.049797689099942116
中国合伙人,爱情/励志/青春,0.2587476185031723
中国好声音之为你转身,歌舞/纪实,0.011290125707889172
临时同居,爱情/喜剧,0.4553859001980693
临时约定,爱情/喜剧,0.4553859001980693
临沧的诱惑,爱情/喜剧,0.4553859001980693
临终囧事,惊悚/喜剧,0.3680712147604696
为了这片土地,剧情/主旋律/农村/现实,0.050205408903472526
为爱放手,爱情,0.19833796563683181
乌珠穆沁的孩子,剧情,0.049797689099942116
乌龙戏凤2012,,0.1841949823263029
乐乐熊奇幻追踪,动画,0.08751276410146716
乐翻天,,0.1841949823263029
乐队,歌舞,0.0045606393544468
乔布斯,纪录片/传记,0.014063562555304708
九层妖塔,动作/惊悚/魔幻/冒险,0.8696262965674929
九条命,,0.1841949823263029
乡村不寂寞,爱情,0.19833796563683181
乡间童谣,剧情,0.049797689099942116
乳娘情,剧情/主旋律,0.05008701818304106
了不起的盖茨比,爱情,0.19833796563683181
二十二,剧情/纪录片,0.05224503716022307
二次曝光,爱情/悬疑,0.27340086293362975
云上太阳,,0.1841949823263029
云中行走,剧情/传记/冒险,0.35721380349798354
云图,科幻/惊悚/悬疑,0.3513737434254432
五女拜寿,,0.1841949823263029
五月天追梦3DNA,,0.1841949823263029
亡命地中海,惊悚/悬疑,0.18608617749603007
京城81号,惊悚/剧情/悬疑,0.23588386659597219
亲爱,爱情,0.19833796563683181
亲爱的,剧情/家庭,0.07706147390365604
亲，别怕鬼宅凶灵,惊悚/恐怖/悬疑,0.18917312709574566
人再囧途之泰囧,喜剧/公路,0.27856198584254305
人在征途,爱情,0.19833796563683181
人在驴途,喜剧,0.2570479345612374
人山人海,,0.1841949823263029
人狼大战,,0.1841949823263029
人生不能重来,剧情,0.049797689099942116
人皮拼图,惊悚/恐怖/悬疑,0.18917312709574566
人间·小团圆,爱情/家庭,0.22560175044054573
人间蒸发,惊悚/悬疑,0.18608617749603007
今天明天,动画,0.08751276410146716
从你的全世界路过,,0.1841949823263029
从哪来，到哪去,喜剧/儿童,0.26138335808662866
从天“儿”降,喜剧/爱情/科幻,0.6206734661274824
他是龙,,0.1841949823263029
伞头和他的女人,爱情,0.19833796563683181
传奇状元伦文叙,纪录片/戏曲,0.002479065684418581
伦敦陷落,动作/惊悚/犯罪,0.5920193862785131
伴我同行,剧情,0.049797689099942116
低碳爱情,爱情,0.19833796563683181
何以笙箫默,爱情,0.19833796563683181
何帅的爱情,爱情,0.19833796563683181
余之香,剧情,0.049797689099942116
你是不是我的爱人,爱情/励志,0.20651229419893885
你是哪里人,,0.1841949823263029
使命召唤,动作/犯罪,0.48099610607928106
使徒行者,动作/警匪/悬疑,0.5234145754591697
侏罗纪世界,动作/冒险/科幻/惊悚,0.9963215358397931
侏罗纪公园3D,科幻/动作/冒险/惊秫,0.8901573241573753
侠探杰克,动作/犯罪,0.48099610607928106
侠盗石川,,0.1841949823263029
侨女日记,剧情,0.049797689099942116
俐侎阿朵,爱情,0.19833796563683181
保安刘十八,剧情,0.049797689099942116
借你俩胆,喜剧/惊悚,0.3680712147604696
倾城,灾难/警匪/动作,0.4656401503791468
倾城之泪,,0.1841949823263029
假装情侣,,0.1841949823263029
假装看不见之电影大师,爱情/喜剧,0.4553859001980693
催命符,惊悚/悬疑,0.18608617749603007
催眠大师,惊悚/悬疑/心理,0.18971575373986604
像小强一样活着,,0.1841949823263029
像素大战,动作/喜剧/科幻,0.8465462902987808
光棍终结者,,0.1841949823263029
光的棍,喜剧/爱情,0.4553859001980693
光荣使命,[],7.532073329420967e-05
光辉岁月,动作/冒险/爱情,0.9183486553479796
兔侠之青黎传说,动画/冒险,0.38331266400448477
兔侠传奇,,0.1841949823263029
兔子镇的火狐狸,动画/喜剧/冒险,0.6403605985657222
党的女儿尹灵芝,剧情/主旋律,0.05008701818304106
全力扣杀,动作/喜剧,0.6812587243693676
全城通缉,动作/悬疑/犯罪,0.5560590033760789
全城高考,喜剧/爱情/青春,0.5076212245023027
全民目击,惊悚/悬疑/犯罪,0.24287149376718095
全球热恋,,0.1841949823263029
全能囧爸,喜剧,0.2570479345612374
八星抱喜,,0.1841949823263029
公主的诱惑,爱情/青春/喜剧,0.5076212245023026
公路美人,爱情,0.19833796563683181
六弄咖啡馆,爱情/青春,0.25057328994106526
六福喜事,爱情/喜剧,0.4553859001980693
兰亭,爱情/战争,0.23188858307253762
关云长,,0.1841949823263029
再次出发,喜剧/爱情/音乐,0.4559588803011602
再爱一次好不好,爱情/喜剧,0.4553859001980693
再生之乐,剧情/喜剧,0.30684562366117957
再见巨人,剧情,0.049797689099942116
再见我们的十年,爱情/喜剧,0.4553859001980693
再见，在也不见,爱情/剧情/同性,0.24820765129747707
军号密码,战争,0.03355061743570581
冬,剧情,0.049797689099942116
冬,剧情,0.049797689099942116
冰封：重生之门,动作/科幻/喜剧,0.8465462902987808
冰川时代4：大陆漂移,,0.1841949823263029
冰川时代5：星际碰撞,,0.1841949823263029
冰川时代：星际碰撞,,0.1841949823263029
冰川时代：融冰之灾,动画/动作/冒险,0.807523453812615
冰河追凶,动作/悬疑/犯罪,0.5560590033760789
冰美人,爱情/冒险,0.49413786553984945
冰雪11天,灾难/抢险,0.017348614652578018
冰雪奇缘,动画,0.08751276410146716
冲上云霄,爱情,0.19833796563683181
冲锋号,动画,0.08751276410146716
冲锋战警,动作/犯罪,0.48099610607928106
冲锋车,动作/犯罪,0.48099610607928106
决不饶恕,剧情/反腐,0.05039558230859705
冷瞳,惊悚/悬疑,0.18608617749603007
凡人烦恼,喜剧/悬疑,0.3321108318580353
凤凰台,剧情,0.049797689099942116
凤凰谷,,0.1841949823263029
凶间雪山,惊悚/冒险,0.4068231801022498
击战,,0.1841949823263029
分手不分手,爱情,0.19833796563683181
分手再说我爱你,爱情,0.19833796563683181
分手合约,爱情,0.19833796563683181
分手大师,喜剧/爱情,0.4553859001980693
分手木马计,爱情/喜剧,0.4553859001980693
分手达人,爱情/喜剧,0.4553859001980693
分歧者2：绝地反击,动作/爱情/科幻/冒险,1.0836362212773927
分歧者3：忠诚世界,科幻/动作/冒险/悬疑,0.9603611529373589
分歧者：异类觉醒,动作/爱情/冒险/科幻,1.0836362212773927
刑警兄弟,喜剧,0.2570479345612374
刘老庄八十二壮士,战争,0.03355061743570581
初到东京,,0.1841949823263029
初恋未满,爱情/青春,0.25057328994106526
判我有罪,剧情/悬疑,0.12486058639674003
别开门,惊悚/悬疑/恐怖,0.18917312709574563
别惹我,动作/喜剧,0.6812587243693676
别有动机,动作/犯罪/悬疑,0.5560590033760789
别跟我谈高富帅,喜剧/爱情,0.4553859001980693
到阜阳六百里,,0.1841949823263029
制服,惊悚,0.11102328019923217
刺夜,动作/悬疑,0.4992736871049281
刺客,动作/古装,0.4480524731506655
刺客聂隐娘,动作/武侠/古装,0.456698353783682
刺猬小子之天生我刺,动画/儿童/冒险,0.387648087529876
刻在石磨上的勋章,剧情,0.049797689099942116
前任2：备胎反击战,爱情/喜剧,0.4553859001980693
前任攻略,爱情/喜剧,0.4553859001980693
剑河,动作/武侠,0.4328566704411467
剩者为王,爱情/喜剧/都市,0.4565562849191645
功夫,动作/喜剧/犯罪,0.7380440406405185
功夫世家,动作/喜剧,0.6812587243693676
功夫侠,动作,0.4242107898081302
功夫小龙,动作/喜剧,0.6812587243693676
功夫战斗机,动作,0.4242107898081302
功夫熊猫2,,0.1841949823263029
功夫熊猫3,动画/动作/冒险/喜剧,1.0645713883738526
动植物大战,动画/儿童,0.09184818762685837
动物也疯狂,动画,0.08751276410146716
劫案迷云,动作/惊悚,0.5352340700073623
劳拉的星星在中国,,0.1841949823263029
勿忘初心,剧情/喜剧,0.30684562366117957
匆匆那些年,爱情/青春,0.25057328994106526
匆匆那年,爱情/青春,0.25057328994106526
化妆师,惊悚,0.11102328019923217
北京·纽约,爱情,0.19833796563683181
北京时间,爱情,0.19833796563683181
北京爱情故事,爱情,0.19833796563683181
北京遇上西雅图,爱情/喜剧,0.4553859001980693
北京遇上西雅图之不二情书,爱情/喜剧,0.4553859001980693
北回归线,爱情/喜剧,0.4553859001980693
北漂鱼,喜剧/青春/都市,0.31045364358656613
匹夫,,0.1841949823263029
医缘,爱情/喜剧,0.4553859001980693
十七岁,爱情,0.19833796563683181
十万个冷笑话,动画/喜剧,0.34456069866270456
十万伙急,喜剧/悬疑,0.3321108318580353
十二公民,剧情/犯罪,0.106583005371093
十二星座离奇事件,惊悚/悬疑,0.18608617749603007
十二生肖,动作/冒险/喜剧,0.9770586242723852
十二生肖城市英雄,动画,0.08751276410146716
十五岁的笑脸,,0.1841949823263029
十月初五的月光,爱情,0.19833796563683181
十月阳春,剧情,0.049797689099942116
千锤百炼,纪实/纪录片/运动,0.011487291165097665
午夜43路,惊悚/恐怖,0.11411022979894775
午夜凶梦,,0.1841949823263029
午夜寻访录,恐怖,0.0030869495997155644
午夜微博,惊悚,0.11102328019923217
午夜火车,惊悚,0.11102328019923217
半夜不要照镜子,,0.1841949823263029
半夜叫你别回头,惊悚/恐怖,0.11411022979894775
半熟少女,爱情,0.19833796563683181
华丽上班族,喜剧/爱情,0.4553859001980693
单身男女,,0.1841949823263029
单身男女2,爱情/喜剧,0.4553859001980693
南口1937,战争,0.03355061743570581
南平红荔,剧情,0.049797689099942116
南方大冰雪,剧情,0.049797689099942116
南泥湾,战争/历史/主旋律,0.04178680822252994
博物馆奇妙夜3,喜剧/冒险/家庭,0.580111619267969
卧虎藏龙：青冥宝剑,动作/冒险,0.7200106897111478
卧龙岗,喜剧/悬疑,0.3321108318580353
危城,动作/武侠/古装,0.456698353783682
危城之恋,爱情,0.19833796563683181
危情营救,动作/犯罪,0.48099610607928106
危险关系,爱情/悬疑,0.27340086293362975
厨子戏子痞子,喜剧/战争/动作,0.7148093418050735
双人床条约,,0.1841949823263029
双城计中计,,0.1841949823263029
双生灵,惊悚/悬疑,0.18608617749603007
双雄,动作/犯罪/冒险,0.7767960059822988
反贪风暴,动作/反腐,0.42480868301678515
反贪风暴2,,0.1841949823263029
发条城市,喜剧,0.2570479345612374
受降前夕,战争/犯罪/悬疑,0.1653988310036546
变形金刚3,,0.1841949823263029
变形金刚4：绝迹重生,科幻/动作/冒险,0.885298255640561
变节：潜罪犯,,0.1841949823263029
变身超人,喜剧/动作/励志,0.6894330529314747
叛谍追击,,0.1841949823263029
古堡之吻,爱情,0.19833796563683181
古曼,惊悚,0.11102328019923217
古田会议,剧情/主旋律,0.05008701818304106
古镇凶灵之巫咒缠身,惊悚,0.11102328019923217
可爱的你,爱情,0.19833796563683181
台北飘雪,,0.1841949823263029
史前怪兽,动作/惊悚/冒险,0.83103396991038
史努比：花生大电影,动画/喜剧/家庭/冒险,0.6676243833694361
叶问3,动作/传记,0.43582700430315396
叶问：终极一战,动作/传记,0.43582700430315396
合欢树,,0.1841949823263029
吉星高照2015,喜剧,0.2570479345612374
吉祥宝宝之我是食神,动画/喜剧,0.34456069866270456
同城邂逅,爱情/喜剧,0.4553859001980693
同桌的妳,爱情/青春,0.25057328994106526
同谋,惊悚/悬疑/动作/惊秫,0.6151560358209747
名侦探柯南2011：沉默的15分钟,,0.1841949823263029
名侦探柯南2015：业火的向日葵,动画/侦探/悬疑,0.1630875275290731
后会无期,爱情/公路/文艺,0.224503663337294
向阳花开,爱情/音乐/喜剧,0.4559588803011602
听见下雨的声音,爱情/音乐,0.19891094573992277
听说,爱情/家庭,0.22560175044054573
听风者,剧情/悬疑,0.12486058639674003
启功,剧情/传记,0.06141390359496588
吴仁宝,纪实/传记,0.01834570084846613
吴哥的微笑,爱情,0.19833796563683181
告诉他们，我乘白鹤去了,剧情,0.049797689099942116
周恩来的四个昼夜,纪实/传记/历史,0.026292562552191312
味道中国,纪实/记录,0.0067689687429907976
呼吸正常,爱情/剧情,0.24813565473677393
命中注定,爱情/喜剧,0.4553859001980693
命运派对,惊悚,0.11102328019923217
咏春小龙,动作/家庭,0.4514745746118441
咒丝,惊悚,0.11102328019923217
咕噜咕噜美人鱼,动画/喜剧/冒险,0.6403605985657222
咱们是亲人,剧情,0.049797689099942116
咱们结婚吧,爱情,0.19833796563683181
哆啦A梦：伴我同行,动画/家庭,0.11477654890518109
哆啦A梦：新·大雄的日本诞生,冒险/动画,0.38331266400448477
哥斯拉,科幻/灾难/动作,0.6067868279543184
哪一天我们会飞,爱情/剧情,0.24813565473677393
哭恋,爱情,0.19833796563683181
哺乳期的女人,剧情,0.049797689099942116
唇唇欲动,喜剧/青春,0.30928325886547087
唐人街探案,喜剧/动作/悬疑,0.7563216216661656
唐家山之恋,纪实/传记,0.01834570084846613
商魂,爱情/亲情,0.21665761877063638
啊朋友还钱,喜剧,0.2570479345612374
喊·山,剧情/爱情/犯罪,0.3049209710079248
喋血神兵,剧情,0.049797689099942116
喜乐长安,爱情/武侠/喜剧/动作,0.888242570639216
喜剧王,喜剧,0.2570479345612374
喜羊羊与灰太狼之兔年顶呱呱,,0.1841949823263029
喜羊羊与灰太狼之喜气羊羊过蛇年,动画,0.08751276410146716
喜羊羊与灰太狼之开心闯龙年,,0.1841949823263029
喜羊羊与灰太狼之羊年喜羊羊,动画/喜剧,0.34456069866270456
喜羊羊与灰太狼之飞马奇遇记,动画,0.08751276410146716
喜酒,,0.1841949823263029
喜马拉雅天梯,剧情/纪录片,0.05224503716022307
喵星少年漂流记,动画,0.08751276410146716
嗨起，打他个鬼子,战争,0.03355061743570581
四大名捕,动作/悬疑/古装,0.5231153704474635
四大名捕2,动作/悬疑/古装,0.5231153704474635
四大名捕大结局,动作/古装/爱情/悬疑,0.7214533360842952
回乡逗儿,喜剧/公路,0.27856198584254305
回到原点,剧情,0.049797689099942116
回到爱开始的地方,爱情,0.19833796563683181
回到被爱的每一天,爱情,0.19833796563683181
因为谷桂花,剧情,0.049797689099942116
团圆,爱情/亲情,0.21665761877063638
囧贼,喜剧/爱情,0.4553859001980693
国宝疑云,动作/悬疑,0.4992736871049281
国王的演讲,,0.1841949823263029
国酒,剧情/爱情,0.24813565473677393
土豪520,爱情/喜剧,0.4553859001980693
圣斗士星矢：圣域传说,动画,0.08751276410146716
圣杯神器：骸骨之城,奇幻/动作/冒险/悬疑,0.8509181894055314
圣诞大赢家,动画/喜剧,0.34456069866270456
圣诞玫瑰,惊悚/犯罪/悬疑,0.24287149376718095
圣龙奇兵大冒险,动画,0.08751276410146716
在一起,爱情,0.19833796563683181
在世界中心呼唤爱,爱情,0.19833796563683181
在雨中,爱情,0.19833796563683181
地下室惊魂,惊悚/悬疑/恐怖,0.18917312709574563
地域无门,,0.1841949823263029
地心历险记2：神秘岛,,0.1841949823263029
地心引力,科幻/惊悚,0.2763108461286453
地心营救,剧情/传记,0.06141390359496588
坏姐姐之拆婚联盟,爱情/喜剧,0.4553859001980693
坏蛋必须死,喜剧/动作/悬疑/犯罪,0.8131069379373165
坚不可摧,动作/运动,0.4265212465595045
垫底辣妹,剧情,0.049797689099942116
城市游戏,动作/惊悚,0.5352340700073623
塞外长风,剧情,0.049797689099942116
墓穴迷城,惊悚,0.11102328019923217
壁虎,,0.1841949823263029
复仇者联盟,,0.1841949823263029
复仇者联盟2：奥创纪元,科幻/动作/冒险,0.885298255640561
夏日恋神马,,0.1841949823263029
夏日示爱,爱情,0.19833796563683181
夏有乔木 雅望天堂,爱情/青春,0.25057328994106526
夏洛特烦恼,喜剧/爱情/青春,0.5076212245023027
夜半哭声,惊悚/恐怖,0.11411022979894775
夜半梳头,惊悚/恐怖,0.11411022979894775
夜孔雀,爱情/剧情/文艺,0.25278730115593046
夜幕惊魂,惊悚/喜剧,0.3680712147604696
夜店诡谈,,0.1841949823263029
夜莺,爱情,0.19833796563683181
夜郎侠之一路危途,动作,0.4242107898081302
夜魔人,惊悚/恐怖,0.11411022979894775
大上海,动作,0.4242107898081302
大丑,剧情/戏曲,0.04982940672407975
大兵金宝历险记,,0.1841949823263029
大力神3D,动作/冒险,0.7200106897111478
大叔，我爱你,爱情/喜剧,0.4553859001980693
大变局之梦回甲午,战争/爱情/古装,0.25573026641507296
大唐玄奘,剧情,0.049797689099942116
大喜临门,喜剧,0.2570479345612374
大地赤子史来贺,剧情/传记,0.06141390359496588
大宅男,喜剧/爱情,0.4553859001980693
大寒桃花开,爱情/古装,0.22217964897936715
大山的女儿,剧情,0.049797689099942116
大峰祖师,惊悚/悬疑/古装,0.2099278608385654
大明劫,战争/古装,0.057392300778241145
大明猩,喜剧/运动,0.2593583913126118
大武当之天地密码,,0.1841949823263029
大武生,,0.1841949823263029
大海啸之鲨口逃生,,0.1841949823263029
大火种,剧情/主旋律/怀旧,0.07231114408991397
大片,喜剧,0.2570479345612374
大话天仙,喜剧/古装,0.2808896179037728
大话西游3,,0.1841949823263029
大话西游之大圣娶亲,喜剧/动作/冒险/爱情,1.1753965899092171
大话西游之月光宝盒,喜剧/爱情/动作/冒险,1.1753965899092171
大追捕,,0.1841949823263029
大野狼和小绵羊的爱情,爱情/喜剧/浪漫,0.4557763274049001
大闹天宫（动画版）,,0.1841949823263029
大魔术师,,0.1841949823263029
大鱼海棠,动画/奇幻,0.14335736649905279
天上的菊美,纪实/传记/主旋律,0.018635029931565076
天亮·分手,爱情,0.19833796563683181
天亮之前,爱情/黑帮,0.1985662233974094
天使请吻我,剧情/爱情,0.24813565473677393
天使：生命处方,剧情,0.049797689099942116
天台爱情,歌舞/爱情/动作,0.6271093947994087
天各一方,爱情,0.19833796563683181
天堂之吻,爱情,0.19833796563683181
天将雄师,动作/古装/战争/爱情,0.6799410562232031
天才眼镜狗,动画,0.08751276410146716
天机·富春山居图,动作/冒险,0.7200106897111478
天河,剧情,0.049797689099942116
天生有福,剧情/喜剧,0.30684562366117957
天生爱情狂,爱情/喜剧,0.4553859001980693
天眼传奇,动画/冒险,0.38331266400448477
天空的微笑,,0.1841949823263029
天边的孩子,剧情,0.049797689099942116
天钟,动作/喜剧,0.6812587243693676
天际浩劫,,0.1841949823263029
天降,剧情/文艺,0.054449335519098634
太平轮（上）,爱情/战争,0.23188858307253762
太平轮：彼岸,爱情/战争,0.23188858307253762
太极侠,动作/冒险/武侠,0.7286565703441643
太空一号,,0.1841949823263029
太空熊猫历险记,动画,0.08751276410146716
太空熊猫总动员,动画,0.08751276410146716
太空熊猫英雄归来,动画/冒险,0.38331266400448477
太阳脸,战争/儿童,0.037886040961097024
失孤,剧情,0.049797689099942116
失恋33天,,0.1841949823263029
失控,,0.1841949823263029
失眠男女,爱情,0.19833796563683181
头脑特工队,动画/喜剧/家庭/冒险,0.6676243833694361
夺命心跳,,0.1841949823263029
夺命推理,剧情/悬疑,0.12486058639674003
夺命旅行,惊悚,0.11102328019923217
夺命追踪,惊悚/悬疑,0.18608617749603007
夺宝联盟,动作/犯罪,0.48099610607928106
夺樽,动作,0.4242107898081302
夺路而逃,,0.1841949823263029
奇幻女侠,动作,0.4242107898081302
奇幻森林,冒险/剧情/奇幻,0.4014421914005454
奇缘灰姑娘,,0.1841949823263029
奇葩追梦,喜剧/剧情,0.30684562366117957
奇袭胡家台,战争,0.03355061743570581
奈河,剧情/家庭,0.07706147390365604
奔爱,爱情,0.19833796563683181
奔跑吧！兄弟,喜剧,0.2570479345612374
奔驰的大葱,喜剧,0.2570479345612374
奥拉星：进击圣殿,动画/儿童/冒险,0.387648087529876
奥林匹斯的陷落,动作/惊悚,0.5352340700073623
女巫季节,,0.1841949823263029
女汉子真爱公式,爱情/喜剧,0.4553859001980693
女生宿舍,惊悚/悬疑,0.18608617749603007
女神时代,爱情,0.19833796563683181
女神跟我走,爱情/喜剧,0.4553859001980693
女蛹,惊悚/悬疑/爱情,0.3844241431328619
好命先生,爱情/喜剧,0.4553859001980693
好好过,喜剧,0.2570479345612374
妄想症,惊悚/恐怖/悬疑,0.18917312709574566
妈咪侠,喜剧/家庭/励志/亲情,0.3108057010608629
妈妈让我再爱你一次,剧情/家庭/亲情,0.0953811270374606
妖医,,0.1841949823263029
妮莎罕,剧情,0.049797689099942116
姑鲁之恋,爱情/喜剧,0.4553859001980693
娘家人,剧情/亲情,0.06811734223374667
孕城,剧情,0.049797689099942116
孝女彩金,剧情,0.049797689099942116
孤岛,惊悚/恐怖/悬疑,0.18917312709574566
孤岛惊魂,,0.1841949823263029
孤岛惊魂2,惊悚/悬疑,0.18608617749603007
孤胆特工,,0.1841949823263029
孪生密码,动作/悬疑,0.4992736871049281
宅女侦探桂香,爱情/悬疑,0.27340086293362975
守信少年,剧情,0.049797689099942116
守卫者,剧情,0.049797689099942116
守望女,剧情,0.049797689099942116
守株人,,0.1841949823263029
守梦者,剧情/犯罪/悬疑,0.1816459026678909
安妮：纽约奇缘,喜剧/家庭,0.2843117193649513
安娜卡列尼娜,,0.1841949823263029
安德的游戏,动作/科幻,0.5894983557375433
完美人生,,0.1841949823263029
完美假妻168,爱情/喜剧/悬疑,0.5304487974948672
完美的爱,,0.1841949823263029
完美超越,喜剧,0.2570479345612374
宙斯之子：赫拉克勒斯,动作/冒险,0.7200106897111478
宝岛双雄,,0.1841949823263029
宝米恰恰,爱情/喜剧,0.4553859001980693
宝贝女儿好妈妈之吃记忆的大雪球,,0.1841949823263029
宝贝，对不起,剧情/记录/冒险,0.3456370713925082
宫锁沉香,爱情/古装,0.22217964897936715
家亦有道,剧情,0.049797689099942116
家园防线,动作/惊悚,0.5352340700073623
家在水草丰茂的地方,剧情,0.049797689099942116
家有虎妻,爱情/励志/喜剧,0.46356022876017633
寄生兽,科幻/恐怖,0.1683745155291287
密室之不可靠岸,,0.1841949823263029
密道追踪之阴兵虎符,动作/悬疑/冒险/惊悚,0.906096867207178
寒战,动作/警匪,0.44835167816237176
寒战2,动作/警匪/悬疑,0.5234145754591697
对不起，我爱你,爱情,0.19833796563683181
对风说爱你,爱情,0.19833796563683181
寻找心中的你,爱情/剧情,0.24813565473677393
寻龙夺宝,,0.1841949823263029
寻龙诀,惊悚/冒险/动作,0.83103396991038
封神传奇,动作/奇幻/剧情,0.5298530813056579
封门村,惊悚/悬疑/恐怖,0.18917312709574563
封门诡影,惊悚,0.11102328019923217
将离草,剧情,0.049797689099942116
将错就错,喜剧,0.2570479345612374
小小校长,剧情,0.049797689099942116
小小飞虎队,动作/儿童/喜剧,0.6855941478947588
小时代,爱情/青春,0.25057328994106526
小时代3：刺金时代,爱情/青春,0.25057328994106526
小时代4：灵魂尽头,爱情/青春/喜剧,0.5076212245023026
小时代4：灵魂尽头（纪录片版）,爱情/青春/喜剧,0.5076212245023026
小时代：青木时代,爱情/青春,0.25057328994106526
小猪班纳大电影之梦想大“帽”险,动画/冒险,0.38331266400448477
小神来了,喜剧/家庭/儿童,0.28864714289034255
小羊肖恩,动画/冒险/喜剧,0.6403605985657222
小蚂蚁之环球大冒险,动画/冒险,0.38331266400448477
小西天狄道传奇,爱情/历史/古装,0.23012651068309234
小角色,爱情,0.19833796563683181
小门神,动画/喜剧,0.34456069866270456
小飞侠：幻梦启航,动作/冒险,0.7200106897111478
小魔仙之黑魔法来袭,,0.1841949823263029
小鱼吃大鱼,爱情,0.19833796563683181
小黄人大眼萌,动画/喜剧/家庭,0.3718244834664185
少女哪吒,剧情,0.049797689099942116
少女灵异日记,惊悚,0.11102328019923217
少年圆瑛,剧情,0.049797689099942116
少年岳飞,动画,0.08751276410146716
少年岳飞传奇,,0.1841949823263029
少年师爷之大禹宝藏,动画/儿童,0.09184818762685837
少年杨靖宇,动作,0.4242107898081302
少年林祥谦,剧情,0.049797689099942116
少年毛泽东,动画/冒险/儿童,0.387648087529876
少年派的奇幻漂流,灾难/剧情/冒险,0.3628860612197348
少年班,喜剧/青春,0.30928325886547087
少林寺探案传奇之催命符,动作/古装/武侠/悬疑,0.53176125108048
屠魔战士,动作/科幻,0.5894983557375433
山丹丹花儿开,纪实,0.0067294863534423715
山娃,剧情,0.049797689099942116
山村母亲（戏曲）,剧情/戏曲,0.04982940672407975
山河故人,剧情,0.049797689099942116
山花烂漫时,剧情/青春,0.10203301340417556
山那边有匹马,剧情,0.049797689099942116
山间传来牛铃声,剧情,0.049797689099942116
岁月无声,剧情,0.049797689099942116
岛囧,喜剧,0.2570479345612374
左耳,爱情/青春,0.25057328994106526
巨人捕手杰克,科幻/冒险,0.46108746583243077
巴啦啦小魔仙,魔幻/冒险/儿童,0.33872765008552175
巴啦啦小魔仙之魔法的考验,魔幻/冒险/儿童,0.33872765008552175
巴啦啦小魔仙之魔箭公主,魔幻/儿童/冒险,0.33872765008552175
巴霍巴利王：开端,,0.1841949823263029
巴黎假期,爱情/喜剧,0.4553859001980693
巴黎危机,,0.1841949823263029
巴黎宝贝,,0.1841949823263029
布基兰,剧情,0.049797689099942116
师父,动作/武侠,0.4328566704411467
帕丁顿熊,喜剧/家庭,0.2843117193649513
帝国秘符,动作/冒险,0.7200106897111478
平凡之路,剧情,0.049797689099942116
平凡的足球,[],7.532073329420967e-05
平壤之约,,0.1841949823263029
年兽大作战,动画/喜剧,0.34456069866270456
年少轻狂,爱情/青春/喜剧,0.5076212245023026
幸存者,动作/惊悚/犯罪,0.5920193862785131
幸福中转栈,喜剧/爱情,0.4553859001980693
幸福卡片,,0.1841949823263029
幸福很囧,喜剧/爱情/亲情,0.4737055533318738
幸福快递,爱情/青春/励志,0.2587476185031723
幸福梦想,纪实/爱情/亲情,0.22338710512407878
幸福额度,,0.1841949823263029
幸运是我,剧情/亲情,0.06811734223374667
幻体：续命游戏,科幻/悬疑/惊悚,0.3513737434254432
床下有人,,0.1841949823263029
床下有人2,惊悚,0.11102328019923217
床下有人3,惊悚/恐怖/悬疑,0.18917312709574566
庞贝末日,动作/冒险,0.7200106897111478
废柴特工,动作/喜剧,0.6812587243693676
廊桥1937,,0.1841949823263029
建党伟业,,0.1841949823263029
开心大冒险,,0.1841949823263029
开心家族,,0.1841949823263029
开心超人,动画,0.08751276410146716
开心超人2启源星之战,动画,0.08751276410146716
开罗宣言,战争,0.03355061743570581
异度迷局,惊悚/悬疑,0.18608617749603007
异星战场,,0.1841949823263029
异种,惊悚/恐怖/悬疑,0.18917312709574566
张震讲故事之合租屋,惊悚/剧情,0.1608209692991743
张震讲故事之鬼迷心窍,惊悚/悬疑,0.18608617749603007
归来,爱情/传记,0.20995418013185557
当我们年轻的时候,剧情/青春,0.10203301340417556
当流星划过天际,爱情,0.19833796563683181
当流星划过天际,爱情,0.19833796563683181
当爸爸来敲门,,0.1841949823263029
影子爱人,,0.1841949823263029
微微一笑很倾城,爱情/奇幻/校园,0.2559098426088582
微爱之渐入佳境,爱情/喜剧,0.4553859001980693
心咒,惊悚/恐怖,0.11411022979894775
心战,惊悚/犯罪,0.16780859647038304
心曲,剧情,0.049797689099942116
心灵解码,,0.1841949823263029
心花路放,喜剧/爱情/公路,0.4768999514793749
心跳戈壁,动作/冒险,0.7200106897111478
心迷宫,剧情/犯罪/悬疑,0.1816459026678909
忍者神龟2：破影而出,动作/喜剧/冒险,0.9770586242723853
忍者神龟：变种时代,动作/冒险,0.7200106897111478
忘了去懂你,爱情/家庭,0.22560175044054573
忠烈杨家将,动作/古装/战争,0.4816030905863713
忠诚与背叛,,0.1841949823263029
快乐到家,喜剧/贺岁,0.26275002579118983
快手枪手快枪手,动作/喜剧,0.6812587243693676
念念,爱情/家庭,0.22560175044054573
怒放之青春再见,音乐/爱情/青春,0.2511462700441562
怖偶,惊悚,0.11102328019923217
怦然星动,爱情,0.19833796563683181
怨灵,惊悚/恐怖,0.11411022979894775
怨灵人偶,惊悚/恐怖/灵异,0.11434442089399915
怪兽大学,动画,0.08751276410146716
怪谈,惊悚,0.11102328019923217
恋爱789,喜剧,0.2570479345612374
恋爱三万英尺,,0.1841949823263029
恋爱中的城市,爱情/浪漫,0.19872839284366262
恋爱兄弟,爱情/农村,0.19843125571818895
恋爱排班表,爱情/喜剧,0.4553859001980693
恋爱教父之三个“坏”家伙,爱情/喜剧/励志,0.46356022876017633
恋者多喜欢,爱情/喜剧,0.4553859001980693
恐怖将映,惊悚/恐怖/爱情,0.31244819543577956
恐怖游泳馆,惊悚/恐怖,0.11411022979894775
恐怖照相机,惊悚/悬疑/恐怖,0.18917312709574563
恐怖爱情故事之死亡公路,惊悚/恐怖/爱情,0.31244819543577956
恐怖电影院,惊悚/恐怖,0.11411022979894775
恐怖禁忌之红旗袍,惊悚/恐怖,0.11411022979894775
恭喜发财之谈钱说爱,喜剧/爱情,0.4553859001980693
恶人报喜,喜剧,0.2570479345612374
恶战,动作,0.4242107898081302
恶棍天使,喜剧,0.2570479345612374
恶灵之门,惊悚/恐怖/悬疑,0.18917312709574566
悬战,动作/悬疑/犯罪,0.5560590033760789
悲惨世界,爱情/歌舞,0.20289860499127862
情况不妙,喜剧,0.2570479345612374
情剑,动作/武侠/古装,0.456698353783682
情回鹭岛,,0.1841949823263029
情战,爱情,0.19833796563683181
情敌蜜月,爱情/喜剧,0.4553859001980693
情比山高,纪录片,0.0024473480602809497
情满人间,剧情/励志,0.05797201766204916
情笛之爱,歌舞/音乐/儿童,0.009469042982928966
情缘廊桥,爱情,0.19833796563683181
情花谷,爱情/剧情,0.24813565473677393
惊天危机,动作/灾难,0.44149926202490525
惊天大逆转,剧情/悬疑,0.12486058639674003
惊天魔盗团,动作/悬疑/犯罪,0.5560590033760789
惊天魔盗团2,动作/喜剧/惊悚,0.7922820045685999
惊魂游戏,,0.1841949823263029
惊魂电影院,惊悚/恐怖,0.11411022979894775
意外的恋爱时光,爱情/喜剧/公路,0.4768999514793749
愤怒的小孩,喜剧,0.2570479345612374
愤怒的小鸟,动画/动作/喜剧,0.7687714884708347
愤怒的小鸟大电影,,0.1841949823263029
憨哥进城,,0.1841949823263029
我11,,0.1841949823263029
我不是王毛,喜剧/战争,0.29059855199694323
我不是贼,喜剧,0.2570479345612374
我为相亲狂,爱情/喜剧,0.4553859001980693
我们毕业啦,爱情/青春,0.25057328994106526
我们毕业的夏天,爱情/喜剧,0.4553859001980693
我们诞生在中国,纪录片,0.0024473480602809497
我只要我们在一起,爱情,0.19833796563683181
我叫MT之山口山战记,动画/喜剧,0.34456069866270456
我叫哀木涕之山口山战记,,0.1841949823263029
我和初恋的三次婚礼,爱情,0.19833796563683181
我和神马查干,,0.1841949823263029
我和红七军,,0.1841949823263029
我在路上最爱你,爱情,0.19833796563683181
我就是我,爱情,0.19833796563683181
我很帅,喜剧/剧情,0.30684562366117957
我心雀跃,剧情,0.049797689099942116
我想和你好好的,爱情,0.19833796563683181
我想结婚的时候你在哪,爱情/喜剧,0.4553859001980693
我是乡下爷,喜剧,0.2570479345612374
我是你的野蛮女友,爱情/喜剧,0.4553859001980693
我是大明星,喜剧,0.2570479345612374
我是大熊猫,,0.1841949823263029
我是大熊猫之熊猫大侠,动画/冒险,0.38331266400448477
我是奋青,爱情/喜剧,0.4553859001980693
我是女王,爱情,0.19833796563683181
我是狼之火龙山大冒险,动画,0.08751276410146716
我是证人,剧情/悬疑/青春,0.17709591070097347
我是谁2015,动作/喜剧,0.6812587243693676
我是路人甲,喜剧/爱情/青春/励志,0.5157955530644097
我最好朋友的婚礼,爱情/喜剧,0.4553859001980693
我最好的朋友江竹筠,,0.1841949823263029
我爱灰太狼,,0.1841949823263029
我爱灰太狼2,动画,0.08751276410146716
我爱的是你爱我,爱情,0.19833796563683181
我爸比我小四岁,喜剧/儿童/家庭,0.28864714289034255
我的1000万,剧情/悬疑,0.12486058639674003
我的23岁,剧情,0.049797689099942116
我的“狐朋狗友”,喜剧/动作/爱情,0.8795966900061994
我的处女地,剧情,0.049797689099942116
我的少女时代,爱情/喜剧,0.4553859001980693
我的战争,,0.1841949823263029
我的播音系女友,爱情,0.19833796563683181
我的新野蛮女友,爱情/喜剧,0.4553859001980693
我的早更女友,爱情/喜剧,0.4553859001980693
我的母亲,爱情/家庭,0.22560175044054573
我的特工爷爷,动作/惊悚/悬疑,0.6102969673041603
我的狗狗我的爱,剧情,0.049797689099942116
我的男友和狗,爱情,0.19833796563683181
我的男男男男朋友,爱情/喜剧/浪漫/都市,0.45694671212599536
我的美丽王国,爱情/喜剧,0.4553859001980693
我的老婆是只猫,动画,0.08751276410146716
我的老婆是明星,喜剧/爱情,0.4553859001980693
我的诗篇,纪实/纪录片,0.009176834413723323
我的青春期,爱情/喜剧,0.4553859001980693
我的青春蜜友,爱情,0.19833796563683181
我老公不靠谱,喜剧,0.2570479345612374
我要上学,剧情,0.049797689099942116
我要你开花,喜剧,0.2570479345612374
战火中的芭蕾,战争,0.03355061743570581
战狼,动作/战争,0.457761407243836
房不剩防,,0.1841949823263029
房车奇遇,爱情/喜剧,0.4553859001980693
所以……和黑粉结婚了,爱情,0.19833796563683181
扑通扑通我的人生,剧情,0.049797689099942116
打工老板,剧情,0.049797689099942116
打开天窗说亮话,剧情,0.049797689099942116
托马斯和朋友们多多岛之迷失宝藏,动画,0.08751276410146716
扫毒,动作/犯罪/警匪,0.5051369944335227
找个高富帅,爱情/喜剧,0.4553859001980693
抢劫坚果店,动画/喜剧/冒险,0.6403605985657222
报国之路,纪录片,0.0024473480602809497
抱养奇缘,剧情,0.049797689099942116
拆散专家,爱情,0.19833796563683181
拐杖,剧情,0.049797689099942116
拯救大明星,动画,0.08751276410146716
拳霸风云,动作/爱情,0.622548755444962
指尖太阳,动画/儿童,0.09184818762685837
挑战者联盟,动画/动作,0.5117235539095973
挪威的森林,,0.1841949823263029
捉妖记,魔幻/喜剧,0.2956402612183503
换个活法,剧情,0.049797689099942116
换爱七日,爱情/喜剧,0.4553859001980693
探灵档案,惊悚/悬疑,0.18608617749603007
探秘者,剧情/冒险,0.3455975890029598
控制,动作/悬疑/犯罪,0.5560590033760789
推拿,爱情,0.19833796563683181
提款机,剧情,0.049797689099942116
搏击迷城,爱情/动作,0.622548755444962
搞定岳父大人,,0.1841949823263029
摇滚水果,喜剧/励志/爱情,0.46356022876017633
摇滚英雄,爱情/青春/音乐,0.2511462700441562
摇滚藏獒,动画/音乐,0.0880857442045581
摩尔庄园2之海妖宝藏,,0.1841949823263029
摩尔庄园3：魔幻列车大冒险,动画/家庭/冒险,0.41057644880819877
摩尔庄园冰世纪,,0.1841949823263029
摩尔庄园大电影3魔幻列车大冒险,,0.1841949823263029
摩登年代,喜剧/爱情,0.4553859001980693
摩登森林之美食总动员,动画,0.08751276410146716
摩纳哥王妃,纪录片/爱情,0.20078531369711275
撒娇女人最好命,爱情,0.19833796563683181
擒爱记,,0.1841949823263029
擦枪走火,喜剧,0.2570479345612374
放手爱,爱情,0.19833796563683181
放飞理想,喜剧/励志,0.26522226312334446
敌后文工队,战争/革命,0.033550623707729564
敏感事件,,0.1841949823263029
救火英雄,动作,0.4242107898081302
敢死队2,动作/惊悚/冒险,0.83103396991038
敢死队3,动作/惊悚/冒险,0.83103396991038
整容日记,喜剧/都市,0.25821831928233263
整形师·脸,剧情,0.049797689099942116
斐济99℃爱情,爱情/喜剧,0.4553859001980693
斗地主,喜剧,0.2570479345612374
斗艳,爱情/剧情,0.24813565473677393
斗茶,爱情,0.19833796563683181
斗龙战士之星印罗盘,动画/奇幻,0.14335736649905279
断片儿,爱情/喜剧,0.4553859001980693
新地雷战：神勇小子,动画,0.08751276410146716
新大头儿子和小头爸爸2一日成才,动画/儿童,0.09184818762685837
新大头儿子和小头爸爸之秘密计划,动画,0.08751276410146716
新天生一对,,0.1841949823263029
新娘大作战,爱情/喜剧,0.4553859001980693
新少林寺,,0.1841949823263029
新年来啦之大闹除夕,动画,0.08751276410146716
新木偶奇遇记,,0.1841949823263029
新步步惊心,爱情,0.19833796563683181
新龙门客栈,,0.1841949823263029
旋风九日,纪实/纪录片/历史,0.017123696117448503
无人区,动作/公路/西部,0.4479760773924994
无处可逃,惊秫/犯罪,0.06164438478796521
无敌小飞猪,喜剧/儿童/魔幻,0.29997568474374153
无极限之危情速递,,0.1841949823263029
无法触碰的爱,爱情,0.19833796563683181
无法证明,剧情/犯罪/悬疑,0.1816459026678909
无脚鸟,剧情,0.049797689099942116
无间罪：僵尸重生,惊悚/恐怖,0.11411022979894775
既然青春留不住,爱情/喜剧,0.4553859001980693
日本战犯忏悔备忘录,剧情/纪录片,0.05224503716022307
早安，冬日海,爱情,0.19833796563683181
早见，晚爱,爱情,0.19833796563683181
时光大战,科幻/动作,0.5894983557375433
时光恋人,爱情/幻想,0.19836390672708953
时尚女郎之女人江湖,爱情,0.19833796563683181
时间都去哪了,爱情,0.19833796563683181
昆塔·盒子总动员,动画,0.08751276410146716
明日世界,科幻/悬疑/冒险,0.5361503631292287
明日边缘,科幻/动作,0.5894983557375433
星探,喜剧,0.2570479345612374
星星的梦,剧情/励志/青春,0.1102073419662826
星海,,0.1841949823263029
星球大战：原力觉醒,动作/冒险/科幻,0.885298255640561
星空,,0.1841949823263029
星语心愿之再爱,爱情,0.19833796563683181
星际穿越,科幻/冒险/亲情/悬疑,0.5544700162630333
星际迷航3：超越星辰,科幻/动作/冒险,0.885298255640561
星际迷航：暗黑无界,科幻/动作/冒险,0.885298255640561
春娇与志明,,0.1841949823263029
晚秋,,0.1841949823263029
智取威虎山(动画版),,0.1841949823263029
智取威虎山3D,动作/战争/冒险,0.7535613071468537
暗剑,战争,0.03355061743570581
暗恋99天,爱情,0.19833796563683181
暗杀,动作/犯罪/历史,0.4889429677830062
暴疯语,惊悚/悬疑,0.18608617749603007
暴走吧，女人,爱情/冒险/励志,0.5023121941019565
暴走神探,喜剧/动作/爱情/悬疑/犯罪,1.0114449035741482
暴躁天使,爱情/励志,0.20651229419893885
曼德拉,纪录片/传记/历史,0.02201042425902989
最佳嫌疑人,喜剧/悬疑,0.3321108318580353
最后的巫师猎人,动作/冒险,0.7200106897111478
最强囍事2011,,0.1841949823263029
最爱,,0.1841949823263029
最美的承诺,剧情,0.049797689099942116
最美的时候遇见你,爱情,0.19833796563683181
月色狰狞,,0.1841949823263029
有一个地方只有我们知道,爱情/喜剧/青春,0.5076212245023027
有一天,剧情/儿童,0.05413311262533333
有人赞美聪慧，有人则不,儿童/动画,0.09184818762685837
有招没招之爱情达人,喜剧/爱情,0.4553859001980693
有种,爱情/青春/都市,0.25174367466216047
有种你爱我,爱情/喜剧,0.4553859001980693
木偶传奇,剧情/儿童,0.05413311262533333
木星上行,科幻/动作/冒险,0.885298255640561
末日崩塌,灾难/惊悚/动作/冒险,0.848322442127155
末日迷踪,动作/科幻/惊悚,0.7005216359367754
机器纪元,惊悚/科幻,0.2763108461286453
机械战警,科幻/动作,0.5894983557375433
杀戒,爱情/悬疑,0.27340086293362975
杀手欧阳盆栽,,0.1841949823263029
杀生,,0.1841949823263029
杀破狼2,动作/犯罪/警匪,0.5051369944335227
李三娘（花鼓戏）,歌舞/戏曲,0.004592356978584431
李可乐寻人记,喜剧/爱情,0.4553859001980693
李献计历险记,,0.1841949823263029
杜拉拉追婚记,爱情/喜剧,0.4553859001980693
来历不明,科幻,0.16528756592941313
来电不善,动作,0.4242107898081302
杨光的快乐生活,喜剧,0.2570479345612374
杨善洲,,0.1841949823263029
杨梅洲,,0.1841949823263029
杨门女将之军令如山,,0.1841949823263029
极乐空间,动作/科幻/惊悚,0.7005216359367754
极品飞车,动作/犯罪,0.48099610607928106
极地大反攻,动画/喜剧/冒险,0.6403605985657222
极盗者,动作/犯罪/冒险,0.7767960059822988
极速天使,,0.1841949823263029
极速蜗牛,动画,0.08751276410146716
极速风流,动作/传记/运动,0.4381374610545283
极限挑战之皇家宝藏,喜剧/悬疑/真人秀,0.3372684424336448
枕边有张脸,惊悚,0.11102328019923217
枕边诡影,惊悚/爱情,0.309361245836064
林中小屋,爱情,0.19833796563683181
果宝特攻之水果大逃亡,动画/喜剧/冒险,0.6403605985657222
枪过境,动作/剧情/犯罪/悬疑,0.6058566924760211
柠檬,爱情/喜剧,0.4553859001980693
柳如是,,0.1841949823263029
栀子花开,爱情/青春,0.25057328994106526
校花诡异事件,惊悚/恐怖/灵异,0.11434442089399915
校车,纪实,0.0067294863534423715
根据地,剧情/记录,0.049837171489490545
桂宝之爆笑闯宇宙,动画/喜剧,0.34456069866270456
桃姐,,0.1841949823263029
桃枝的桃,爱情,0.19833796563683181
桑榆街9号,剧情,0.049797689099942116
桔子的天空,剧情,0.049797689099942116
梦幻佳期,爱情/喜剧,0.4553859001980693
梦幻列车,动画,0.08751276410146716
梦幻岛,爱情,0.19833796563683181
梦幻飞琴,动画,0.08751276410146716
梦想合伙人,爱情/励志/职场/友情,0.21098075362023347
梦游3D,,0.1841949823263029
梦行者,剧情,0.049797689099942116
森林孤影,动画/儿童,0.09184818762685837
森林战士,动画,0.08751276410146716
楼,惊悚/悬疑,0.18608617749603007
模仿游戏,剧情/传记/战争,0.09496452103067168
模特魅影,惊悚/悬疑,0.18608617749603007
横冲直撞好莱坞,喜剧/动作/爱情,0.8795966900061994
止杀令,动作/战争/历史,0.4657082689475612
正果,爱情/惊悚,0.309361245836064
正骨,战争/传记/历史,0.053113693634454756
步步追魂,惊悚/悬疑,0.18608617749603007
武侠,,0.1841949823263029
武林外传,,0.1841949823263029
死亡之谜之双鱼玉佩,动作/惊悚/悬疑,0.6102969673041603
死亡派对,惊悚/悬疑,0.18608617749603007
死亡游戏,惊悚,0.11102328019923217
死亡笔记,惊悚/恐怖/悬疑,0.18917312709574566
死亡迷局,,0.1841949823263029
死亡邮件,惊悚/犯罪/悬疑,0.24287149376718095
歼十出击,,0.1841949823263029
残团,战争/爱情,0.23188858307253762
母亲的梦想,剧情/家庭,0.07706147390365604
母亲的飞机场,剧情,0.049797689099942116
母语,,0.1841949823263029
毒战,动作/惊悚/犯罪,0.5920193862785131
毕业那年,,0.1841949823263029
毕业那年分手季,爱情,0.19833796563683181
毛丰美,剧情/传记,0.06141390359496588
毛泽东与齐白石,纪实/传记,0.01834570084846613
民工·老大·老板,剧情/农村,0.049890979181299276
水晶女孩,剧情,0.049797689099942116
水果宝贝之水果总动员,动画,0.08751276410146716
水滴之梦,剧情,0.049797689099942116
永不消失的广播,战争,0.03355061743570581
永无止境,,0.1841949823263029
永春白鹤拳之擎天画卷,动作/喜剧,0.6812587243693676
永远的守望,剧情/犯罪/家庭,0.1338467901748069
永远的焦裕禄,纪实,0.0067294863534423715
求爱大作战,爱情/喜剧,0.4553859001980693
求爱嫁期,爱情,0.19833796563683181
江南爱情故事,爱情,0.19833796563683181
江湖论剑实录,喜剧/古装,0.2808896179037728
汽车人总动员,动画/喜剧/冒险/科幻/励志,0.8138224930572424
沉睡魔咒,动作/冒险/奇幻,0.7758552921087335
没女神探,爱情/喜剧,0.4553859001980693
河,剧情,0.049797689099942116
河东狮吼2,爱情/动作/喜剧/古装,0.9034383733487347
油菜花儿开,爱情,0.19833796563683181
泡沫之夏,爱情,0.19833796563683181
波鲁鲁冰雪大冒险,动画,0.08751276410146716
泰国妖医,惊悚/悬疑,0.18608617749603007
泰山归来：险战丛林,动作/冒险,0.7200106897111478
泰迪熊之玩具大战,动画/喜剧/冒险,0.6403605985657222
洋妞到我家,喜剧/家庭,0.2843117193649513
洛克王国2圣龙的心愿,动画,0.08751276410146716
洛克王国3：圣龙的守护,动画,0.08751276410146716
洛克王国4：出发！巨人谷,动画/儿童/喜剧,0.3488961221880958
洛克王国！圣龙骑士,,0.1841949823263029
洛杉矶捣蛋计划,喜剧/冒险,0.552847834464255
派饭,,0.1841949823263029
浩昊文字国历险记之智斗谜语城,动画,0.08751276410146716
浩昊文字国历险记：三战怪怪城,,0.1841949823263029
浪漫天降,爱情/喜剧,0.4553859001980693
浮出水面的影子,,0.1841949823263029
浮城谜事,爱情/悬疑,0.27340086293362975
浴血反击,动作,0.4242107898081302
海岛之恋,爱情,0.19833796563683181
海底世界3D,纪录片/动物,0.0024518513733382606
海底大冒险,动画,0.08751276410146716
海底总动员2：多莉去哪儿,,0.1841949823263029
海底总动员2：寻找多莉,动画/喜剧/冒险,0.6403605985657222
海洋之恋,爱情,0.19833796563683181
海洋之歌,,0.1841949823263029
海神密码,动作/冒险/剧情,0.76980837881109
海绵宝宝,动画/喜剧/家庭/冒险,0.6676243833694361
消失爱人,爱情/悬疑,0.27340086293362975
消失的凶手,动作/悬疑,0.4992736871049281
消失的子弹,,0.1841949823263029
深夜前的五分钟,爱情,0.19833796563683181
深情约定,剧情,0.049797689099942116
深海挑战,纪录片,0.0024473480602809497
港囧,喜剧,0.2570479345612374
渴望的青春,爱情/青春,0.25057328994106526
湄公河行动,,0.1841949823263029
湖杀令,战争,0.03355061743570581
滚蛋吧！肿瘤君,喜剧/爱情/励志,0.46356022876017633
满园春色,,0.1841949823263029
漫瀚调,爱情,0.19833796563683181
潘多拉的宝剑,,0.1841949823263029
潜艇总动员2,,0.1841949823263029
潜艇总动员3：彩虹宝藏,,0.1841949823263029
潜艇总动员4：章鱼奇遇记,动画,0.08751276410146716
潜艇总动员之时光宝盒,动画/冒险,0.38331266400448477
潜龙风云,爱情/动作,0.622548755444962
澳门风云,动作/警匪,0.44835167816237176
澳门风云2,动作/喜剧,0.6812587243693676
澳门风云3,动作/喜剧/冒险,0.9770586242723853
激战,动作,0.4242107898081302
激战黎明,战争,0.03355061743570581
激浪青春,爱情,0.19833796563683181
火云端,剧情,0.049797689099942116
火影忍者剧场版：博人传,动画/动作/冒险,0.807523453812615
火星救援,科幻/动作/冒险,0.885298255640561
火海凌云,,0.1841949823263029
火海逃生,剧情,0.049797689099942116
火焰山历险记,动画,0.08751276410146716
火车快跑,爱情,0.19833796563683181
火锅英雄,爱情/动作/喜剧/友情,0.8835570778710586
火鸡总动员,动画,0.08751276410146716
灯塔下的恋人,爱情/剧情,0.24813565473677393
灰姑娘,爱情/冒险/家庭,0.5214016503435633
灵偶契约,惊悚/恐怖,0.11411022979894775
灵臆事件,惊悚/恐怖,0.11411022979894775
烈日灼心,剧情/犯罪/悬疑/心理,0.18527547891172685
热情奏鸣曲,纪实/记录/音乐,0.007341948846081746
热爱岛,,0.1841949823263029
热血男人帮,喜剧,0.2570479345612374
热血街头,,0.1841949823263029
焦裕禄,,0.1841949823263029
煎饼侠,喜剧/爱情,0.4553859001980693
熊出没之夺宝熊兵,动画,0.08751276410146716
熊出没之熊心归来,动画/喜剧/冒险,0.6403605985657222
熊出没之雪岭熊风,动画/喜剧/冒险,0.6403605985657222
燃烧的影像,纪录片,0.0024473480602809497
爱·回家,剧情,0.049797689099942116
爱上灰姑娘,,0.1841949823263029
爱丽丝梦游仙境2：镜中奇遇记,奇幻/冒险,0.35164450230060323
爱之初体验,喜剧/爱情/青春,0.5076212245023027
爱你一生一世,爱情,0.19833796563683181
爱你不等来生,爱情/励志,0.20651229419893885
爱别离,爱情,0.19833796563683181
爱在旅途,爱情,0.19833796563683181
爱在星空下,剧情/爱情,0.24813565473677393
爱在深秋,爱情,0.19833796563683181
爱在那一天,,0.1841949823263029
爱宠大机密,动画/喜剧,0.34456069866270456
爱封了,,0.1841949823263029
爱情不NG,喜剧/爱情,0.4553859001980693
爱情不等式,爱情,0.19833796563683181
爱情攻略,爱情/喜剧,0.4553859001980693
爱情斑马线,[],7.532073329420967e-05
爱情狂想曲,爱情/喜剧,0.4553859001980693
爱情真可怕,,0.1841949823263029
爱情碰碰撞,爱情/喜剧,0.4553859001980693
爱情进化论,爱情,0.19833796563683181
爱情银行,爱情,0.19833796563683181
爱情魔发师,喜剧/爱情,0.4553859001980693
爱情麻辣烫之情定终身,爱情,0.19833796563683181
爱我就陪我看电影,喜剧/爱情,0.4553859001980693
爱拼北京,爱情,0.19833796563683181
爱无界,[],7.532073329420967e-05
爱爱囧事,爱情/喜剧/青春,0.5076212245023027
爱的“蟹”逅,爱情,0.19833796563683181
爱神,爱情,0.19833796563683181
爱，很美,爱情,0.19833796563683181
爵迹,,0.1841949823263029
爸爸去哪儿,纪实/真人秀/亲情,0.03020675006285643
爸爸去哪儿2,纪实/纪录片/家庭/儿童,0.040776042742828464
爸爸妈妈复婚记,剧情/家庭,0.07706147390365604
爸爸我来救你了,喜剧/动作/冒险/儿童,0.9813940477977765
爸爸的假期,喜剧/家庭,0.2843117193649513
爸爸的晚餐,剧情,0.049797689099942116
爸爸的木房子,剧情/亲情,0.06811734223374667
牛老汉的幸福生活,,0.1841949823263029
牛胆神偷,喜剧,0.2570479345612374
特功明星,动画/喜剧/冒险/动作,1.0645713883738526
特工艾米拉,动作,0.4242107898081302
特殊身份,动作/犯罪,0.48099610607928106
特种部队：全面反击,动作/冒险/科幻/惊悚,0.9963215358397931
特警判官,动作/科幻,0.5894983557375433
犀利人妻,爱情/剧情,0.24813565473677393
状元媒,剧情/戏曲,0.04982940672407975
犹太女孩在上海2：项链密码,动画/冒险,0.38331266400448477
狂怒,战争/动作,0.457761407243836
狂舞派,歌舞,0.0045606393544468
狂野飞车,动作/爱情/冒险,0.9183486553479796
狄仁杰之神都龙王,动作/古装/悬疑,0.5231153704474634
狙击时刻,动作/犯罪/悬疑,0.5560590033760789
独立日：卷土重来,动作/科幻/冒险,0.885298255640561
独行侠,动作/冒险/西部,0.7222619260142115
狼兵吼,动作/战争/爱情/悬疑,0.7311622701774657
狼图腾,剧情/冒险,0.3455975890029598
狼少年,爱情,0.19833796563683181
猎仇者,惊悚/悬疑/犯罪,0.24287149376718095
猎神：冬日之战,动作/剧情/冒险,0.76980837881109
猛龙特囧,喜剧/动作,0.6812587243693676
猩球崛起,,0.1841949823263029
猩球崛起：黎明之战,科幻/动作,0.5894983557375433
猪猪侠之勇闯巨人岛,动画,0.08751276410146716
猪猪侠之囧囧危机,,0.1841949823263029
猪猪侠之终极决战,动画/儿童,0.09184818762685837
猫脸老太太,惊悚/恐怖/悬疑,0.18917312709574566
猿创世界之熊孩子部落,动画,0.08751276410146716
王化买父,剧情,0.049797689099942116
王子与108煞,动画/动作/冒险,0.807523453812615
王朝的女人·杨贵妃,爱情/古装/历史,0.23012651068309234
王牌,战争/悬疑,0.10861351473250372
王牌情敌,喜剧/爱情/贺岁,0.46108799142802165
王牌特工：特工学院,动作/冒险/喜剧,0.9770586242723852
王的盛宴,动作/历史/古装,0.4559993348543907
王者之剑3D,,0.1841949823263029
玛德2号,喜剧/家庭,0.2843117193649513
玩命剧组,,0.1841949823263029
玩命时光,动作/喜剧/魔幻/爱情,0.9181890166633123
玩命狙击,,0.1841949823263029
玩命追踪,,0.1841949823263029
玩命速递：重启之战,动作/犯罪/惊悚,0.5920193862785134
环太平洋,科幻/冒险/动作,0.885298255640561
环形使者,,0.1841949823263029
璀璨的婚礼,爱情/喜剧,0.4553859001980693
甜心巧克力,爱情,0.19833796563683181
甜蜜十八岁,爱情/青春,0.25057328994106526
甜蜜杀机,动作/爱情,0.622548755444962
甜蜜蜜,爱情,0.19833796563683181
生化危机5：惩罚,动作/惊悚/科幻,0.7005216359367754
生死传递,战争,0.03355061743570581
甲方乙方,喜剧,0.2570479345612374
电商时代,喜剧,0.2570479345612374
电梯惊魂,惊悚/惊秫,0.11588234871604651
男二本色,喜剧,0.2570479345612374
男人不可以穷,喜剧/励志,0.26522226312334446
男人制造,喜剧,0.2570479345612374
男左女右,剧情,0.049797689099942116
男得有爱,,0.1841949823263029
男神抱抱,喜剧/爱情,0.4553859001980693
男神时代,爱情/喜剧,0.4553859001980693
画壁,,0.1841949823263029
画皮2,,0.1841949823263029
疯狂72小时,喜剧/爱情,0.4553859001980693
疯狂动物城,动画/冒险,0.38331266400448477
疯狂原始人,动画,0.08751276410146716
疯狂外星人,动画/冒险/喜剧,0.6403605985657222
疯狂的导演,喜剧,0.2570479345612374
疯狂的疯狂,喜剧/悬疑,0.3321108318580353
痞子·洛克,喜剧/动作,0.6812587243693676
痞子英雄之全面开战,,0.1841949823263029
痞子英雄：黎明升起,动作/犯罪,0.48099610607928106
白发魔女传之明月天国,动作/武侠/古装,0.456698353783682
白幽灵传奇之绝命逃亡,动作/战争,0.457761407243836
白日焰火,爱情/犯罪,0.25512328190798267
白狐,魔幻/爱情,0.2369302922939447
白蛇传说,,0.1841949823263029
白蛇传（戏曲）,剧情/戏曲,0.04982940672407975
白雪公主之矮人力量,动画/冒险/喜剧,0.6403605985657222
白雪公主之神秘爸爸,动画/家庭/冒险/喜剧,0.6676243833694362
白雪公主之魔镜魔镜,,0.1841949823263029
白雪公主和三只小猪,动画/冒险,0.38331266400448477
白鹿原,,0.1841949823263029
百万爱情宝贝,喜剧/爱情,0.4553859001980693
百变爱人,喜剧,0.2570479345612374
百团大战,战争/历史,0.04149747913943099
百家乐翻天,喜剧,0.2570479345612374
百家拳之关门弟子,动作,0.4242107898081302
百星酒店,喜剧,0.2570479345612374
百鸟朝凤,剧情,0.049797689099942116
皇帝的新装之圣诞大明星,动画/喜剧,0.34456069866270456
盗剑72小时,喜剧/冒险/悬疑,0.6279107317610529
盗墓笔记,奇幻/悬疑,0.13090749969438353
盗非盗,剧情,0.049797689099942116
盗马记,喜剧,0.2570479345612374
盟军夺宝队,动作/传记,0.43582700430315396
目标战,动作/战争,0.457761407243836
盲探,动作/惊悚/悬疑,0.6102969673041603
相伴库里申科,剧情,0.049797689099942116
看见我和你,爱情/喜剧,0.4553859001980693
真相禁区,动作/悬疑/犯罪,0.5560590033760789
睡在我上铺的兄弟,爱情/怀旧,0.22056209154370474
石器时代之百万大侦探,喜剧,0.2570479345612374
石斛兰,爱情/亲情,0.21665761877063638
石榴树上结樱桃,爱情/黑色/农村,0.19843646149790703
破五,剧情/家庭,0.07706147390365604
破坏者,动作/犯罪,0.48099610607928106
破局,爱情/剧情/犯罪,0.3049209710079248
破风,爱情/运动,0.20064842238820615
硬汉2奉陪到底,,0.1841949823263029
硬汉奶爸,喜剧/家庭/亲情,0.3026313724987559
碟中谍4,,0.1841949823263029
碟中谍5：神秘国度,动作/冒险/惊悚,0.83103396991038
碟仙诡谭,惊悚,0.11102328019923217
神偷奶爸2,动画,0.08751276410146716
神兽金刚之青龙再现,,0.1841949823263029
神剑传奇,动画,0.08751276410146716
神奇,动作/运动/爱情/科幻/励志,0.7983211066878565
神奇侠侣,,0.1841949823263029
神战：权力之眼,动作/冒险,0.7200106897111478
神探亨特张,,0.1841949823263029
神探夏洛克,剧情/悬疑/犯罪,0.18164590266789088
神探驾到,喜剧/爱情/悬疑,0.5304487974948672
神秘世界历险记,,0.1841949823263029
神秘世界历险记2,动画/家庭/冒险,0.41057644880819877
神秘世界历险记3,动画/奇幻/冒险,0.4391572664020705
神秘的未知世界,剧情,0.049797689099942116
神笔马良,动画,0.08751276410146716
神通乡巴佬,,0.1841949823263029
神通佛影,喜剧/动作/冒险,0.9770586242723853
禁忌游戏之迷藏,惊悚/恐怖,0.11411022979894775
私人订制,喜剧/贺岁,0.26275002579118983
秋语,爱情,0.19833796563683181
秘密花园,爱情,0.19833796563683181
秘术,惊悚/悬疑/冒险/犯罪,0.5386713936701986
秦时明月3D电影龙腾万里,动画,0.08751276410146716
移动迷宫,科幻/悬疑,0.24035046322621106
移动迷宫2,动作/科幻/惊悚,0.7005216359367754
穷途,喜剧/爱情,0.4553859001980693
空中营救,动作/悬疑/惊悚,0.6102969673041603
空山鸟语,动画,0.08751276410146716
穿越硝烟的歌声,战争/历史,0.04149747913943099
窃听风云2,,0.1841949823263029
窃听风云3,动作/犯罪/惊悚/悬疑,0.6670822835753113
章鱼哥,动画/爱情,0.285850729738299
笑功震武林,喜剧/动作,0.6812587243693676
笑过2012,灾难,0.01728847221677502
笔仙,,0.1841949823263029
笔仙Ⅱ,惊悚/悬疑,0.18608617749603007
笔仙Ⅲ,惊悚/恐怖,0.11411022979894775
笔仙惊魂,,0.1841949823263029
笔仙惊魂3,惊悚,0.11102328019923217
笔仙撞碟仙,惊悚/恐怖,0.11411022979894775
笔仙诡影,惊悚/恐怖,0.11411022979894775
笔仙魔咒,惊悚/恐怖,0.11411022979894775
笨贼别跑,喜剧/黑色幽默/动作/古装,0.7051014300517753
笨贼快跑,剧情,0.049797689099942116
第一次,,0.1841949823263029
第一眼爱情,爱情,0.19833796563683181
第七子：降魔之战,魔幻/家庭/冒险,0.36165601136384445
第七谎言,惊悚/犯罪/悬疑,0.24287149376718095
第三种爱情,爱情,0.19833796563683181
等一个人咖啡,爱情/喜剧,0.4553859001980693
等你追我,爱情/喜剧,0.4553859001980693
等爱归来,喜剧/爱情/悬疑,0.5304487974948672
等风来,爱情/文艺/公路,0.224503663337294
筷仙,惊悚/恐怖,0.11411022979894775
简单爱,爱情/喜剧,0.4553859001980693
箭士柳白猿,剧情/武侠/古装,0.08228525307549397
粉红女郎之爱人快跑,爱情,0.19833796563683181
精武青春,爱情/青春,0.25057328994106526
精灵旅社,动画,0.08751276410146716
精灵旅社2,动画/喜剧,0.34456069866270456
精灵王座,动画/爱情/冒险,0.5816506296413168
糖果世界大冒险,动画/冒险/奇幻,0.4391572664020704
糯米的苹果,剧情,0.049797689099942116
索命暹罗之按摩师,惊悚/悬疑/恐怖,0.18917312709574563
索马里真相,,0.1841949823263029
紫霞,魔幻/爱情,0.2369302922939447
红包,喜剧,0.2570479345612374
红色警戒999,剧情/动作/犯罪,0.5307937951792232
红髅,惊悚/恐怖,0.11411022979894775
红高粱,,0.1841949823263029
红鹰突击队之狙击,[],7.532073329420967e-05
约定倒计时,爱情/喜剧,0.4553859001980693
纯纯欲动,爱情/喜剧,0.4553859001980693
纽约客@上海,,0.1841949823263029
纽约纽约,爱情,0.19833796563683181
纽约行动,,0.1841949823263029
线索,,0.1841949823263029
练胆儿,喜剧,0.2570479345612374
终极大冒险,动画,0.08751276410146716
终极硬汉,动作/枪战/犯罪,0.4810257915677215
终结者：创世纪,科幻/动作/冒险,0.885298255640561
绑架大明星,喜剧,0.2570479345612374
结婚狂想曲,,0.1841949823263029
给你一千万,喜剧,0.2570479345612374
绝命海拔,剧情/冒险/惊悚/灾难,0.47390934141896696
绝命航班,惊秫,0.004859068516814339
绝地逃亡,动作/喜剧/冒险,0.9770586242723853
绝密跟踪,动作/犯罪,0.48099610607928106
绝对底线,,0.1841949823263029
绝战,战争,0.03355061743570581
绣春刀,动作/古装/悬疑,0.5231153704474634
绣花鞋,,0.1841949823263029
绿林大冒险,动画,0.08751276410146716
缘份,爱情/喜剧/剧情/怀旧,0.5274077152048844
缘来是咱俩,喜剧/爱情,0.4553859001980693
缘来是游戏,爱情/喜剧,0.4553859001980693
罪恶赎金,动作/犯罪/惊悚,0.5920193862785134
美丽乡愁,剧情,0.049797689099942116
美丽笨女人,爱情,0.19833796563683181
美人邦,爱情/喜剧,0.4553859001980693
美人鱼,喜剧/爱情/科幻/怀旧,0.6428975920343554
美人鱼之海盗来袭,动画/冒险/喜剧,0.6403605985657222
美国队长,,0.1841949823263029
美国队长2：冬日战士,科幻/冒险/动作,0.885298255640561
美国队长3,,0.1841949823263029
美国队长3：英雄内战,动作/科幻/冒险,0.885298255640561
美国骗局,剧情/犯罪,0.106583005371093
美姐,爱情,0.19833796563683181
美男记,爱情,0.19833796563683181
翻滚吧！阿信,,0.1841949823263029
老人，孩子和外国人,剧情,0.049797689099942116
老哨卡,,0.1841949823263029
老师也疯狂,剧情,0.049797689099942116
老炮儿,剧情/亲情/家庭/动作/犯罪,0.5763772331167416
老男孩之猛龙过江,喜剧,0.2570479345612374
老表轶事（花鼓戏）,,0.1841949823263029
老警,剧情,0.049797689099942116
老阿姨,剧情,0.049797689099942116
考拉大冒险,动画,0.08751276410146716
聪明的一休之反斗公主,动画,0.08751276410146716
肩上蝶,,0.1841949823263029
背水一战,动作/惊悚/犯罪,0.5920193862785131
胜利,喜剧/爱情,0.4553859001980693
胜利大阅兵,剧情/纪录片,0.05224503716022307
胡桃夹子：魔境冒险,,0.1841949823263029
脱轨时代,爱情,0.19833796563683181
腊月的春,剧情,0.049797689099942116
自古英雄出少年之岳飞,,0.1841949823263029
自我救赎,剧情,0.049797689099942116
致命一击,动作,0.4242107898081302
致命对决,动作/惊悚,0.5352340700073623
致命怪谈,惊悚/悬疑,0.18608617749603007
致命请柬,,0.1841949823263029
致命闪玩,惊悚/悬疑/冒险,0.48188607739904776
致命黑兰,动作/惊悚/冒险,0.83103396991038
致我们终将到来的爱情,爱情,0.19833796563683181
致我们终将逝去的青春,爱情/青春,0.25057328994106526
致青春·原来你还在这里,爱情/青春,0.25057328994106526
舌尖上的新年,纪录片,0.0024473480602809497
花咒,惊悚/爱情/恐怖,0.31244819543577956
花样厨神,剧情/喜剧/励志,0.3150199522232866
花漾,爱情/古装/动作,0.6463904387874972
花都之恋,爱情,0.19833796563683181
花香,爱情,0.19833796563683181
英雄之战,动作/冒险,0.7200106897111478
荒岛情未了,,0.1841949823263029
荒村凶间,惊悚/恐怖,0.11411022979894775
荒村怨灵,惊悚/恐怖,0.11411022979894775
荒野猎人,剧情/冒险/惊悚,0.45662086920219197
莫斯科离大同不远,剧情,0.049797689099942116
莫日根,动画/儿童/冒险,0.387648087529876
菊花台,爱情,0.19833796563683181
菜鸟,喜剧/爱情,0.4553859001980693
萧红,爱情,0.19833796563683181
落经山,动作/冒险/战争,0.7535613071468537
落跑吧，爱情,爱情/喜剧,0.4553859001980693
蒸发太平洋,科幻/冒险/悬疑,0.5361503631292287
蓝精灵2,动画,0.08751276410146716
蓝色骨头,剧情/音乐,0.05037066920303306
蔡李佛-极限拳速,,0.1841949823263029
藏羚王之雪域精灵,动画/冒险/喜剧,0.6403605985657222
虎胆龙威5,动作,0.4242107898081302
虐面人之死灵面膜,惊悚/悬疑,0.18608617749603007
蚁人,科幻/动作/冒险,0.885298255640561
蜂鸟特攻,动作/惊悚/犯罪,0.5920193862785131
蜜月计划,爱情/喜剧,0.4553859001980693
蜜月酒店杀人事件,惊悚/爱情/悬疑,0.3844241431328619
蜡笔总动员,动画/喜剧/家庭,0.3718244834664185
蝙蝠侠大战超人：正义黎明,动作/奇幻/冒险,0.7758552921087335
蝙蝠侠：黑暗骑士崛起,动作/犯罪/剧情/惊秫,0.5356528636960375
蝙蝠别墅,惊悚/悬疑,0.18608617749603007
血彩,惊悚,0.11102328019923217
血滴子,动作/武侠,0.4328566704411467
行歌坐月,,0.1841949823263029
街舞小子,歌舞,0.0045606393544468
被偷走的那五年,爱情/青春,0.25057328994106526
被解救的姜戈,动作/冒险/西部/犯罪,0.7790472422853623
被风吹过的记忆,爱情,0.19833796563683181
西柏坡,,0.1841949823263029
西柏坡2：王二小,动画,0.08751276410146716
西游新传2：真心话大冒险,动画/儿童/冒险/喜剧,0.6446960220911134
西游记之大圣归来,动画/动作,0.5117235539095973
西游记之大闹天宫,魔幻/动作/爱情,0.6611410821020749
西游记之孙悟空三打白骨精,奇幻/动作/喜剧,0.7371033267669532
西游降魔篇,魔幻/喜剧/冒险,0.5914401611213679
西湖传奇,动画,0.08751276410146716
西藏天空,剧情/历史/主旋律,0.05803387988676625
见习警员白忆男之初来乍到,剧情,0.049797689099942116
观音山,,0.1841949823263029
角逐,剧情/犯罪,0.106583005371093
解救吾先生,动作/犯罪,0.48099610607928106
触不可及,爱情/悬疑,0.27340086293362975
触发,剧情,0.049797689099942116
警察故事2013,动作/警匪,0.44835167816237176
警察日记,纪实/犯罪,0.06351480262459323
让熊猫飞,喜剧,0.2570479345612374
让爱绽放,爱情,0.19833796563683181
记忆望着我,剧情,0.049797689099942116
记忆碎片,惊悚/悬疑/犯罪,0.24287149376718095
许海峰的枪,运动,0.002310456751374343
诡八楼,惊悚/爱情,0.309361245836064
诡劫,惊悚/悬疑/爱情,0.3844241431328619
诡娃,惊悚/恐怖,0.11411022979894775
诡娃娃,惊悚/恐怖,0.11411022979894775
诡婴吉咪,惊悚,0.11102328019923217
诡宅,惊悚/悬疑,0.18608617749603007
诡影迷情,惊悚/恐怖/灵异,0.11434442089399915
诡打墙,惊悚/恐怖,0.11411022979894775
诡拼车,惊悚,0.11102328019923217
诡新娘,惊悚/爱情/恐怖,0.31244819543577956
诡替身,惊悚/恐怖,0.11411022979894775
诡梦凶铃,,0.1841949823263029
诡爱,惊悚/悬疑,0.18608617749603007
诡镇,惊悚,0.11102328019923217
诡魇,惊悚/悬疑,0.18608617749603007
诱狼,战争/历史/动作,0.4657082689475612
说说美丽世界,,0.1841949823263029
请把你的窗户打开,剧情,0.049797689099942116
请柬,剧情,0.049797689099942116
诺亚方舟漂流记,,0.1841949823263029
诺苏之鹰,动作,0.4242107898081302
谁hold住谁,喜剧,0.2570479345612374
谁偷了我的菜,喜剧,0.2570479345612374
谁动了我的梦想,爱情/喜剧,0.4553859001980693
谁的青春不热血之深流不息,,0.1841949823263029
谁的青春不迷茫,爱情/青春/友情,0.2545336778059246
谁说我们不会爱,爱情/青春,0.25057328994106526
谋杀似水年华,爱情/悬疑/犯罪,0.3301861792047806
谍·莲花,战争/悬疑,0.10861351473250372
谍影特工,动作/犯罪/惊悚,0.5920193862785134
谍影重重5,动作/悬疑/惊悚,0.6102969673041603
谍战锦屏山,剧情,0.049797689099942116
谎言大爆炸,喜剧/悬疑,0.3321108318580353
谎言西西里,爱情,0.19833796563683181
谜城,动作/犯罪/惊悚,0.5920193862785134
财神客栈,,0.1841949823263029
购物女王,爱情/喜剧,0.4553859001980693
贵族大盗,动作/喜剧,0.6812587243693676
赏金猎人,动作/喜剧/剧情,0.7310564134693098
赛尔号2：雷伊与迈尔斯,,0.1841949823263029
赛尔号4大电影：圣魔之战,动画/冒险,0.38331266400448477
赛尔号5：雷神崛起,动画/儿童/冒险,0.387648087529876
赛尔号之寻找凤凰神兽,,0.1841949823263029
赛尔号大电影3之战神联盟,动画,0.08751276410146716
赤焰战场,,0.1841949823263029
赤焰战场2,动作/喜剧/犯罪/惊悚,0.8490673208397507
赤狼蚁,警匪/剧情,0.0739385774541837
赤警威龙,动作/犯罪,0.48099610607928106
赤道,动作/犯罪,0.48099610607928106
走出迷林,剧情,0.049797689099942116
超人：钢铁之躯,动作/科幻/冒险,0.885298255640561
超凡蜘蛛侠2,科幻/动作/冒险,0.885298255640561
超级保镖,动作,0.4242107898081302
超级经纪人,爱情/都市,0.19950835035792705
超能兔战队,动画/喜剧,0.34456069866270456
超能太阳鸭,动画,0.08751276410146716
超能查派,科幻/动作/惊悚,0.7005216359367754
超能陆战队,动画/动作/喜剧,0.7687714884708347
超脑48小时,动作/犯罪/剧情,0.5307937951792232
超萌英雄,喜剧/爱情,0.4553859001980693
超蛙战士之威武教官,,0.1841949823263029
超越那一天,纪录片/音乐,0.003020328163371898
超验骇客,科幻/动作,0.5894983557375433
越位者,动作/犯罪,0.48099610607928106
越来越好之村晚,喜剧/贺岁,0.26275002579118983
跑出一片天,,0.1841949823263029
路口,爱情,0.19833796563683181
路边野餐,剧情/奇幻,0.10564229149752774
踏雪寻梅,剧情,0.049797689099942116
车在囧途,,0.1841949823263029
轩辕剑传奇,魔幻/武侠/古装/动作,0.4952906804407949
轩辕大帝,剧情,0.049797689099942116
转山,,0.1841949823263029
辛亥革命,,0.1841949823263029
辛巴达历险记2,动画,0.08751276410146716
辛巴达历险记2013,动画,0.08751276410146716
边区造,喜剧/悬疑/战争,0.3656614492937411
边境风云,,0.1841949823263029
达人也疯狂,喜剧,0.2570479345612374
过年好,喜剧,0.2570479345612374
过界男女,爱情,0.19833796563683181
近距离击杀,战争/悬疑,0.10861351473250372
返乡,剧情,0.049797689099942116
还魂之迷失曼谷,惊悚/悬疑,0.18608617749603007
这个大叔不太囧,喜剧/爱情,0.4553859001980693
这里是新疆,纪实/纪录片,0.009176834413723323
迷与狂,喜剧,0.2570479345612374
迷魂之密室逃脱,惊悚,0.11102328019923217
追你到天边,喜剧,0.2570479345612374
追凶者也,,0.1841949823263029
追梦英雄,剧情,0.049797689099942116
追爱大布局,爱情,0.19833796563683181
逃出生天3D,灾难/动作/冒险,0.7372991619279229
逆光飞翔,爱情,0.19833796563683181
逆境王牌,剧情,0.049797689099942116
逆袭,喜剧,0.2570479345612374
逆转胜,喜剧,0.2570479345612374
逗鸟外传：萌宝满天飞,,0.1841949823263029
通灵之六世古宅,惊悚/恐怖,0.11411022979894775
通灵神探,科幻/动作/悬疑/犯罪,0.7213465693054921
通道转兵,,0.1841949823263029
速度与激情5,,0.1841949823263029
速度与激情6,动作/犯罪/冒险,0.7767960059822988
速度与激情7,动作/犯罪/惊悚,0.5920193862785134
遍地狼烟,,0.1841949823263029
道士下山,喜剧/冒险/动作/古装/武侠,1.009546188247937
遗落战境,动作/冒险/科幻/惊悚,0.9963215358397931
遥远的拥抱,剧情,0.049797689099942116
遭遇海明威,爱情,0.19833796563683181
邋遢大王奇遇记,动画,0.08751276410146716
邓小平登黄山,纪实/传记,0.01834570084846613
那些年，我们一起追的女孩,,0.1841949823263029
那件疯狂的小事叫爱情,爱情/喜剧,0.4553859001980693
那岁月—刻骨铭心,剧情,0.049797689099942116
那是说着玩的,,0.1841949823263029
郑和1405：魔海寻踪,动画,0.08751276410146716
郭明义,,0.1841949823263029
都市童话,剧情,0.049797689099942116
都是手机惹的祸,喜剧,0.2570479345612374
鄂尔多斯骑士,剧情,0.049797689099942116
醉后一夜,,0.1841949823263029
里约大冒险,,0.1841949823263029
里约大冒险2,动画,0.08751276410146716
重来,,0.1841949823263029
重生爱人,爱情/青春,0.25057328994106526
重返20岁,喜剧/爱情/家庭/亲情,0.5009693381355877
重返地球,科幻/冒险/动作/亲情,0.9036179087743654
重返大海,动画,0.08751276410146716
野草莓,爱情/青春,0.25057328994106526
金刚狼2,动作,0.4242107898081302
金刚王：死亡救赎,动作/武侠,0.4328566704411467
金太狼的幸福生活,爱情/喜剧,0.4553859001980693
金牌流浪狗,喜剧,0.2570479345612374
金箍棒传奇,动画,0.08751276410146716
金箍棒传奇2,动画/喜剧/冒险,0.6403605985657222
金色时光,纪实/记录,0.0067689687429907976
钟馗伏魔：雪妖魔灵,魔幻/爱情,0.2369302922939447
钢刀,动作/战争,0.457761407243836
钢板咏叹调,喜剧,0.2570479345612374
钢琴木马,爱情/悬疑,0.27340086293362975
钢铁侠3,科幻/动作/冒险,0.885298255640561
钢铁，是这样炼成的,纪实,0.0067294863534423715
钱学森,,0.1841949823263029
铁娘子：坚固柔情,纪录片/传记,0.014063562555304708
铁拳,,0.1841949823263029
铁甲钢拳,,0.1841949823263029
铁线虫入侵,惊悚/灾难,0.1283117524160072
铁血娇娃,动作/冒险,0.7200106897111478
铁血残阳,战争/纪录片,0.035997965495986765
铁血精英,,0.1841949823263029
铜雀台,动作/历史,0.43215765151185537
铠甲勇士之雅塔莱斯,动画,0.08751276410146716
银河护卫队,动作/冒险/科幻,0.885298255640561
锁里,战争,0.03355061743570581
镇海保卫战,战争/历史,0.04149747913943099
长江7号：超萌特攻队,动画/喜剧/家庭,0.3718244834664185
长江图,爱情/奇幻,0.2541825680344174
门巴将军,纪实/传记,0.01834570084846613
门球健将,,0.1841949823263029
闪魂,惊悚/犯罪,0.16780859647038304
闯入者,剧情/犯罪,0.106583005371093
闯入迷宅,喜剧/动作,0.6812587243693676
闯堂兔,,0.1841949823263029
闯堂兔2疯狂马戏团,动画/喜剧/冒险/儿童,0.6446960220911134
闹在碗中,喜剧,0.2570479345612374
闺蜜,爱情/青春,0.25057328994106526
阳光总在风雨后,爱情,0.19833796563683181
阳光留守,纪实/儿童,0.01106490987883359
阿嬷的梦中情人,爱情/喜剧,0.4553859001980693
阿里巴巴2所罗门封印,动画/喜剧/冒险,0.6403605985657222
阿里巴巴大盗奇兵,动画/喜剧/冒险,0.6403605985657222
陆垚知马俐,爱情/喜剧,0.4553859001980693
陌路惊笑,惊悚,0.11102328019923217
陪安东尼度过漫长岁月,爱情,0.19833796563683181
隔壁惊魂,惊悚,0.11102328019923217
隔窗有眼,惊悚/惊秫/悬疑,0.19094524601284443
雏鸟的天空,剧情,0.049797689099942116
雨中的树,纪实/传记,0.01834570084846613
雨夜惊魂,惊悚/恐怖,0.11411022979894775
雨果,,0.1841949823263029
雪国列车,科幻,0.16528756592941313
雪花秘扇,,0.1841949823263029
零点杀机,惊悚/恐怖,0.11411022979894775
雷神,,0.1841949823263029
雷神2：黑暗世界,动作,0.4242107898081302
雷锋在1959,纪实,0.0067294863534423715
雷锋的微笑,纪实,0.0067294863534423715
霍比特人1：意外旅程,奇幻/冒险,0.35164450230060323
霍比特人：五军之战,奇幻/冒险/动作,0.7758552921087335
霍比特人：史矛革之战,奇幻/冒险/剧情/动作,0.8256529812086756
露水红颜,爱情,0.19833796563683181
霸王别姬（京剧）,,0.1841949823263029
霹雳囧花,喜剧/动作,0.6812587243693676
青春搏击,,0.1841949823263029
青春时光,爱情/青春,0.25057328994106526
青春派,爱情/青春,0.25057328994106526
青春笔记,爱情,0.19833796563683181
青春雷锋,纪实/传记,0.01834570084846613
青涩日记,喜剧/爱情,0.4553859001980693
青蛙总动员,动画/冒险,0.38331266400448477
青蛙王国,动画,0.08751276410146716
青蛙王国之冰冻大冒险,动画/喜剧/冒险,0.6403605985657222
非你勿扰,爱情/喜剧,0.4553859001980693
非同小可,爱情/励志,0.20651229419893885
非常幸运,爱情/冒险/喜剧,0.7511858001010869
非常绑匪,喜剧,0.2570479345612374
非常营救,,0.1841949823263029
非狐外传,爱情/古装/喜剧/魔幻,0.5178199101977174
非秀不可,爱情/都市/励志,0.2076826789200341
面孔,剧情,0.049797689099942116
顺风车,喜剧/爱情,0.4553859001980693
顾家姆妈,剧情,0.049797689099942116
风云1927,战争/历史,0.04149747913943099
风口青春,爱情/喜剧,0.4553859001980693
风暴,动作/警匪,0.44835167816237176
风雨日升昌,纪实,0.0067294863534423715
飘落的羽毛,爱情,0.19833796563683181
飞天,,0.1841949823263029
飞扬的青春,,0.1841949823263029
飞越老人院,,0.1841949823263029
飞跃地心,动画/儿童/灾难,0.1091366598436334
飞鱼秀,纪实/记录,0.0067689687429907976
飞鹰艾迪,喜剧/运动/传记,0.2709746058076355
饥饿游戏,,0.1841949823263029
饥饿游戏2:星火燎原,动作/科幻/冒险/惊悚,0.9963215358397931
饥饿游戏3：嘲笑鸟（上）,动作/科幻/冒险/惊悚,0.9963215358397931
饥饿游戏3：嘲笑鸟（下）,动作/科幻/冒险/惊悚,0.9963215358397931
香气,爱情,0.19833796563683181
马小乐之玩具也疯狂,动画,0.08751276410146716
马达加斯加3,,0.1841949823263029
马达加斯加的企鹅,动画/喜剧/悬疑,0.41962359595950244
马达加斯加：狐猴之岛,剧情/科教片,0.049797689099942116
驯龙高手2,动画,0.08751276410146716
骇战,科幻/爱情/悬疑,0.4386884288630428
高举爱,,0.1841949823263029
高海拔之恋2,,0.1841949823263029
高跟鞋先生,喜剧/爱情,0.4553859001980693
高铁英雄,动画,0.08751276410146716
魁拔,,0.1841949823263029
魁拔Ⅲ战神崛起,动画,0.08751276410146716
魁拔之大战元泱界,动画,0.08751276410146716
魔兽,动作/冒险/奇幻/战争,0.8094059095444394
魔卡行动,动作/喜剧,0.6812587243693676
魔境仙踪,动作/冒险/奇幻,0.7758552921087335
魔宫魅影,惊悚/悬疑/爱情/剧情,0.43422183223280403
魔幻仙踪,动画,0.08751276410146716
魔比斯环3D,动画/科幻/冒险,0.5486002299338979
魔法老师,喜剧/科幻,0.4223355004906506
魔警,动作,0.4242107898081302
魔轮,惊悚/悬疑,0.18608617749603007
魔都凶音,惊悚/恐怖,0.11411022979894775
魔镜,惊悚/恐怖,0.11411022979894775
魔镜奇缘,动画/家庭/冒险,0.41057644880819877
鲨滩,惊悚/恐怖/剧情,0.16390791889888984
鸣梁海战,战争/动作,0.457761407243836
鹰笛·雪莲,剧情/儿童/冒险,0.34993301252835096
麦兜·我和我妈妈,,0.1841949823263029
麦兜·饭宝奇兵,动画,0.08751276410146716
麦兜当当伴我心,,0.1841949823263029
麦兜我和我妈妈,动画/家庭/喜剧,0.3718244834664185
黄克功案件,剧情/历史,0.0577445508036673
黄河,歌舞/音乐/主旋律,0.005422948540636692
黄金大劫案,,0.1841949823263029
黄金时代,爱情/传记,0.20995418013185557
黄金福将,喜剧/爱情,0.4553859001980693
黄飞鸿之英雄有梦,动作/爱情/武侠/功夫,0.6330959687197033
黎明之眼,战争/历史,0.04149747913943099
黑暗中的救赎,,0.1841949823263029
黑月,惊悚/悬疑,0.18608617749603007
黑海夺金,,0.1841949823263029
黑猫警长之翡翠之星,动画/喜剧/科幻/动作,0.934059054400248
黑瞳,惊悚/悬疑,0.18608617749603007
黑衣人3,,0.1841949823263029
默守那份情,爱情,0.19833796563683181
鼠来宝4：萌在囧途,动画/冒险/喜剧,0.6403605985657222
龙之谷：破晓奇兵,动画/爱情,0.285850729738299
龙凤呈祥,剧情/戏曲,0.04982940672407975
龙在哪里?,动画,0.08751276410146716
龙拳小子,动作/喜剧,0.6812587243693676
龙潭夺宝,动作,0.4242107898081302
龙门飞甲,,0.1841949823263029
龙骑侠,动画/儿童/冒险,0.387648087529876
龙骧虎跃,,0.1841949823263029
龟兔再跑,动画,0.08751276410146716
有这样一个医生,剧情,0.049797689099942116
县委书记焦裕禄（豫剧）,歌舞/戏曲,0.004592356978584431
保山,剧情,0.049797689099942116
白石山下一家人,剧情,0.049797689099942116
清明,[],7.532073329420967e-05
初一,[],7.532073329420967e-05
我和我们,[],7.532073329420967e-05
水墨大别山,[],7.532073329420967e-05
血证一九二八,剧情,0.049797689099942116
禁锢,[],7.532073329420967e-05
地球四季,,0.1841949823263029
007：大破量子危机,,0.1841949823263029
18岁18天,,0.1841949823263029
2014艺术影院第一批篇目,,0.1841949823263029
2015年1月艺术影院国产片,,0.1841949823263029
2015法国新浪潮电影回顾展,,0.1841949823263029
2016国家大剧院国际歌剧电影展,,0.1841949823263029
2016年乌兹别克斯坦电影周,,0.1841949823263029
2016年国家大剧院国际歌剧电影展,,0.1841949823263029
2016年意大利电影展映,,0.1841949823263029
2016新西兰电影节,,0.1841949823263029
2016法国电影展映活动,,0.1841949823263029
405谋杀案,,0.1841949823263029
5颗子弹,,0.1841949823263029
80’后,,0.1841949823263029
CCG EXPO动画电影展,,0.1841949823263029
CCG EXPO动画电影展映,,0.1841949823263029
N见钟情,,0.1841949823263029
X战警2,,0.1841949823263029
X战警：背水一战,,0.1841949823263029
“杏”福来敲门,,0.1841949823263029
一不留神,,0.1841949823263029
一个和八个,,0.1841949823263029
一个老师的学校,,0.1841949823263029
一八九四&middot;甲午大海战,,0.1841949823263029
一兵一卒,,0.1841949823263029
一剑钟情,,0.1841949823263029
一句顶一万句,,0.1841949823263029
一只狗的大学时光,,0.1841949823263029
一江明烛,,0.1841949823263029
一生有爱,,0.1841949823263029
一诺重如山,,0.1841949823263029
一路有你,,0.1841949823263029
七小罗汉,,0.1841949823263029
三七情缘,,0.1841949823263029
三个和尚,,0.1841949823263029
三分钟先生,,0.1841949823263029
三国之见龙卸甲,,0.1841949823263029
三岔口,,0.1841949823263029
三峡好人,,0.1841949823263029
三毛从军记,,0.1841949823263029
三毛流浪记,,0.1841949823263029
三笑之才子佳人,,0.1841949823263029
上学路上,,0.1841949823263029
上海“文学与电影”展映活动,,0.1841949823263029
上海公园,,0.1841949823263029
上海英国电影周,,0.1841949823263029
不会再有明天,,0.1841949823263029
不是闹着玩的,,0.1841949823263029
不能忘却的长征,,0.1841949823263029
不许动,,0.1841949823263029
不需要初恋的夏天,,0.1841949823263029
丑女大翻身,,0.1841949823263029
世纪大阅兵,,0.1841949823263029
丘吉尔的好莱坞生涯,,0.1841949823263029
丛林之王,,0.1841949823263029
东京审判,,0.1841949823263029
东方大港,,0.1841949823263029
东邪西毒:终极版,,0.1841949823263029
两个人的房间,,0.1841949823263029
丰年,,0.1841949823263029
为梦想，跑,,0.1841949823263029
举起手来,,0.1841949823263029
乌龟也上网,,0.1841949823263029
九局下半,,0.1841949823263029
九色鹿,,0.1841949823263029
乡村守望的女人,,0.1841949823263029
乡村里的中国,,0.1841949823263029
乱世护宝,,0.1841949823263029
乱战,,0.1841949823263029
二十四城记,,0.1841949823263029
二子开店,,0.1841949823263029
云中岗亭,,0.1841949823263029
云朵上的羊角花,,0.1841949823263029
云水谣,,0.1841949823263029
云的模样,,0.1841949823263029
五月的声音,,0.1841949823263029
亚瑟和他的迷你王国2,,0.1841949823263029
亚马逊萌猴奇遇记,,0.1841949823263029
亲亲海豚,,0.1841949823263029
亲兄弟,,0.1841949823263029
人命如天,,0.1841949823263029
人在囧途,,0.1841949823263029
人间&middot;小团圆,,0.1841949823263029
人间正道,,0.1841949823263029
今天&middot;明天,,0.1841949823263029
今天;明天,,0.1841949823263029
今天我休息,,0.1841949823263029
从天儿降,,0.1841949823263029
代课老师,,0.1841949823263029
伊宁不眠夜,,0.1841949823263029
伊犁河,,0.1841949823263029
伙头福星,,0.1841949823263029
会飞的小精灵,,0.1841949823263029
伤城,,0.1841949823263029
伴你高飞,,0.1841949823263029
伴我闯天涯,,0.1841949823263029
似水流年,,0.1841949823263029
你的情歌我来唱,,0.1841949823263029
侠僧探案传奇之大兴赌坊,,0.1841949823263029
侠盗魅影,,0.1841949823263029
保持通话,,0.1841949823263029
倒霉的一天,,0.1841949823263029
倔人吕尚斌,,0.1841949823263029
倔强萝卜,,0.1841949823263029
借兵,,0.1841949823263029
傲慢与偏见,,0.1841949823263029
兄弟之生死同盟,,0.1841949823263029
兄弟会5：同学录,,0.1841949823263029
全城戒备,,0.1841949823263029
全城热恋,,0.1841949823263029
八万里,,0.1841949823263029
八十一格,,0.1841949823263029
公主复仇记,,0.1841949823263029
六壮士,,0.1841949823263029
六扇门之玄武初现,,0.1841949823263029
兰梅记,,0.1841949823263029
兰花香,,0.1841949823263029
关工委主任,,0.1841949823263029
兵临城下,,0.1841949823263029
兵临城下之决战要塞,,0.1841949823263029
军医,,0.1841949823263029
农谷之恋,,0.1841949823263029
冬去春来,,0.1841949823263029
冬荫功2：拳霸天下,,0.1841949823263029
冰雪女王,,0.1841949823263029
决战刹马镇,,0.1841949823263029
冷酷收获,,0.1841949823263029
几番风雨,,0.1841949823263029
凤凰,,0.1841949823263029
出水芙蓉,,0.1841949823263029
出租车4,,0.1841949823263029
刀,,0.1841949823263029
列车惊魂,,0.1841949823263029
刘庄布偶,,0.1841949823263029
初夏日记,,0.1841949823263029
初恋红豆冰,,0.1841949823263029
别拿自己不当干部,,0.1841949823263029
别样警花,,0.1841949823263029
别说抱歉，别说再见,,0.1841949823263029
刮痧,,0.1841949823263029
前目的地,,0.1841949823263029
剑齿王朝,,0.1841949823263029
功夫之王,,0.1841949823263029
功夫咏春,,0.1841949823263029
加油中国,,0.1841949823263029
动物总动员,,0.1841949823263029
勇士,,0.1841949823263029
勇闯16街区,,0.1841949823263029
北京&middot;纽约,,0.1841949823263029
北京;纽约,,0.1841949823263029
北京万国城2016香港主题电影展映,,0.1841949823263029
北京等待,,0.1841949823263029
北京纽约,,0.1841949823263029
北京遇上西雅图之,,0.1841949823263029
北极,,0.1841949823263029
十万火急,,0.1841949823263029
十三岁女孩,,0.1841949823263029
十个约定,,0.1841949823263029
十全九美,,0.1841949823263029
十月围城,,0.1841949823263029
千机变2,,0.1841949823263029
千里走单骑,,0.1841949823263029
千里追踪,,0.1841949823263029
午夜出租车,,0.1841949823263029
午夜惊魂,,0.1841949823263029
半熟少女之梦想预备生,,0.1841949823263029
半生缘,,0.1841949823263029
卒迹,,0.1841949823263029
单亲宝贝,,0.1841949823263029
单身汉,,0.1841949823263029
南京,,0.1841949823263029
南京的那个夏天,,0.1841949823263029
南京！南京！,,0.1841949823263029
南漂,,0.1841949823263029
卡拉是条狗,,0.1841949823263029
卡萨布兰卡,,0.1841949823263029
卧虎藏龙2：青冥宝剑,,0.1841949823263029
危情24小时,,0.1841949823263029
危机行动,,0.1841949823263029
厨子程天喜,,0.1841949823263029
去年夏天,,0.1841949823263029
参天树,,0.1841949823263029
又见梅兰芳,,0.1841949823263029
双喜临门,,0.1841949823263029
双子神偷,,0.1841949823263029
双层公寓,,0.1841949823263029
双旗镇刀客,,0.1841949823263029
双胞胎,,0.1841949823263029
双重追击,,0.1841949823263029
双龙会,,0.1841949823263029
变形金刚1,,0.1841949823263029
变形金刚2,,0.1841949823263029
变脸,,0.1841949823263029
变节-潜罪犯,,0.1841949823263029
变身契约,,0.1841949823263029
叛逆女特工,,0.1841949823263029
古城会,,0.1841949823263029
古路,,0.1841949823263029
只要我们在一起,,0.1841949823263029
可可西里,,0.1841949823263029
可爱的中国,,0.1841949823263029
史来贺,,0.1841949823263029
叶问,,0.1841949823263029
叶问2 宗师传奇,,0.1841949823263029
叶问前传,,0.1841949823263029
合约情人,,0.1841949823263029
同根生,,0.1841949823263029
名侦探柯南2009：漆黑的追迹者,,0.1841949823263029
名侦探柯南2012：第11人的前锋,,0.1841949823263029
名侦探柯南：业火的向日葵,,0.1841949823263029
向日葵,,0.1841949823263029
向日葵女孩,,0.1841949823263029
向阳坡传说,,0.1841949823263029
君子道,,0.1841949823263029
告别,,0.1841949823263029
周恩来,,0.1841949823263029
命运呼叫转移,,0.1841949823263029
咱们的工会主席,,0.1841949823263029
哆啦A梦06剧场版：大雄的恐龙,,0.1841949823263029
哆啦A梦：大雄与绿巨人传,,0.1841949823263029
哈勃望远镜3D,,0.1841949823263029
哭泣的拳头,,0.1841949823263029
唐山大地震,,0.1841949823263029
喜临门,,0.1841949823263029
喜洋洋,,0.1841949823263029
喜羊羊与灰太狼之牛气冲天,,0.1841949823263029
喜羊羊与灰太狼之虎虎生威,,0.1841949823263029
喜羊羊与灰太郎之牛气冲天,,0.1841949823263029
嘻游记,,0.1841949823263029
回乡种田,,0.1841949823263029
回头是远方,,0.1841949823263029
回家,,0.1841949823263029
国家利益,,0.1841949823263029
国徽,,0.1841949823263029
图兰朵,,0.1841949823263029
圣保罗医院之谜,,0.1841949823263029
圣战士,,0.1841949823263029
圣斗士星矢,,0.1841949823263029
圣诞树2,,0.1841949823263029
地下追击,,0.1841949823263029
地牢围攻,,0.1841949823263029
城南庄1948,,0.1841949823263029
城南旧事,,0.1841949823263029
城市门,,0.1841949823263029
基因决定我爱你,,0.1841949823263029
塔洛,,0.1841949823263029
墨攻,,0.1841949823263029
声梦奇缘,,0.1841949823263029
外公芳龄38,,0.1841949823263029
外出,,0.1841949823263029
多梦季节,,0.1841949823263029
夜&middot;上海,,0.1841949823263029
夜&middot;店,,0.1841949823263029
夜半歌声,,0.1841949823263029
夜宴,,0.1841949823263029
夜袭,,0.1841949823263029
夜迷宫,,0.1841949823263029
大内密探灵灵狗,,0.1841949823263029
大唐风云,,0.1841949823263029
大地有爱,,0.1841949823263029
大块头有大智慧,,0.1841949823263029
大城小事,,0.1841949823263029
大墙无言,,0.1841949823263029
大富之家,,0.1841949823263029
大山之恋,,0.1841949823263029
大山的声音,,0.1841949823263029
大搜查,,0.1841949823263029
大有前途,,0.1841949823263029
大李小李和老李,,0.1841949823263029
大李，小李和老李,,0.1841949823263029
大气层消失,,0.1841949823263029
大漠赤诚,,0.1841949823263029
大灌篮,,0.1841949823263029
大牌+39&deg;,,0.1841949823263029
大电影2.0之两个傻瓜的荒唐事,,0.1841949823263029
大笑江湖,,0.1841949823263029
大红灯笼高高挂,,0.1841949823263029
大胃王,,0.1841949823263029
大腕,,0.1841949823263029
大话东游之一,,0.1841949823263029
大话东游之二,,0.1841949823263029
大道如天,,0.1841949823263029
大顺&middot;一九二七,,0.1841949823263029
天上人,,0.1841949823263029
天下无双,,0.1841949823263029
天下第二,,0.1841949823263029
天之恩赐,,0.1841949823263029
天云山传奇,,0.1841949823263029
天亮&middot;分手,,0.1841949823263029
天亮;分手,,0.1841949823263029
天亮了,,0.1841949823263029
天亮以后不分手,,0.1841949823263029
天亮分手,,0.1841949823263029
天使不寂寞,,0.1841949823263029
天地告白,,0.1841949823263029
天地逃生,,0.1841949823263029
天堂口,,0.1841949823263029
天机&middot;富春山居图,,0.1841949823263029
天津闲人,,0.1841949823263029
天理难容,,0.1841949823263029
天琴,,0.1841949823263029
天生狂野,,0.1841949823263029
天脉传奇,,0.1841949823263029
天若有情,,0.1841949823263029
天行者,,0.1841949823263029
天黑请闭眼,,0.1841949823263029
太极先锋,,0.1841949823263029
太空营救,,0.1841949823263029
太行山上,,0.1841949823263029
太阳总在左边,,0.1841949823263029
太阳照常升起,,0.1841949823263029
失踪的女中学生,,0.1841949823263029
头彩,,0.1841949823263029
夺命地铁,,0.1841949823263029
夺命手机,,0.1841949823263029
夺命枪火,,0.1841949823263029
奔跑吧！狗狗,,0.1841949823263029
奥赛罗,,0.1841949823263029
女人不坏,,0.1841949823263029
女人要爱,,0.1841949823263029
女倾慕者,,0.1841949823263029
女大学生宿舍,,0.1841949823263029
女理发师,,0.1841949823263029
她们的名字叫做红,,0.1841949823263029
好好活着,,0.1841949823263029
好想和你在一起,,0.1841949823263029
好运，特克斯,,0.1841949823263029
如果&middot;爱,,0.1841949823263029
如果;爱,,0.1841949823263029
如果·爱,,0.1841949823263029
如果没有你,,0.1841949823263029
如果爱,,0.1841949823263029
如此荒唐,,0.1841949823263029
妃子笑,,0.1841949823263029
妈妈别哭,,0.1841949823263029
妹娃要过河,,0.1841949823263029
始祖轩辕,,0.1841949823263029
姐姐词典,,0.1841949823263029
姑娘,,0.1841949823263029
姚明年,,0.1841949823263029
姨妈的后现代生活,,0.1841949823263029
婚礼及其他自然灾害,,0.1841949823263029
孔雀,,0.1841949823263029
孙中山,,0.1841949823263029
孤胆义侠,,0.1841949823263029
孤胆保镖,,0.1841949823263029
孩子王,,0.1841949823263029
孽海恩怨,,0.1841949823263029
守候的心,,0.1841949823263029
守望未来,,0.1841949823263029
守望者,,0.1841949823263029
守灵,,0.1841949823263029
完美婚礼,,0.1841949823263029
宝莲灯,,0.1841949823263029
宝葫芦的秘密,,0.1841949823263029
宝贝别哭,,0.1841949823263029
宝贝当家,,0.1841949823263029
宝贝快跑,,0.1841949823263029
宝贝计划,,0.1841949823263029
实习生,,0.1841949823263029
客房,,0.1841949823263029
家有喜事2009,,0.1841949823263029
家里有我,,0.1841949823263029
对岸的战争,,0.1841949823263029
寻宝者,,0.1841949823263029
寻找声音的耳朵,,0.1841949823263029
寻找女神·娇阿依,,0.1841949823263029
寻找成龙,,0.1841949823263029
寻找智美更登,,0.1841949823263029
导火线,,0.1841949823263029
封神传奇之驱魔英雄,,0.1841949823263029
小事大爱,,0.1841949823263029
小亲亲,,0.1841949823263029
小人国,,0.1841949823263029
小兵张嘎,,0.1841949823263029
小城之春,,0.1841949823263029
小巷总理,,0.1841949823263029
小战象,,0.1841949823263029
小战象2,,0.1841949823263029
小时代:青木时代,,0.1841949823263029
小王子,,0.1841949823263029
小等,,0.1841949823263029
小英雄雨来,,0.1841949823263029
小虎斑斑,,0.1841949823263029
小街,,0.1841949823263029
小鬼智多星,,0.1841949823263029
小鬼队,,0.1841949823263029
少共国际师,,0.1841949823263029
少年当自强,,0.1841949823263029
少林英雄,,0.1841949823263029
尼罗河情人,,0.1841949823263029
山乡书记,,0.1841949823263029
山外是海,,0.1841949823263029
山村趣事,,0.1841949823263029
山水有相逢,,0.1841949823263029
岁月神偷,,0.1841949823263029
崂山道士,,0.1841949823263029
工会主席,,0.1841949823263029
工作及累,,0.1841949823263029
巴黎淘气帮,,0.1841949823263029
布基兰小站的腊八夜,,0.1841949823263029
帝企鹅日记,,0.1841949823263029
帝王蝶的迁徙,,0.1841949823263029
平原游击队,,0.1841949823263029
平安之盾,,0.1841949823263029
平安岛,,0.1841949823263029
幸运组合,,0.1841949823263029
幻影车神：魔盗激情,,0.1841949823263029
幽灵医院,,0.1841949823263029
庐山恋,,0.1841949823263029
库布里克回顾展,,0.1841949823263029
廉吏于成龙,,0.1841949823263029
建国大业,,0.1841949823263029
异冢,,0.1841949823263029
异度空间,,0.1841949823263029
张思德,,0.1841949823263029
弹无虚发之对决黄金谷,,0.1841949823263029
弹无虚发之死亡之海,,0.1841949823263029
强者,,0.1841949823263029
归途列车,,0.1841949823263029
彩票也疯狂,,0.1841949823263029
御前侍卫,,0.1841949823263029
微风吹乱蜗牛心,,0.1841949823263029
德吉的诉讼,,0.1841949823263029
心灵的阳光,,0.1841949823263029
忍者神龟,,0.1841949823263029
忠诚,,0.1841949823263029
念书的孩子,,0.1841949823263029
总统浪漫史,,0.1841949823263029
恋人絮语,,0.1841949823263029
恋爱通告,,0.1841949823263029
情为何物,,0.1841949823263029
情人结,,0.1841949823263029
情归陶然亭,,0.1841949823263029
情归鹭岛,,0.1841949823263029
情癫大圣,,0.1841949823263029
惊天绑架团,,0.1841949823263029
惊爆红色十月,,0.1841949823263029
成记茶楼,,0.1841949823263029
我为太极狂,,0.1841949823263029
我亲爱的小淘气,,0.1841949823263029
我们天上见,,0.1841949823263029
我们恋爱吧,,0.1841949823263029
我们接吻吧,,0.1841949823263029
我们的十年,,0.1841949823263029
我们结婚吧,,0.1841949823263029
我们这一家,,0.1841949823263029
我会守着你,,0.1841949823263029
我叫阿里木,,0.1841949823263029
我在这里,,0.1841949823263029
我坚强的小船,,0.1841949823263029
我是谁,,0.1841949823263029
我爱你,,0.1841949823263029
我爱高大全,,0.1841949823263029
我的七年,,0.1841949823263029
我的个神啊,,0.1841949823263029
我的兄弟姐妹,,0.1841949823263029
我的名字叫可汗,,0.1841949823263029
我的唐朝兄弟,,0.1841949823263029
我的左手,,0.1841949823263029
我的康乃馨,,0.1841949823263029
我的影子在奔跑,,0.1841949823263029
我的渡口,,0.1841949823263029
我的父亲母亲,,0.1841949823263029
我的老公是卧底,,0.1841949823263029
我的野蛮女友2,,0.1841949823263029
我的长征,,0.1841949823263029
我童年的天空,,0.1841949823263029
我要回城,,0.1841949823263029
我要成名,,0.1841949823263029
战争狂人,,0.1841949823263029
战无双,,0.1841949823263029
战火焚情,,0.1841949823263029
战金刚,,0.1841949823263029
战鸽快飞,,0.1841949823263029
房子,,0.1841949823263029
房间里的舞蹈,,0.1841949823263029
手机,,0.1841949823263029
手牵手,,0.1841949823263029
手风琴,,0.1841949823263029
打擂台,,0.1841949823263029
扬起你的笑脸,,0.1841949823263029
找乐,,0.1841949823263029
投名状,,0.1841949823263029
抱养,,0.1841949823263029
拼爹年代,,0.1841949823263029
挑战者,,0.1841949823263029
插翅难飞 2,,0.1841949823263029
收藏记忆的角落,,0.1841949823263029
放心去飞,,0.1841949823263029
放牛班的春天,,0.1841949823263029
故园秋色,,0.1841949823263029
救我,,0.1841949823263029
敢死队,,0.1841949823263029
文字国历险记-浩昊巧破笑话城,,0.1841949823263029
文字国历险记——浩昊勇闯童话城,,0.1841949823263029
文雀,,0.1841949823263029
斑马总动员,,0.1841949823263029
斗牛,,0.1841949823263029
断桥遗梦,,0.1841949823263029
斯大林格勒,,0.1841949823263029
新东方神娃,,0.1841949823263029
新加坡电影周,,0.1841949823263029
新墙头记,,0.1841949823263029
新大祭桩,,0.1841949823263029
新年行动,,0.1841949823263029
新康定情歌,,0.1841949823263029
新扎师妹2之美丽任务,,0.1841949823263029
新红河谷,,0.1841949823263029
新西兰电影周,,0.1841949823263029
新鲁冰花：孩子的天空,,0.1841949823263029
旅行离婚,,0.1841949823263029
旋风小子,,0.1841949823263029
无人驾驶,,0.1841949823263029
无影剑,,0.1841949823263029
无手老师,,0.1841949823263029
无敌小子霍元甲,,0.1841949823263029
无用,,0.1841949823263029
无言的界碑,,0.1841949823263029
无间道,,0.1841949823263029
无间道2,,0.1841949823263029
无间道3,,0.1841949823263029
日本沉没,,0.1841949823263029
日本电影周,,0.1841949823263029
早春二月,,0.1841949823263029
早熟,,0.1841949823263029
时尚先生,,0.1841949823263029
昆塔&middot;盒子总动员,,0.1841949823263029
昆塔;盒子总动员,,0.1841949823263029
昆塔盒子总动员,,0.1841949823263029
昆虫总动员,,0.1841949823263029
昆虫总动员（法国）,,0.1841949823263029
星星之火,,0.1841949823263029
星月童话,,0.1841949823263029
星爸奇缘,,0.1841949823263029
星爸客,,0.1841949823263029
春天的狂想,,0.1841949823263029
春桃,,0.1841949823263029
春田花花同学会,,0.1841949823263029
暖,,0.1841949823263029
暖春,,0.1841949823263029
暗藏杀机,,0.1841949823263029
暴力街区,,0.1841949823263029
替身传奇乐翻天,,0.1841949823263029
最后一课,,0.1841949823263029
最爱你的人是我,,0.1841949823263029
最美,,0.1841949823263029
最青春,,0.1841949823263029
月亮湾的笑声,,0.1841949823263029
月圆凉州,,0.1841949823263029
有招没招,,0.1841949823263029
有话好好说,,0.1841949823263029
木偶情缘,,0.1841949823263029
未营业,,0.1841949823263029
末代皇帝,,0.1841949823263029
末日情人,,0.1841949823263029
末日浩劫,,0.1841949823263029
本命年,,0.1841949823263029
朱大琴，请与本台联系,,0.1841949823263029
机动部队-同袍,,0.1841949823263029
机器人班长,,0.1841949823263029
杂技小精灵,,0.1841949823263029
李小龙我的兄弟,,0.1841949823263029
李祥和的婚事,,0.1841949823263029
村支书金岚岚,,0.1841949823263029
村曲悠扬,,0.1841949823263029
杨贵妃,,0.1841949823263029
极地大冒险2,,0.1841949823263029
极度险情,,0.1841949823263029
林海雪原,,0.1841949823263029
枪王之王,,0.1841949823263029
柳堡的故事,,0.1841949823263029
柴生芳,,0.1841949823263029
梅花,,0.1841949823263029
梦之春,,0.1841949823263029
梦回金沙城,,0.1841949823263029
梦寻桃花源,,0.1841949823263029
梦开始的地方,,0.1841949823263029
梦想庄园,,0.1841949823263029
梦非梦,,0.1841949823263029
椰岛警魂,,0.1841949823263029
樱桃,,0.1841949823263029
樱桃小丸子：来自意大利的少年,,0.1841949823263029
武僧传奇之决战程子沟,,0.1841949823263029
武当少年,,0.1841949823263029
武昌情殇,,0.1841949823263029
武术之少年行,,0.1841949823263029
武状元苏乞儿,,0.1841949823263029
死亡面具,,0.1841949823263029
母亲,,0.1841949823263029
母亲的眼睛,,0.1841949823263029
每当变幻时,,0.1841949823263029
毒中毒,,0.1841949823263029
毛泽东的故事,,0.1841949823263029
民主华南第一辑,,0.1841949823263029
民工&middot;老大&middot;老板,,0.1841949823263029
民工;老大;老板,,0.1841949823263029
民工老大老板,,0.1841949823263029
民警故事,,0.1841949823263029
水煮金蟾,,0.1841949823263029
永州故事,,0.1841949823263029
永远的绿盖头,,0.1841949823263029
永远的车神,,0.1841949823263029
汉江怪物,,0.1841949823263029
江山美人,,0.1841949823263029
沂蒙六姐妹,,0.1841949823263029
沈园情,,0.1841949823263029
沉默的夏天,,0.1841949823263029
没事偷着乐,,0.1841949823263029
没完没了,,0.1841949823263029
法国电影展,,0.1841949823263029
泡菜,,0.1841949823263029
洗澡,,0.1841949823263029
活着,,0.1841949823263029
浅蓝深蓝,,0.1841949823263029
浩劫惊魂,,0.1841949823263029
浩昊文字国历险记--三战怪怪城,,0.1841949823263029
浩昊文字国历险记--大闹无字城,,0.1841949823263029
浮云,,0.1841949823263029
海上传奇,,0.1841949823263029
海啸奇迹,,0.1841949823263029
海岛冒险,,0.1841949823263029
海岛小卫士,,0.1841949823263029
海底淘法,,0.1841949823263029
海洋天堂,,0.1841949823263029
消失的爱人,,0.1841949823263029
游龙戏凤,,0.1841949823263029
湘女萧萧,,0.1841949823263029
滚拉拉的枪,,0.1841949823263029
满城尽带黄金甲,,0.1841949823263029
满意不满意,,0.1841949823263029
满汉全席,,0.1841949823263029
潜水艇,,0.1841949823263029
潜艇总动员,,0.1841949823263029
潜艇总动员3 - 彩虹宝藏,,0.1841949823263029
火山对对碰,,0.1841949823263029
火童,,0.1841949823263029
火线反攻,,0.1841949823263029
火线战将,,0.1841949823263029
火龙对决,,0.1841949823263029
炮制女朋友,,0.1841949823263029
点对点,,0.1841949823263029
烟雨红颜,,0.1841949823263029
烽火,,0.1841949823263029
照见,,0.1841949823263029
熊出没注意,,0.1841949823263029
熊猫大侠,,0.1841949823263029
爆裂都市,,0.1841949823263029
爱&middot;你别走,,0.1841949823263029
爱&middot;回家,,0.1841949823263029
爱&middot;回家/外婆的家,,0.1841949823263029
爱&middot;在路上,,0.1841949823263029
爱在他乡,,0.1841949823263029
爱开始的地方,,0.1841949823263029
爱得起,,0.1841949823263029
爱情万岁,,0.1841949823263029
爱情天梯,,0.1841949823263029
爱情的捉弄,,0.1841949823263029
爱情麻辣烫,,0.1841949823263029
爱情麻辣烫之情定,,0.1841949823263029
爱的替身,,0.1841949823263029
爱的钟声,,0.1841949823263029
爱神有泪,,0.1841949823263029
父子,,0.1841949823263029
爸爸回家,,0.1841949823263029
牧笛,,0.1841949823263029
牧马人,,0.1841949823263029
特种部队,,0.1841949823263029
特警英雄,,0.1841949823263029
犹太女孩在上海,,0.1841949823263029
狂野非洲,,0.1841949823263029
狄仁杰之通天帝国,,0.1841949823263029
狗十三,,0.1841949823263029
独自等待,,0.1841949823263029
狮口惊魂,,0.1841949823263029
狼牙山五壮士,,0.1841949823263029
猎物,,0.1841949823263029
玄奘大师,,0.1841949823263029
玉观音,,0.1841949823263029
王后秘史,,0.1841949823263029
王朝的女人&middot;杨贵妃,,0.1841949823263029
王朝的女人;杨贵妃,,0.1841949823263029
王朝的女人杨贵妃,,0.1841949823263029
王牌逗王牌,,0.1841949823263029
王者之心,,0.1841949823263029
玩命魔术,,0.1841949823263029
玫瑰天涯,,0.1841949823263029
环城七十里,,0.1841949823263029
环游地球80天/80日环游世界,,0.1841949823263029
珍珠港,,0.1841949823263029
珠城之恋,,0.1841949823263029
班主任,,0.1841949823263029
生化危机4,,0.1841949823263029
生化危机4：战神再生,,0.1841949823263029
生命的托举,,0.1841949823263029
生日历险,,0.1841949823263029
生死28小时,,0.1841949823263029
生死抉择,,0.1841949823263029
生死格斗,,0.1841949823263029
生死牛玉儒,,0.1841949823263029
生死缉毒,,0.1841949823263029
生死诀,,0.1841949823263029
生死足球赛,,0.1841949823263029
生活的颤音,,0.1841949823263029
电子情书,,0.1841949823263029
电影儿女（豫剧）,,0.1841949823263029
电影版卡牌决斗高手：黑月之神帝,,0.1841949823263029
男儿本色,,0.1841949823263029
男式女子足球队,,0.1841949823263029
男生贾里新传,,0.1841949823263029
画皮,,0.1841949823263029
疯狂丑小鸭,,0.1841949823263029
疯狂婚礼,,0.1841949823263029
疯狂的石头,,0.1841949823263029
疯狂的赛车,,0.1841949823263029
疯狂粉丝王,,0.1841949823263029
痞子&middot;洛克,,0.1841949823263029
痞子;洛克,,0.1841949823263029
痞子洛克,,0.1841949823263029
白居易在龙门,,0.1841949823263029
白方礼,,0.1841949823263029
白毛女,,0.1841949823263029
白毛女（歌剧）,,0.1841949823263029
白色星球,,0.1841949823263029
白蛇传,,0.1841949823263029
白银帝国,,0.1841949823263029
白雪公主与青蛙王子,,0.1841949823263029
百变星君,,0.1841949823263029
百年好合,,0.1841949823263029
益西卓玛,,0.1841949823263029
盗走达芬奇,,0.1841949823263029
盗马贼,,0.1841949823263029
盘夫索夫,,0.1841949823263029
看上去很美,,0.1841949823263029
真假铁马骝,,0.1841949823263029
真爱,,0.1841949823263029
瞧，这一担儿挑,,0.1841949823263029
石头,,0.1841949823263029
石将军石勇,,0.1841949823263029
硬汉,,0.1841949823263029
碟中谍,,0.1841949823263029
碟中谍2,,0.1841949823263029
碟中谍3,,0.1841949823263029
碧罗雪山,,0.1841949823263029
社区主任,,0.1841949823263029
祈祷,,0.1841949823263029
祝福,,0.1841949823263029
神偷特工,,0.1841949823263029
神兵小将,,0.1841949823263029
神探,,0.1841949823263029
神枪手与智多星,,0.1841949823263029
神秘代码,,0.1841949823263029
神秘群岛,,0.1841949823263029
禁止吸烟,,0.1841949823263029
私奔B计划,,0.1841949823263029
秋喜,,0.1841949823263029
秋菊打官司,,0.1841949823263029
秋雨,,0.1841949823263029
秘岸,,0.1841949823263029
穿越火线,,0.1841949823263029
窃听风云,,0.1841949823263029
窈窕绅士,,0.1841949823263029
窒息,,0.1841949823263029
童年,,0.1841949823263029
竹儿潇潇,,0.1841949823263029
笔尖沧桑,,0.1841949823263029
笛声何处,,0.1841949823263029
第601个电话,,0.1841949823263029
第一书记,,0.1841949823263029
第一次的亲密接触,,0.1841949823263029
第七种味道,,0.1841949823263029
第三届丝绸之路国际电影节（福州分会场）,,0.1841949823263029
第五个新娘,,0.1841949823263029
第六届北京国际电影节进口展映影片1,,0.1841949823263029
第六届北京国际电影节进口展映影片2,,0.1841949823263029
第六届北京国际电影节进口展映影片4,,0.1841949823263029
第十九层空间,,0.1841949823263029
第十九届上海国际电影节,,0.1841949823263029
箱子,,0.1841949823263029
篮球小皇帝,,0.1841949823263029
精武家庭,,0.1841949823263029
精武风云,,0.1841949823263029
精武风云&middot;陈真,,0.1841949823263029
精武风云;陈真,,0.1841949823263029
精武风云陈真,,0.1841949823263029
精舞门,,0.1841949823263029
精英部队：大敌当前,,0.1841949823263029
红军乡,,0.1841949823263029
红尾鸽,,0.1841949823263029
红楼梦,,0.1841949823263029
红楼梦（昆曲）,,0.1841949823263029
红河,,0.1841949823263029
红番区,,0.1841949823263029
红粉,,0.1841949823263029
红色恋人,,0.1841949823263029
红色满洲里,,0.1841949823263029
红鹰侠,,0.1841949823263029
纯真年代,,0.1841949823263029
纳布科,,0.1841949823263029
绅士大盗,,0.1841949823263029
细菌大作战,,0.1841949823263029
终极匹配,,0.1841949823263029
终极审判,,0.1841949823263029
终极挑战3,,0.1841949823263029
终极胜利,,0.1841949823263029
终结者2018,,0.1841949823263029
结婚那件事,,0.1841949823263029
给太太打工,,0.1841949823263029
绝命逃亡,,0.1841949823263029
绝种好男人,,0.1841949823263029
绿色救赎之追捕真凶,,0.1841949823263029
绿茶,,0.1841949823263029
绿草地,,0.1841949823263029
缘分天注定,,0.1841949823263029
缘，妙不可言,,0.1841949823263029
罗西与莫妮卡之骊靬情,,0.1841949823263029
罪与罚,,0.1841949823263029
羊城暗哨,,0.1841949823263029
美丽家园,,0.1841949823263029
美丽的夜晚,,0.1841949823263029
美人依旧,,0.1841949823263029
美人草,,0.1841949823263029
美女与野兽,,0.1841949823263029
美食总动员,,0.1841949823263029
老五的奥斯卡,,0.1841949823263029
老井,,0.1841949823263029
老人,,0.1841949823263029
老刘的婚路历程,,0.1841949823263029
老外,,0.1841949823263029
老海的新生活,,0.1841949823263029
老百姓是天,,0.1841949823263029
老萨的战争,,0.1841949823263029
老虎都要嫁,,0.1841949823263029
聪明小鬼斗笨贼,,0.1841949823263029
育婴室,,0.1841949823263029
胡僧,,0.1841949823263029
自行车,,0.1841949823263029
舍身技,,0.1841949823263029
舞出我人生,,0.1841949823263029
舞出我人生2,,0.1841949823263029
舞台姐妹,,0.1841949823263029
色&middot;戒,,0.1841949823263029
艺术家,,0.1841949823263029
花好月圆,,0.1841949823263029
花样年华,,0.1841949823263029
花田囍事2010,,0.1841949823263029
花腰新娘,,0.1841949823263029
花花型警,,0.1841949823263029
苏武牧羊 豫剧,,0.1841949823263029
英雄,,0.1841949823263029
英雄本色,,0.1841949823263029
草原战士,,0.1841949823263029
荒村公寓,,0.1841949823263029
荒村客栈,,0.1841949823263029
荣誉至上,,0.1841949823263029
萨米大冒险,,0.1841949823263029
萨米大冒险2,,0.1841949823263029
葫芦兄弟,,0.1841949823263029
蓝莓之夜,,0.1841949823263029
藏地桃花,,0.1841949823263029
虎胆龙威4,,0.1841949823263029
虹飞千岛,,0.1841949823263029
蚀之春风桃李,,0.1841949823263029
蚀之江枫渔火,,0.1841949823263029
蚀之章台秋柳,,0.1841949823263029
蜘蛛侠2,,0.1841949823263029
蝙蝠侠大战超人：,,0.1841949823263029
蝴蝶梦,,0.1841949823263029
蝴蝶飞,,0.1841949823263029
蟹蟹侬,,0.1841949823263029
血红的蝴蝶,,0.1841949823263029
街头杀手,,0.1841949823263029
街头舞王,,0.1841949823263029
西洋镜,,0.1841949823263029
西游&middot;降魔篇,,0.1841949823263029
西游新传,,0.1841949823263029
警察追击,,0.1841949823263029
警至情归,,0.1841949823263029
让我们西米吧,,0.1841949823263029
证人,,0.1841949823263029
误入歧途,,0.1841949823263029
请将我遗忘,,0.1841949823263029
谍&middot;莲花,,0.1841949823263029
谍;莲花,,0.1841949823263029
豪门生死恋,,0.1841949823263029
赚够一千万,,0.1841949823263029
赞鸟历险记,,0.1841949823263029
赤壁(上),,0.1841949823263029
赤裸的微笑,,0.1841949823263029
赤道雪山下的国家坦葛,,0.1841949823263029
走出西柏坡,,0.1841949823263029
走向梦想的日子,,0.1841949823263029
走路上学,,0.1841949823263029
走进西藏,,0.1841949823263029
赵氏孤儿,,0.1841949823263029
赵氏孤儿（戏曲）,,0.1841949823263029
赵氏孤儿（秦腔）,,0.1841949823263029
超体,,0.1841949823263029
超导,,0.1841949823263029
超强台风,,0.1841949823263029
超级女特工,,0.1841949823263029
超能游戏者,,0.1841949823263029
超蛙战士之初露锋芒,,0.1841949823263029
越光宝盒,,0.1841949823263029
足球大侠,,0.1841949823263029
跑山,,0.1841949823263029
跑过罗湖桥,,0.1841949823263029
跟踪,,0.1841949823263029
路边草,,0.1841949823263029
轻羽飞扬,,0.1841949823263029
迁徙,,0.1841949823263029
过年回家,,0.1841949823263029
过界,,0.1841949823263029
迈阿密行动,,0.1841949823263029
近在咫尺的爱恋,,0.1841949823263029
这儿是香格里拉,,0.1841949823263029
这里的黎明静悄悄,,0.1841949823263029
这里，那里,,0.1841949823263029
连环局,,0.1841949823263029
迟到的恋曲,,0.1841949823263029
迫在眉睫,,0.1841949823263029
迷城,,0.1841949823263029
迷魂陷阱,,0.1841949823263029
追爱总动员,,0.1841949823263029
追踪长尾豹马修,,0.1841949823263029
逃亡战士,,0.1841949823263029
逆世界,,0.1841949823263029
逆袭的青春,,0.1841949823263029
通天塔,,0.1841949823263029
速度与激情,,0.1841949823263029
道口烧鸡铺,,0.1841949823263029
邓小平,,0.1841949823263029
那山那人那狗,,0.1841949823263029
那年我对你的承诺,,0.1841949823263029
那座山,,0.1841949823263029
邻家特工,,0.1841949823263029
里耶&middot;情简,,0.1841949823263029
里耶;情简,,0.1841949823263029
里耶情简,,0.1841949823263029
重返十八,,0.1841949823263029
野人传奇,,0.1841949823263029
野猪林,,0.1841949823263029
野蛮的温柔,,0.1841949823263029
野蛮秘笈,,0.1841949823263029
金画眉,,0.1841949823263029
金色记忆,,0.1841949823263029
金蝉脱壳,,0.1841949823263029
金钱帝国,,0.1841949823263029
鏖兵天府,,0.1841949823263029
钢铁侠,,0.1841949823263029
钢铁侠2,,0.1841949823263029
钢铁玫瑰,,0.1841949823263029
钱在路上跑,,0.1841949823263029
铁三角,,0.1841949823263029
铁人,,0.1841949823263029
铁血,,0.1841949823263029
铁血大动脉,,0.1841949823263029
铜牌小车手,,0.1841949823263029
铠甲勇士之帝皇侠,,0.1841949823263029
银杏之梦,,0.1841949823263029
银蛇谋杀案,,0.1841949823263029
锁麟囊（秦腔）,,0.1841949823263029
锦绣前程,,0.1841949823263029
锦衣卫,,0.1841949823263029
长大成人2013,,0.1841949823263029
长江7号爱地球,,0.1841949823263029
门,,0.1841949823263029
门徒,,0.1841949823263029
间谍,,0.1841949823263029
阳光灿烂的日子,,0.1841949823263029
阳光舞台,,0.1841949823263029
阿凡提和阿瓦提,,0.1841949823263029
阿凡达,,0.1841949823263029
阿童木,,0.1841949823263029
阿诗玛,,0.1841949823263029
隋朝来客,,0.1841949823263029
隐私保险箱,,0.1841949823263029
难忘的岁月,,0.1841949823263029
集结号,,0.1841949823263029
雏菊,,0.1841949823263029
雪落牤牛河,,0.1841949823263029
雷锋,,0.1841949823263029
雾宅,,0.1841949823263029
霍比特人2：史矛革之战,,0.1841949823263029
霸王别姬,,0.1841949823263029
霹雳贝贝,,0.1841949823263029
青山翠谷,,0.1841949823263029
青春,,0.1841949823263029
青春&middot;com,,0.1841949823263029
青春小说,,0.1841949823263029
青春指南,,0.1841949823263029
青春的应答,,0.1841949823263029
青春祭,,0.1841949823263029
青红,,0.1841949823263029
青藏线,,0.1841949823263029
青蛇,,0.1841949823263029
静静的嘛呢石,,0.1841949823263029
非常主播,,0.1841949823263029
非常夏日,,0.1841949823263029
非常完美,,0.1841949823263029
非诚勿扰,,0.1841949823263029
非诚勿扰2,,0.1841949823263029
韩城攻略,,0.1841949823263029
韶山少年,,0.1841949823263029
预见未来,,0.1841949823263029
风云决,,0.1841949823263029
风暴突击者,,0.1841949823263029
飓风营救,,0.1841949823263029
飓风营救2,,0.1841949823263029
飓风营救3,,0.1841949823263029
飞天鱼,,0.1841949823263029
飞跃彩虹,,0.1841949823263029
首席执行官,,0.1841949823263029
香草,,0.1841949823263029
香螺岛的故事,,0.1841949823263029
香魂女,,0.1841949823263029
马兰花,,0.1841949823263029
马可波罗回香都,,0.1841949823263029
马奈的新娘,,0.1841949823263029
马背上的法庭,,0.1841949823263029
驯龙骑士,,0.1841949823263029
驯龙高手,,0.1841949823263029
骆驼祥子,,0.1841949823263029
高考1977,,0.1841949823263029
魔幻厨房,,0.1841949823263029
魔比斯环,,0.1841949823263029
魔法总动员,,0.1841949823263029
魔都爱之十二星座,,0.1841949823263029
魔鬼天使,,0.1841949823263029
魔鬼特遣队,,0.1841949823263029
鱼儿离不开水,,0.1841949823263029
鱼龙勇士,,0.1841949823263029
鲁迅,,0.1841949823263029
鹭语,,0.1841949823263029
鹰笛&middot;雪莲,,0.1841949823263029
鹰笛;雪莲,,0.1841949823263029
鹰笛雪莲,,0.1841949823263029
麦兜&middot;我和我妈妈,,0.1841949823263029
麦兜;我和我妈妈,,0.1841949823263029
麦兜响当当,,0.1841949823263029
麦特巴卜和大嘴,,0.1841949823263029
麦田,,0.1841949823263029
麻将棒棒手,,0.1841949823263029
黄海怀,,0.1841949823263029
黄石的孩子,,0.1841949823263029
黄色潜水艇,,0.1841949823263029
黄连有点甜,,0.1841949823263029
黎明行动,,0.1841949823263029
黑匣子,,0.1841949823263029
黑处有什么,,0.1841949823263029
黑太阳731,,0.1841949823263029
黑炮事件,,0.1841949823263029
黑猫警长,,0.1841949823263029
黑皮书,,0.1841949823263029
黑金,,0.1841949823263029
黑金风暴,,0.1841949823263029
黑骏马,,0.1841949823263029
龙凤呈祥（京剧）,,0.1841949823263029
龙凤店,,0.1841949823263029
龙在哪里？,,0.1841949823263029
龙旋风,,0.1841949823263029
龙舞金瓶,,0.1841949823263029
龙虎门,,0.1841949823263029
龙须沟,,0.1841949823263029
,2936771.1199999964,0.1841949823263029
侦探,8161.1,0.0005118661308080395
惊秫,77472.09999999998,0.004859068516814339
科教片,0.0,0.0
犯罪,905374.6999999998,0.05678531627115087
戏曲,505.7,3.1717624137631634e-05
励志,130330.0,0.008174328562107041
现实,400.2,2.510063907431319e-05
幻想,413.6,2.5941090257710984e-05
[],1200.9,7.532073329420967e-05
动作,6763539.27,0.4242107898081302
歌舞,72714.0,0.0045606393544468
公路,343016.10000000003,0.02151405128130565
黑帮,3639.3,0.00022825776057758122
家庭,434688.8,0.02726378480371392
魔幻,615309.0,0.03859232665711288
剧情,793965.2499999998,0.049797689099942116
功夫,30314.5,0.0019013326417248056
校园,27539.35,0.001727274574440747
黑色幽默,16.3,1.0223398723420916e-06
﻿爱情,56.0,3.512333303751971e-06
友情,63143.7,0.003960387864859345
纪实,107293.7,0.0067294863534423715
心理,57869.3,0.003629576243835963
亲情,292085.2,0.018319653133804556
主旋律,4613.01,0.0002893290830989443
都市,18660.4,0.0011703847210952371
革命,0.1,6.272023756699948e-09
浪漫,6224.9,0.000390427206830815
运动,36837.5,0.002310456751374343
真人秀,82232.0,0.005157610575609501
灵异,3733.8999999999996,0.0002341910950514193
战争,534924.9099999999,0.03355061743570581
职场,8100.6,0.000508071556435236
农村,1487.4,9.329008135715503e-05
黑色,83.0,5.205779718060956e-06
青春,832830.4599999997,0.05223532430423344
警匪,384897.91000000003,0.024140888354241587
记录,629.5000000000001,3.9482389548426176e-05
音乐,9135.490000000002,0.0005729801030909482
传记,185206.8,0.011616214495023758
历史,126703.31,0.00794686170372518
反腐,9532.7,0.0005978932086549359
儿童,69123.2,0.004335423525391218
悬疑,1196789.1100000006,0.07506289729679791
抢险,958.9,6.01424358029958e-05
灾难,275644.24,0.01728847221677502
爱情,3162264.2600000002,0.19833796563683181
武侠,137848.34,0.008645880633016516
纪录片,39020.07000000001,0.0024473480602809497
怀旧,354337.39999999997,0.022224125906872918
冒险,4716179.520000001,0.29579989990301764
奇幻,890376.13,0.05584460239758561
科幻,2635314.730000001,0.16528756592941313
文艺,74165.0,0.0046516464191565165
古装,380127.43999999994,0.023841683342535336
动物,71.8,4.503313057310562e-06
惊悚,1770134.880000001,0.11102328019923217
恐怖,49217.76,0.0030869495997155644
枪战,473.3,2.9685488440460852e-05
喜剧,4098325.2700000023,0.2570479345612374
动画,1395287.51,0.08751276410146716
同性,1147.9,7.19965607031587e-05
贺岁,90913.1,0.00570209122995238
西部,35893.3,0.0022512363030635827
