栀子花开,5550000
我们接吻吧,72200
大内密探灵灵狗,1230000
美国队长2：冬日战士,549000
热情奏鸣曲,139000
甜心巧克力,528000
孩子王,5410000
夺命旅行,876000
天降,30700000
神秘代码,913000
挑战者联盟,1310000
白狐,4980000
美男记,231000
幻体：续命游戏,1210000
特殊身份,5190000
小蚂蚁之环球大冒险,541000
记忆碎片,3960000
脱轨时代,688000
牛老汉的幸福生活,5110
一夜成名,5040000
声梦奇缘,109000
神剑传奇,65800
图兰朵,1540000
牧笛,1720000
花好月圆,14200000
宝贝当家,1100000
七月半之恐怖宿舍,212000
逃出生天3D,732000
向日葵,41900000
恶灵之门,397000
南口1937,341000
绝命逃亡,870000
爱情进化论,242000
霍比特人：史矛革之战,474000
犹太女孩在上海2：项链密码,59900
妈咪侠,201000
火海逃生,645000
无法证明,3220000
同城邂逅,884000
刺夜,152000
诡娃娃,290000
喋血神兵,12800
小猪班纳大电影之梦想大“帽”险,20700
致命请柬,156000
飞天鱼,203000
李献计历险记,482000
求爱嫁期,190000
大顺&middot;一九二七,1460
潜水艇,10200000
双胞胎,74600000
大片,92000000
像小强一样活着,212000
让我们西米吧,7660
寻找成龙,264000
碟仙诡谭,252000
地心引力,2670000
大寒桃花开,231000
黄金福将,301000
暴走吧，女人,1590000
绿茶,69800000
一路有你,3180000
神奇侠侣,833000
阳光灿烂的日子,3870000
滚拉拉的枪,49000
迷魂陷阱,240000
猛龙特囧,417000
铁线虫入侵,677000
别开门,587000
笛声何处,138000
情癫大圣,565000
圣斗士星矢：圣域传说,322000
黄石的孩子,232000
诡八楼,225000
81号农场之疯狂的麦咭,47200
双喜临门,5170000
锁里,3990000
忍者神龟：变种时代,908000
夜魔人,2060000
三个孬家伙,503000
“杏”福来敲门,284000
白蛇传（戏曲）,1770000
秋语,2550000
满汉全席,5580000
哆啦A梦：新·大雄的日本诞生,1290000
校花诡异事件,400000
朱大琴，请与本台联系,1510
万有引力,12800000
金色时光,930000
舌尖上的新年,1150000
十万个冷笑话,2490000
金牌流浪狗,651000
游龙戏凤,1280000
风暴突击者,98500
为爱放手,461000
平原游击队,605000
追踪长尾豹马修,138000
我童年的天空,6270000
第十九届上海国际电影节,152000
雨果,15200000
四大名捕,7090000
长江图,2600000
阳光留守,1760000
早见，晚爱,282000
滚蛋吧！肿瘤君,1560000
我们这一家,1200000
恶人报喜,702000
喜临门,4180000
大块头有大智慧,432000
国家利益,21100000
过界男女,415000
封神传奇,1730000
荒野猎人,1600000
哭恋,60300
目标战,184000
探灵档案,574000
我在路上最爱你,947000
我的播音系女友,848000
猪猪侠之终极决战,531000
Hello！树先生！,439000
门,100000000
我的七年,1640000
细菌大作战,1000000
平凡之路,2180000
我的23岁,114000
红色警戒999,824000
致命诱惑,3720000
兵临城下,5830000
谁的青春不热血之深流不息,1090000
侠僧探案传奇之大夜叉,60900
双重追击,153000
万箭穿心,1450000
魔镜奇缘,783000
全城通缉,575000
十五岁的笑脸,1510000
电子情书,521000
分手不分手,63500000
我的战争,18200000
南京！南京！,100000000
重返大海,365000
自我救赎,1300000
时光恋人,1270000
妈妈让我再爱你一次,107000
睡在我上铺的兄弟,1420000
太空熊猫历险记,369000
天若有情,3040000
21岁派对,235000
故园秋色,37200
阿童木,4280000
千锤百炼,6330000
兰梅记,36800
天亮了,7900000
特种部队,15500000
虐面人之死灵面膜,136000
我就是我,10400000
北京爱情故事,3240000
爱情不等式,1070000
舞台姐妹,374000
上学路上,2710000
打擂台,3190000
新红河谷,1160000
吴哥的微笑,428000
马小乐之玩具也疯狂,548000
黑衣人3,1290000
六壮士,425000
不再让你孤单,713000
双子神偷,253000
喜羊羊与灰太狼之羊年喜羊羊,1280000
北京·纽约,3680000
星星的梦,51100
匆匆那些年,2070000
勇士,79700000
笔尖沧桑,2010
丛林之王,789000
开心超人2启源星之战,66900
最后一课,3340000
王者之心,709000
宝贝快跑,869000
环游地球80天/80日环游世界,13600
铁血大动脉,99000
宾虚,51800000
欲望森林,960000
一号目标,1150000
三笑之才子佳人,373000
猪猪侠之囧囧危机,253000
六扇门之绝战,86800
赛尔号大电影3之战神联盟,583000
无用,74000000
末日情人,1160000
空山鸟语,858000
功夫之王,1740000
喜羊羊与灰太狼之兔年顶呱呱,227000
太平轮：彼岸,805000
枕边有张脸,1420000
一家老小向前冲,377000
妮莎罕,727
我的老公是卧底,1500000
潜艇总动员2,575000
功夫世家,331000
纯真年代,3110000
红高粱,8050000
我和我们,25300000
熊出没注意,274000
飓风营救3,1570000
飓风营救2,1700000
金钱帝国,889000
杨善洲,1880000
毛丰美,569000
风暴,84100000
冰雪奇缘,5170000
守望女,31400
老井,1960000
穿越火线,78900000
我的1000万,716000
寄生兽,6820000
日本沉没,456000
美丽的夜晚,9490000
终极审判,324000
小巷总理,278000
被风吹过的记忆,495000
乱世护宝,1140
饥饿游戏2:星火燎原,449000
有招没招,931000
天边的孩子,1570000
找个高富帅,1400000
多梦季节,15600
挑战者,18200000
城市门,3410000
云的模样,3070000
战金刚,13100
狄仁杰之通天帝国,685000
母亲的飞机场,1030000
蜡笔总动员,492000
山乡书记,26300
蝴蝶飞,2540000
水墨大别山,32000
陪安东尼度过漫长岁月,825000
黑太阳731,274000
大唐风云,234000
惊爆红色十月,68100
隋朝来客,205000
第一眼爱情,1080000
午夜43路,57200
天亮以后不分手,101000
幸福中转栈,20200
后会无期,13300000
单身男女2,1180000
犀利人妻,466000
我要你开花,311000
玩命追踪,176000
B区32号,414000
太极先锋,602000
魁拔之大战元泱界,237000
再见巨人,725000
老百姓是天,4060000
摩纳哥王妃,813000
消失的爱人,1050000
我是你的野蛮女友,301000
生死传递,381
上海“文学与电影”展映活动,29400
穿越硝烟的歌声,371000
斗艳,16900000
天云山传奇,278000
我的诗篇,2310000
制服,80600000
皇帝的新装之圣诞大明星,1720000
猩球崛起,2360000
工作及累,844000
孤胆特工,343000
爱情的捉弄,1310000
死亡游戏,2380000
寻找心中的你,250000
大道如天,47800
岁月无声,1270000
库布里克回顾展,1620
精武风云陈真,370000
扬起你的笑脸,40200
探秘者,267000
红鹰侠,141000
致命闪玩,171000
末日迷踪,376000
精武青春,671000
床下有人,848000
疯狂动物城,2950000
第三种爱情,1680000
蓝色骨头,482000
叛逆女特工,2890
钱学森,7920000
男左女右,3200000
大城小事,3150000
龙之谷：破晓奇兵,522000
欲链迷情,125000
越光宝盒,1540000
爱情攻略,436000
大话西游之大圣娶亲,753000
爱的钟声,1670000
杨贵妃,11200000
真相禁区,925000
超验骇客,522000
异种,14400000
0.5的爱情,7000000
人在囧途,1680000
昆塔;盒子总动员,168000
痞子;洛克,365000
天河,77500000
全城高考,1010000
234说爱你,1020000
秘岸,161000
七品知县进道观（豫剧）,1830
乐队,76900000
血滴子,5870000
高铁英雄,974000
邓小平,83600000
卧虎藏龙：青冥宝剑,1210000
喜羊羊与灰太狼之飞马奇遇记,457000
深海挑战,736000
重返十八,616000
梦想合伙人,1180000
逆袭,70900000
铁血精英,446000
神偷奶爸2,1780000
爸爸回家,22400000
爱无界,351000
唐人街探案,2240000
投名状,3090000
基因决定我爱你,261000
绅士大盗,140000
吴仁宝,1000000
迷魂之密室逃脱,250000
将离草,159000
第七种味道,15100
夺命枪火,326000
白蛇传说,1260000
火线反攻,325000
凤凰,100000000
父子,79200000
白雪公主之矮人力量,922000
狄仁杰之神都龙王,834000
王子与108煞,653000
巴啦啦小魔仙,6540000
杀手欧阳盆栽,162000
街头杀手,148000
湄公河行动,7090000
丛林有情狼,738000
情归鹭岛,21200
我的渡口,285000
守信少年,2030000
危险关系,1950000
盗非盗,7070
洗澡,98700000
星际迷航3：超越星辰,2340000
生死牛玉儒,110000
平安岛,219000
灵臆事件,151000
天琴,4210000
宝葫芦的秘密,1760000
两个人的房间,167000
摩登年代,834000
举起手来,6760000
全球热恋,1060000
电商时代,2250000
太平轮（上）,52700
回到原点,4250000
美国队长3,1560000
跑过罗湖桥,19500
红鹰突击队之狙击,4350
黑骏马,938000
冲锋车,754000
夏日示爱,528000
蚁人,3220000
单亲宝贝,899000
爸爸的晚餐,2880000
双城计中计,288000
3D食人虫,223000
花都之恋,21500
B+侦探,764000
坏蛋必须死,1050000
夜莺,5760000
彩票也疯狂,87800
龙门飞甲,2250000
安娜卡列尼娜,2660000
鱼儿离不开水,443000
北京遇上西雅图,1600000
飞天,65700000
万万没想到,48000000
锦衣卫,5380000
小城之春,957000
去年夏天,6760000
猪猪侠之勇闯巨人岛,84900
雏菊,11900000
天亮分手,1610000
窃听风云,2440000
老刘的婚路历程,18700
如果没有你,4700000
喜乐长安,610000
大魔术师,1440000
激浪青春,352000
坚不可摧,6340000
完美超越,2440000
美丽笨女人,259000
告诉他们，我乘白鹤去了,121000
春田花花同学会,195000
夜&middot;店,10100
伞头和他的女人,15800
闺蜜2,3180000
黑皮书,655000
爱我就陪我看电影,811000
霍比特人：五军之战,867000
熊猫大侠,736000
木偶传奇,997000
老警,796000
桂宝之爆笑闯宇宙,643000
麻辣白玉堂之致命棋局,1850
斗龙战士之星印罗盘,598000
我老公不靠谱,2530000
铁三角,9130000
我的特工爷爷,1510000
医缘,180000
爱神,24700000
我们天上见,190000
海底大冒险,629000
雾宅,109000
夜半歌声,1060000
罗西与莫妮卡之骊靬情,143000
阿凡提和阿瓦提,3410
醉后一夜,502000
飞跃地心,90100
火山对对碰,168000
荒村怨灵,349000
老师也疯狂,2120000
前任2：备胎反击战,1240000
唐山大地震,5710000
人在征途,897000
小战象,300000
201413,318000
杨梅洲,117000
珍珠港,9160000
武术之少年行,135000
找乐,3680000
大漠赤诚,633
千里追踪,607000
斑马总动员,373000
余之香,232
小西天狄道传奇,191000
英雄本色,6520000
完美的爱,663000
新康定情歌,65100
少年毛泽东,1740000
第六届北京国际电影节进口展映影片2,89500
第六届北京国际电影节进口展映影片1,91500
极乐空间,1080000
第六届北京国际电影节进口展映影片4,91000
无间道,11400000
三小强,3580000
碟中谍,9010000
爱之初体验,794000
低碳爱情,1020000
花咒,209000
假装看不见之电影大师,433000
真假铁马骝,3460
保山,55900000
小飞侠：幻梦启航,268000
玩命魔术,193000
大红灯笼高高挂,1590000
阿里巴巴大盗奇兵,296000
荒村公寓,316000
初恋未满,360000
新步步惊心,1430000
零点杀机,203000
郭明义,1650000
我和红七军,26500
侨女日记,5850
喜羊羊与灰太狼之虎虎生威,377000
猫脸老太太,905000
从你的全世界路过,8920000
柠檬,87100000
非常主播,414000
轩辕大帝,694000
宝贝女儿好妈妈之吃记忆的大雪球,28200
女人不坏,1050000
始祖轩辕,130000
守望未来,982000
秦时明月3D电影龙腾万里,164000
忠烈杨家将,630000
使徒行者,7700000
御前侍卫,823000
剑齿王朝,21600
山河故人,2730000
西游记之孙悟空三打白骨精,1590000
名侦探柯南2012：第11人的前锋,981000
里约大冒险2,2320000
腊月的春,50000
精灵旅社2,409000
人再囧途之泰囧,1270000
武当少年,841000
乡间童谣,31900
不能说的夏天,1530000
抢劫坚果店,295000
海浪,28600000
实习生,80000000
王牌,73400000
铁血,54800000
启功,5860000
看上去很美,3830000
无脚鸟,366000
二十二,69200000
战争狂人,902000
三伏天,20500000
对风说爱你,438000
有话好好说,4150000
放手爱,324000
夏有乔木 雅望天堂,2100000
大追捕,2580000
北京;纽约,2730000
我爱你,87000000
蜜月计划,1520000
魔鬼特遣队,82000
反贪风暴,21000000
机器纪元,1840000
刀,100000000
意外的恋爱时光,525000
巴啦啦小魔仙之魔箭公主,361000
光荣使命,2540000
王朝的女人;杨贵妃,1320000
老表轶事（花鼓戏）,1870
侠盗魅影,207000
三毛流浪记,2300000
美人鱼,70900000
冰川时代4：大陆漂移,107000
兔侠传奇,894000
精武风云&middot;陈真,36200
极速蜗牛,532000
爱你不等来生,115000
熊出没之雪岭熊风,1450000
藏地桃花,462000
喜剧王,14300000
王朝的女人·杨贵妃,1300000
镇海保卫战,125000
云水谣,4120000
好好活着,6670000
岁月神偷,2980000
白方礼,134000
十月阳春,94500
那件疯狂的小事叫爱情,989000
宫锁沉香,1450000
银杏之梦,416000
笑功震武林,191000
黄连有点甜,11400
哺乳期的女人,285000
轻羽飞扬,126000
爱开始的地方,168000
二十四城记,263000
千机变2,1040000
痞子&middot;洛克,256
魔都爱之十二星座,45700
神偷特工,133000
敏感事件,2450000
我的影子在奔跑,187000
早安，冬日海,210000
叶问2 宗师传奇,24500
爱在星空下,1240000
四大名捕大结局,792000
别说抱歉，别说再见,100000
小鱼吃大鱼,3980000
国徽,6760000
老炮儿,15800000
龙凤呈祥,2630000
女蛹,409000
叶问前传,397000
爱·回家,16500000
黑暗中的救赎,2040000
诡打墙,239000
鄂尔多斯骑士,749000
千里走单骑,2440000
三人行,26300000
超能陆战队,1920000
何帅的爱情,1100
爱情不NG,134000
白银帝国,451000
傲慢与偏见,7800000
那岁月—刻骨铭心,3380
我心雀跃,76400
速度与激情5,1320000
速度与激情6,1290000
速度与激情7,1570000
疯狂的赛车,825000
别跟我谈高富帅,139000
山娃,247000
大电影2.0之两个傻瓜的荒唐事,56800
小兵张嘎,2700000
竹儿潇潇,136
西游新传2：真心话大冒险,71000
龟兔再跑,102000
爱情麻辣烫,968000
超强台风,9750000
铜雀台,4930000
长大成人2013,1390000
我的野蛮女友2,1090000
云图,7760000
北京时间,73300000
荒村客栈,387000
美人鱼之海盗来袭,958000
祈祷,50300000
鱼龙勇士,279000
暴力街区,2760000
约定倒计时,246000
夺命手机,1210000
夜半哭声,753000
寻找声音的耳朵,1000000
城南庄1948,33100
美国骗局,1740000
樱桃,77100000
天机·富春山居图,381000
真爱,82600000
金太狼的幸福生活,474000
我的早更女友,537000
门徒,14700000
十万火急,9360000
恋爱教父之三个“坏”家伙,187000
无处可逃,4940000
功夫,95800000
墨攻,1080000
天上人,744000
勿忘初心,3020000
火星救援,1560000
诺亚方舟漂流记,1210000
枪过境,144000
暴躁天使,909000
乡村不寂寞,394000
人间正道,1250000
终极匹配,152000
临时约定,1690000
庞贝末日,638000
月圆凉州,16200
梦寻桃花源,69200
无影剑,821000
微风吹乱蜗牛心,7810
第十九层空间,126000
拼爹年代,1030000
家园防线,848000
六弄咖啡馆,2130000
成记茶楼,114000
爱在他乡,153000
风云1927,788000
麦兜当当伴我心,210000
男生贾里新传,136000
大灌篮,2050000
天际浩劫,515000
沈园情,57500
破局,11800000
疯狂外星人,925000
邓小平登黄山,574000
凤凰谷,1800000
观音山,9560000
伴你高飞,155000
美人草,251000
雨中的树,3030000
庐山恋,855000
白毛女（歌剧）,82000
爱在深秋,4290000
考拉大冒险,398000
激战黎明,610000
珠城之恋,6060
圣诞树2,1660000
午夜惊魂,876000
夜&middot;上海,7530
母亲的眼睛,536000
小事大爱,81100
色&middot;戒,5670
无人驾驶,25200000
金刚狼2,1220000
十全九美,916000
谍影重重5,1250000
喜羊羊与灰太狼之牛气冲天,561000
小虎斑斑,39900
阳光总在风雨后,4080000
飓风营救,2170000
村曲悠扬,25
毒战,1230000
浮城谜事,331000
顾景舟,1610000
我会守着你,215000
全金属裂痕,19500
暗杀,71000000
人间·小团圆,221000
喝彩,32800000
情比山高,277000
极度险情,32200
遍地狼烟,709000
逆袭的青春,2510000
缘来是游戏,34500
德吉的诉讼,18700
那些年，我们一起追的女孩,7820000
我的处女地,50000
血彩,160000
浪漫天降,1320000
宝贝，对不起,3040000
谎言西西里,1060000
通道转兵,201000
香螺岛的故事,76
我的老婆是明星,3330000
不需要初恋的夏天,1310
清明,80400000
绝地逃亡,14700000
移动迷宫2,135000
可爱的你,2220000
手风琴,8220000
超能查派,624000
红河,54600000
超蛙战士之威武教官,135000
全能囧爸,122000
拳霸风云,420000
丢羊,173000
宙斯之子：赫拉克勒斯,676000
恋爱大师之让红包飞,11500
精灵王座,1130000
不速之客,13500000
复仇者联盟2：奥创纪元,1120000
武林外传,69200000
骇战,215000
女人要爱,10600000
孽海恩怨,36000
赤道,35200000
逆境王牌,334000
花田囍事2010,151000
老阿姨,2080000
万物生长,6080000
天使不寂寞,113000
虹飞千岛,3200
青春真好,922000
晚秋,34200000
诡影迷情,151000
无间罪：僵尸重生,103000
蹴鞠,2410000
妈妈别哭,1810000
法国电影展,529000
囧贼,213000
列车惊魂,77100
四大名捕2,1160000
摇滚水果,881000
地球四季,4350000
越位者,177000
小英雄雨来,711000
变身超人,2370000
月亮湾的笑声,119000
哆啦A梦06剧场版：大雄的恐龙,122000
危机行动,4140000
青春派,2000000
可爱的中国,1310000
轮回规划局,25100
北京遇上西雅图之不二情书,2060000
梦非梦,340000
钟馗伏魔：雪妖魔灵,1180000
摩尔庄园3：魔幻列车大冒险,165000
母语,18000000
农谷之恋,9420
高考1977,1000000
变节-潜罪犯,181000
说说美丽世界,25600
天使：生命处方,277000
超体,3760000
天亮&middot;分手,999
香魂女,383000
剩者为王,1980000
露水红颜,681000
中国好声音之为你转身,131000
王后秘史,142000
换爱七日,151000
心咒,4180000
惊天危机,821000
女巫季节,283000
新木偶奇遇记,6520000
爱拼北京,980000
缘来是咱俩,173000
战火中的芭蕾,406000
我是乡下爷,465000
每当变幻时,364000
喜羊羊与灰太郎之牛气冲天,5480
绝命海拔,817000
精舞门,775000
为了这片土地,2380000
模仿游戏,3040000
非诚勿扰,70600000
生死足球赛,628000
天生爱情狂,481000
心迷宫,2120000
玩命速递：重启之战,572000
夜袭,8930000
太行山上,3130000
爱&middot;在路上,3390
在世界中心呼唤爱,648000
大有前途,895000
姑娘,98800000
孕城,19900
年兽大作战,545000
花漾,6130000
我最好朋友的婚礼,2310000
木偶情缘,111000
男人制造,3590000
止杀令,342000
追梦英雄,25800
异冢,72800
桃姐,2080000
名侦探柯南2011：沉默的15分钟,353000
奇迹宝宝,2090000
潜龙风云,626000
爱丽丝梦游仙境2：镜中奇遇记,1490000
天生有福,194000
我要成名,359000
深情约定,283000
恋爱通告,690000
遗落战境,795000
商魂,133000
因为谷桂花,47500
梅花,83300000
赛尔号之寻找凤凰神兽,134000
红包,80700000
日本战犯忏悔备忘录,117000
当爸爸来敲门,2310000
喜洋洋,15000000
逗鸟外传：萌宝满天飞,1490000
一代宗师,11800000
西柏坡2：王二小,76700
天地告白,892000
兰亭,29800000
冬,100000000
浮云,44600000
村支书金岚岚,2210
秘术,8910000
莫斯科离大同不远,12600
青蛙总动员,501000
邋遢大王奇遇记,563000
行歌坐月,143000
租婚男女,3080
雷锋,76900000
我爱灰太狼,1560000
路边野餐,1300000
顾家姆妈,3200
星球大战：原力觉醒,1460000
请柬,22100000
十万伙急,176000
大明劫,272000
第三届丝绸之路国际电影节（福州分会场）,61600
功夫小龙,435000
狂舞派,300000
钢铁玫瑰,522000
我的父亲母亲,2040000
末日浩劫,775000
有一天,100000000
柴生芳,194000
窃听风云3,1040000
将错就错,3930000
黑处有什么,13100000
猎物,26200000
闯堂兔,12200000
天生狂野,160000
恐怖禁忌之红旗袍,405000
太阳总在左边,41600
抱养奇缘,45700
她们的名字叫做红,236000
沉默的夏天,4420000
民工&middot;老大&middot;老板,1670
椰岛警魂,1560
疯狂原始人,2080000
爱情银行,1360000
碟中谍5：神秘国度,983000
逗鸟外传,2880000
自古英雄出少年之岳飞,156000
北极,78200000
我最好的朋友江竹筠,59000
天之恩赐,108000
果宝特攻之水果大逃亡,687000
丝路英雄·云镝,398000
收藏记忆的角落,800000
赤裸的微笑,92900
通灵神探,345000
太空熊猫总动员,1030000
走进西藏,512000
破坏者,5850000
亲兄弟,10500000
浩昊文字国历险记--大闹无字城,27500
老男孩之猛龙过江,748000
谁偷了我的菜,31700
生死缉毒,388000
非秀不可,72500
静静的嘛呢石,82300
亚瑟和他的迷你王国2,211000
红粉,9720000
龙在哪里？,8580000
疯狂丑小鸭,969000
鸣梁海战,793000
2016国家大剧院国际歌剧电影展,55800
我的狗狗我的爱,84600
三个未婚妈妈,470000
喜马拉雅天梯,361000
似水流年,9610000
迫在眉睫,18600000
谜城,1710000
阿里巴巴2所罗门封印,47300
前目的地,1910000
十二星座离奇事件,193000
狼兵吼,2570000
叶问3,1360000
给太太打工,106000
天地逃生,253000
追凶者也,2720000
高海拔之恋2,253000
幸福梦想,9510000
北京纽约,3350000
平壤之约,176000
青春,100000000
武昌情殇,12100
东邪西毒:终极版,340000
倔人吕尚斌,21000
三岔口,2350000
美姐,666000
奥赛罗,1320000
白雪公主之魔镜魔镜,297000
王牌情敌,216000
俐侎阿朵,93200
帝企鹅日记,870000
十月初五的月光,974000
孙中山,28300000
等一个人咖啡,576000
午夜出租车,2050000
喜羊羊与灰太狼之开心闯龙年,936000
怪谈,14200000
卡拉是条狗,376000
踏雪寻梅,1950000
我和神马查干,10400
一生有爱,1720000
分手大师,1440000
非常绑匪,988000
最美的承诺,698000
寻找女神·娇阿依,5480
昆虫总动员（法国）,39200
西游新传,206000
对岸的战争,62400
益西卓玛,130000
自行车,98500000
江山美人,2180000
玫瑰天涯,30500
天下无双,3020000
精灵旅社,674000
情缘廊桥,46500
老五的奥斯卡,148000
小街,12100000
咱们是亲人,3860000
妖医,1590000
冲锋号,3580000
一座城池,1910000
冰川时代：星际碰撞,1820000
暗恋99天,23600
智取威虎山(动画版),103000
大李小李和老李,143000
家有虎妻,155000
乌龙戏凤2012,257000
凤凰台,4420000
无敌小子霍元甲,33100
神兽金刚之青龙再现,1130000
水晶女孩,1960000
旅行离婚,2160000
新扎师妹2之美丽任务,108000
铁马飞扬,95200
黑猫警长,5030000
满园春色,3110000
黄河,93000000
云上太阳,190000
速度与激情,24400000
天上的菊美,93300
画壁,2520000
诡新娘,1360000
大地赤子史来贺,80400
赚够一千万,83600
奥林匹斯的陷落,764000
唇唇欲动,994000
孪生密码,107000
我不是王毛,65600
潜艇总动员4：章鱼奇遇记,117000
痞子洛克,31500
鹰笛&middot;雪莲,1100
亲亲海豚,92200
宝米恰恰,820000
咒丝,81400
海上传奇,1060000
独立日：卷土重来,1720000
新加坡电影周,2630000
催眠大师,1120000
巴啦啦小魔仙之魔法的考验,731000
太空营救,212000
王牌特工：特工学院,1910000
禁锢,20800000
生化危机5：惩罚,895000
借你俩胆,183000
摇滚藏獒,1160000
岛囧,720000
兔侠之青黎传说,134000
老人，孩子和外国人,1990000
下一个奇迹,2800000
逆转胜,1160000
篮球小皇帝,1290000
乐乐熊奇幻追踪,71200
既然青春留不住,1060000
记忆望着我,3860000
胜利大阅兵,1480000
重生爱人,616000
阿里巴巴所罗门封印,156000
情敌蜜月,610000
狼图腾,6840000
民工;老大;老板,141000
大力神3D,1020000
第601个电话,814000
凡人烦恼,232000
见习警员白忆男之初来乍到,9770
爱情碰碰撞,2670000
特功明星,798000
百鸟朝凤,9500000
谁动了我的梦想,1200000
最青春,2220000
塔洛,585000
爱&middot;你别走,209
小时代：青木时代,605000
边区造,55200
骆驼祥子,5550000
马奈的新娘,51400
炮制女朋友,372000
娘家人,7430000
1980年代的爱情,628000
八星抱喜,272000
野蛮秘笈,162000
半夜叫你别回头,959000
风口青春,1040000
情为何物,3860000
香草,30600000
405谋杀案,191000
史努比：花生大电影,676000
痞子·洛克,372000
忘了去懂你,1560000
这里是新疆,310000
警至情归,1480
警察日记,170000
大武当之天地密码,46200
党的女儿尹灵芝,275000
民工·老大·老板,140000
那年我对你的承诺,518000
返乡,33800000
青蛇,5240000
大鱼海棠,15200000
有种,87100000
电梯惊魂,667000
海绵宝宝,35200000
里耶情简,2010
午夜凶梦,170000
头脑特工队,1250000
杨光的快乐生活,434000
绝战,512000
斐济99℃爱情,42700
北京遇上西雅图之,1580000
极速天使,287000
上海公园,254000
青蛙王国之冰冻大冒险,342000
满城尽带黄金甲,2420000
巴黎宝贝,313000
母亲,100000000
博物馆奇妙夜3,910000
铠甲勇士之帝皇侠,770000
天堂之吻,501000
龙虎门,1240000
吉祥宝宝之我是食神,52500
破五,1370000
手牵手,10800000
桔子的天空,1100000
旋风小子,663000
水滴之梦,16900
智取威虎山3D,845000
索命暹罗之按摩师,202000
我的青春期,1340000
辛亥革命,22600000
厨子程天喜,25100
十个约定,560000
大兵金宝历险记,58000
终极挑战3,90000
舞出我人生2,844000
劫案迷云,1050000
夏日恋神马,323000
时尚女郎之女人江湖,68900
太极侠,322000
女汉子真爱公式,1060000
放牛班的春天,2270000
伙头福星,133000
港囧,22600000
七月半2：前世今生,1140000
勇闯16街区,146000
水果宝贝之水果总动员,596000
怪兽大学,1280000
毕业那年,1950000
姨妈的后现代生活,416000
少女灵异日记,71400
布基兰小站的腊八夜,1280
铠甲勇士之雅塔莱斯,287000
非狐外传,235000
守卫者,8400000
动物总动员,543000
男式女子足球队,423000
跑出一片天,226000
恶棍天使,1610000
葫芦兄弟,5810000
导火线,6530000
追爱大布局,49500
极地大冒险2,147000
不再说分手,1790000
冷瞳,856000
通天塔,2660000
007：幽灵党,1410000
小黄人大眼萌,1050000
石榴树上结樱桃,203000
魁拔Ⅲ战神崛起,1100000
龙骧虎跃,67100
诡镇,208000
超越那一天,58900
疯狂的导演,4870000
不会再有明天,68300
我不是贼,79800
黑匣子,7450000
非常夏日,177000
生日历险,874000
终极胜利,630000
推拿,45300000
洛克王国！圣龙骑士,317000
遥远的拥抱,4120000
塞外长风,7000
警察故事2013,994000
西游记之大圣归来,1620000
大峰祖师,271000
高举爱,137000
巴黎危机,1030000
春娇与志明,1060000
心曲,2230000
幸运组合,1280000
百变星君,836000
弹无虚发之对决黄金谷,16900
我们结婚吧,4420000
消失爱人,3400000
劳拉的星星在中国,42000
盗剑72小时,16900
草原战士,2630000
天钟,701000
沂蒙六姐妹,268000
洛杉矶捣蛋计划,450000
今天明天,17100000
从哪来，到哪去,2250000
传奇状元伦文叙,29200
平安之盾,88600
终极硬汉,1160000
蝙蝠别墅,727000
姐姐词典,855000
一个老师的学校,43200000
借兵,1210000
还魂之迷失曼谷,182000
丰年,9710000
奇缘灰姑娘,1420000
木星上行,861000
回到被爱的每一天,1000000
关云长,3260000
斗茶,1670000
小羊肖恩,2410000
枪王之王,715000
鲁迅,81600000
我的新野蛮女友,284000
女神跟我走,788000
侏罗纪世界,1970000
分手达人,907000
麦兜·我和我妈妈,314000
辛巴达历险记2,123000
昆塔盒子总动员,128000
霍比特人1：意外旅程,84200
走出西柏坡,51200
我只要我们在一起,257000
18岁18天,742000
蒸发太平洋,983000
闹在碗中,1540
双旗镇刀客,267000
总统浪漫史,92600
阿诗玛,2830000
黄飞鸿之英雄有梦,899000
闺蜜,74500000
龙舞金瓶,7800
爆裂都市,132000
重返地球,1230000
雨夜惊魂,454000
龙骑侠,3850000
梦游3D,969000
禁忌游戏之迷藏,131000
我们诞生在中国,2780000
英雄,100000000
狗十三,94400
婚礼及其他自然灾害,43900
玉观音,2590000
青涩日记,704000
瓯柑之恋,1220
我是狼之火龙山大冒险,45400
二子开店,200000
X战警：背水一战,316000
赛尔号5：雷神崛起,463000
火童,124000
大话西游之月光宝盒,1250000
兔子镇的火狐狸,809000
惊魂电影院,330000
浩劫惊魂,193000
蓝精灵2,1310000
六福喜事,412000
新大祭桩,302000
浅蓝深蓝,215000
对不起，我爱你,5750000
刺客聂隐娘,1340000
刺猬小子之天生我刺,1070000
麦兜响当当,662000
无间道2,1440000
无间道3,1430000
窒息,75900000
好运，特克斯,5770
黄海怀,84700
红色满洲里,30300
石斛兰,1070000
火龙对决,176000
活着,93300000
泰迪熊之玩具大战,205000
神秘世界历险记3,1460000
白鹿原,6390000
昆塔：盒子总动员,170000
七小罗汉,346000
快乐到家,2350000
大富之家,704000
东方大港,676000
钢刀,4390000
海洋之歌,1870000
星星之火,8570000
照见,8730000
花香,67300000
集结号,22500000
重来,60500000
练胆儿,371000
盗墓笔记,66600000
击战,4530000
百家乐翻天,305000
孔雀,71300000
愤怒的小孩,4260000
浩昊文字国历险记之智斗谜语城,7550
社区主任,4590000
梦幻岛,3000000
年少轻狂,7950000
聪明小鬼斗笨贼,62600
龙旋风,182000
战鸽快飞,143000
新娘大作战,3050000
公路美人,242000
狂野非洲,354000
致命黑兰,207000
陆垚知马俐,4940000
王朝的女人&middot;杨贵妃,723000
桃枝的桃,23300
越来越好之村晚,239000
逃亡战士,579000
楼,100000000
打开天窗说亮话,862000
锦绣前程,2310000
马可波罗回香都,85900
末代皇帝,4370000
公主复仇记,286000
龙凤呈祥（京剧）,674000
极品飞车,25000000
我的老婆是只猫,659000
王朝的女人杨贵妃,1150000
钱在路上跑,1330000
回家,100000000
大话西游3,22100000
情剑,1550000
国王的演讲,1740000
张震讲故事之鬼迷心窍,364000
提款机,6710000
奇袭胡家台,287000
星际穿越,3280000
变脸,32600000
泡菜,27300000
九条命,10800000
绝对底线,1300000
搞定岳父大人,330000
解救吾先生,1600000
生化危机4,1920000
情满人间,464000
永不消失的广播,57300
洛克王国3：圣龙的守护,317000
全力扣杀,299000
恭喜发财之谈钱说爱,361000
2016年国家大剧院国际歌剧电影展,59500
如此荒唐,311000
狼少年,1500000
钢铁侠,22400000
青春笔记,1770000
老外,78000000
触不可及,2060000
等你追我,673000
五女拜寿,948000
神通佛影,161000
石器时代之百万大侦探,183000
古路,1640000
相伴库里申科,45800
阿凡达,12500000
牛胆神偷,167000
白石山下一家人,58
一个和八个,337000
五月的声音,36200
落经山,156000
N见钟情,1150000
午夜微博,1060000
霸王别姬,8330000
狙击时刻,246000
我爱高大全,164
寒战2,1800000
生死格斗,563000
幸运是我,2130000
非常父子档,93600
谍战锦屏山,6810
爱情斑马线,82600
奈河,423000
替身传奇乐翻天,126000
我的男男男男朋友,18900000
圣杯神器：骸骨之城,366000
星爸奇缘,114000
荒村凶间,156000
恋爱中的城市,390000
玩命剧组,825000
猎仇者,283000
喵星少年漂流记,363000
糖果世界大冒险,1230000
开心家族,564000
赤壁(上),1890000
挪威的森林,3050000
在一起,100000000
阳光舞台,2380000
太阳照常升起,1600000
乡村里的中国,2590000
少林英雄,243000
坏姐姐之拆婚联盟,473000
地下追击,865000
我的左手,1490000
霍比特人2：史矛革之战,347000
奔爱,2210000
钢铁侠2,1420000
钢铁侠3,1470000
秘密花园,12600000
分裂1：906号患者档案,16600
青春&middot;com,57800
七彩田野,110000
神通乡巴佬,326000
二次曝光,1300000
星爸客,92200
云中行走,689000
男神时代,1000000
一万年以后,798000
山村趣事,104000
铁人,17700000
灯塔下的恋人,902000
味道中国,5510000
非常营救,1220000
地心营救,492000
爱神有泪,4210
2015年1月艺术影院国产片,64000
完美人生,2410000
盗走达芬奇,252000
美丽乡愁,958000
陌路惊笑,207000
夜幕惊魂,222000
山村母亲（戏曲）,6430
萧红,3580000
美国队长3：英雄内战,2020000
甜蜜杀机,464000
男得有爱,1390000
刘老庄八十二壮士,209000
异星战场,510000
等爱归来,865000
大山之恋,34000
永无止境,13100000
我老婆是明星,3200000
渴望的青春,6090000
早春二月,1040000
永远的守望,2590000
半熟少女,883000
不可思异,2290000
特种部队：全面反击,657000
莫日根,448000
鹰笛;雪莲,44100
我为太极狂,134000
断片儿,665000
报国之路,1000000
恋爱排班表,522000
第一次的亲密接触,2290000
梦之春,34000
焦裕禄,7910000
幸福快递,3340000
大唐玄奘,2120000
绿草地,1580000
六扇门之玄武初现,62600
天黑请闭眼,1480000
饥饿游戏3：嘲笑鸟（下）,2310000
回到爱开始的地方,78700
搏击迷城,996000
痞子英雄之全面开战,227000
给你一千万,6170000
4B青年之4楼B座,182000
城市游戏,8130000
煎饼侠,18800000
我的母亲,12400000
生死船票,308000
精英部队：大敌当前,249000
麦兜我和我妈妈,415000
双人床条约,222000
默守那份情,16200
路口,100000000
一代宗师3D,1060000
2014艺术影院第一批篇目,27600
乌龟也上网,45400
我是奋青,48200
电影儿女（豫剧）,557000
判我有罪,669000
玩命狙击,118000
我坚强的小船,1630000
县委书记焦裕禄（豫剧）,22900
新东方神娃,1130000
手机,100000000
怨灵,4050000
再见，在也不见,649000
谁说我们不会爱,1780000
盗马记,374000
命中注定,21200000
古城会,463000
2012 3D,9700000
死亡迷局,771000
太空一号,767000
老人,100000000
迷城,12900000
2016新西兰电影节,900000
精武风云,691000
森林孤影,106000
爱，很美,3480000
这里，那里,32500000
反贪风暴2,1190000
暴走神探,839000
终结者2018,1140000
环形使者,460000
冲上云霄,21000000
森林战士,1420000
硬汉2奉陪到底,332000
大海啸之鲨口逃生,234000
大话东游之一,2780
河东狮吼2,1150000
完美婚礼,1570000
叶问：终极一战,347000
笔仙撞碟仙,866000
一不留神,2270000
怖偶,5670000
魔都凶音,1030000
魔境仙踪,828000
失控,74600000
周恩来的四个昼夜,704000
向日葵女孩,960000
我的康乃馨,239000
古曼,1570000
超级保镖,4610000
夺命地铁,816000
80’后,24700000
有一个地方只有我们知道,321000
火影忍者剧场版：博人传,926000
绝密跟踪,261000
道口烧鸡铺,183000
武侠,74400000
三分钟先生,112000
天各一方,4130000
一兵一卒,1340000
好人常慧珍,15400
李小龙我的兄弟,1170000
三国之见龙卸甲,175000
逆光飞翔,637000
敢死队3,1470000
敢死队2,1470000
道士下山,1970000
没完没了,15400000
爵迹,60700000
美国队长,3070000
阴阳先生之末代天师,825000
世纪大阅兵,69900
东北偏北,994000
我是证人,5810000
咏春小龙,88500
外公芳龄38,1350000
石头,100000000
公主的诱惑,3750000
笔仙魔咒,354000
生死抉择,1360000
胡桃夹子：魔境冒险,113000
又见梅兰芳,51600
我不是潘金莲,1410000
迷与狂,139000
有招没招之爱情达人,47100
幻影车神：魔盗激情,126000
蚀之江枫渔火,22400
洋妞到我家,115000
发条城市,1080000
幽灵医院,1180000
合约情人,343000
民主华南第一辑,3290
梦幻飞琴,65500
金色记忆,1290000
怒放之青春再见,295000
家亦有道,16800
纳布科,112000
雪花秘扇,421000
我是女王,2500000
赤警威龙,479000
如果·爱,6880000
开心超人,1520000
神笔马良,1560000
电影版卡牌决斗高手：黑月之神帝,575
救火英雄,1040000
房车奇遇,150000
回乡种田,982000
伴我同行,3120000
非诚勿扰2,1830000
过界,2760000
厨子戏子痞子,709000
十二生肖,57200000
冰河追凶,967000
食人岛,233000
索马里真相,748000
生活的颤音,118000
初到东京,484000
南平红荔,128000
麦兜&middot;我和我妈妈,37300
功夫侠,291000
断桥遗梦,61800
人间蒸发,4700000
夜孔雀,5640000
红番区,704000
军医,18000000
八万里,1210000
恋人絮语,468000
致命怪谈,564000
白幽灵传奇之绝命逃亡,424000
我为相亲狂,304000
近距离击杀,299000
几番风雨,467000
本命年,16400000
根据地,30000000
大话天仙,455000
巴黎淘气帮,71000
孤岛惊魂,8560000
蝙蝠侠：黑暗骑士崛起,987000
2015法国新浪潮电影回顾展,5680
寻龙夺宝,228000
血证一九二八,725
火焰山历险记,49600
班主任,90200000
江南爱情故事,736000
魔法老师,2550000
旋风九日,312000
土豪520,333000
回乡逗儿,114000
小神来了,51600
海底世界3D,1180000
工会主席,10100000
妃子笑,2110000
军号密码,369000
一念天堂,2920000
驯龙高手2,496000
废柴特工,1420000
碟仙之毕业照,43800
蚀之章台秋柳,28400
双生灵,677000
郑和1405：魔海寻踪,98800
新天生一对,1610000
逆世界,893000
谍&middot;莲花,1440
我想结婚的时候你在哪,431000
情战,2410000
地心历险记2：神秘岛,316000
洛克王国2圣龙的心愿,309000
长江7号爱地球,99100
谍·莲花,646000
三毛从军记,595000
孤岛惊魂2,1230000
怦然星动,2050000
激战,56400000
命运呼叫转移,350000
亲，别怕鬼宅凶灵,45500
我的长征,2490000
东北往事之破马张飞,215000
我的兄弟姐妹,1160000
我要回城,1030000
七月与安生,56400000
舞出我人生,1550000
我的少女时代,5290000
诡劫,302000
等风来,4320000
中国合伙人,1550000
江湖论剑实录,214000
重返20岁,1530000
黑月,1830000
异度迷局,153000
魔兽,88700000
危城之恋,171000
模特魅影,548000
亲爱,96600000
谍影特工,620000
百团大战,10700000
走向梦想的日子,5310000
开心大冒险,4030000
致命一击,6660000
惊天魔盗团2,2350000
倾城之泪,464000
诺苏之鹰,32400
伊犁河,1220000
麦兜;我和我妈妈,442000
刑警兄弟,957000
动物也疯狂,366000
圣诞玫瑰,387000
新大头儿子和小头爸爸2一日成才,688000
肩上蝶,456000
饥饿游戏,2510000
隐私保险箱,940000
爱在那一天,263000
十七岁,17900000
青春搏击,1180000
撒娇女人最好命,1110000
毒中毒,6310000
机械战警,1700000
赵氏孤儿（戏曲）,68000
魔鬼天使,678000
神秘世界历险记,1480000
无手老师,656000
奔跑吧！狗狗,943000
祝福,100000000
双层公寓,334000
新墙头记,317000
控制,100000000
熊出没之熊心归来,1680000
宝莲灯,5310000
武僧传奇之决战程子沟,76500
左耳,22900000
情人结,763000
美人依旧,537000
强者,73300000
我是大熊猫之熊猫大侠,255000
海贼王2016剧场版,3330000
参天树,209000
豪门生死恋,138000
半熟少女之梦想预备生,75200
悲惨世界,5160000
第七子：降魔之战,491000
海底总动员2：寻找多莉,6640000
床下有人2,828000
床下有人3,863000
毕业那年分手季,82100
致青春·原来你还在这里,872000
闯入迷宅,57900
爱情麻辣烫之情定,51700
十月围城,2530000
雪落牤牛河,4080
愤怒的小鸟大电影,1210000
宅女侦探桂香,1120000
我在这里,35200000
西湖传奇,935000
闯堂兔2疯狂马戏团,1150000
恋者多喜欢,156000
达人也疯狂,3360000
空中营救,378000
了不起的盖茨比,2940000
大变局之梦回甲午,178000
最爱你的人是我,335000
心花路放,2070000
驯龙高手,1280000
熊出没之夺宝熊兵,3060000
一路向前,4240000
不朽的时光,2050000
天脉传奇,237000
满意不满意,4850000
雪国列车,1170000
古镇凶灵之巫咒缠身,148000
野蛮的温柔,113000
咕噜咕噜美人鱼,463000
王的盛宴,1590000
一个人的恋情,6020000
过年回家,8310000
小时代,69300000
昆塔·盒子总动员,162000
寻宝者,425000
圣斗士星矢,16600000
青春指南,4300000
触发,88400000
密室之不可靠岸,206000
消失的凶手,2340000
摩登森林之美食总动员,59800
铁娘子：坚固柔情,106000
惊天魔盗团,2400000
咱们结婚吧,1690000
魔幻仙踪,206000
蓝莓之夜,574000
雏鸟的天空,498000
热血街头,345000
大李，小李和老李,27200
幸福卡片,2810000
青春小说,11900000
魔法总动员,262000
致命对决,124000
山水有相逢,446000
机器人班长,670000
校车,30400000
诡梦凶铃,1290000
诱狼,479000
小等,15800000
天亮·分手,570000
麦特巴卜和大嘴,159
面孔,68300000
禁止吸烟,3400000
封门村,700000
小小校长,2960000
隔壁惊魂,757000
台北飘雪,286000
天眼传奇,777000
夺命推理,774000
非同小可,4880000
新龙门客栈,1380000
刺客,74300000
CCG EXPO动画电影展映,13100
诡爱,365000
新西兰电影周,767000
泰山归来：险战丛林,1670000
双雄,17600000
山那边有匹马,1250000
唐家山之恋,155
过年好,2160000
爸爸去哪儿2,7400000
美人邦,547000
哑孩儿,283000
廊桥1937,2800
封神传奇之驱魔英雄,40800
火海凌云,6650000
惊天大逆转,1100000
大胃王,10800000
倔强萝卜,387000
迈阿密行动,806000
马背上的法庭,166000
三个和尚,2550000
笔仙Ⅲ,45700
笔仙Ⅱ,71100
天空的微笑,12600000
不见不散,31200000
黄金大劫案,751000
9号女神,3820000
冰封：重生之门,587000
童年,91800000
我的唐朝兄弟,277000
九层妖塔,1790000
浮出水面的影子,2580000
叛谍追击,358000
潜艇总动员,3290000
钢板咏叹调,86600
赞鸟历险记,255000
枕边诡影,137000
Hi，高考君,696000
神奇,100000000
青春时光,8790000
图书馆战争：记忆之书,64600
佩小姐的奇幻城堡,1030000
X战警：天启,1980000
保安刘十八,835000
冬去春来,1950000
犹太女孩在上海,88400
筷仙,617000
神探驾到,1070000
迟到的恋曲,1620
如果;爱,36000000
夜郎侠之一路危途,5590
师父,55500000
瞧，这一担儿挑,644
暖,100000000
柳如是,1440000
一路狂奔,4580000
铁拳,12500000
里耶&middot;情简,53
街舞小子,92900
微微一笑很诡异,1160000
微爱之渐入佳境,544000
保持沉默,9370000
超导,12600000
孤胆保镖,216000
美好人生,4150000
守候的心,28300
奇幻女侠,111000
笨贼快跑,1050
燃烧的影像,2640000
魔轮,1580000
我要上学,5120000
纽约纽约,5000000
007：大破量子危机,173000
星语心愿之再爱,623000
秋菊打官司,731000
一诺重如山,1770
巨人捕手杰克,495000
冷酷收获,244000
最佳嫌疑人,913000
毛泽东与齐白石,752000
风铃上的卡片,616000
少共国际师,29000
超人：钢铁之躯,1170000
浩昊文字国历险记--三战怪怪城,1340
驯龙骑士,636000
北漂鱼,190000
梦幻佳期,151000
周恩来,40900000
狂怒,9300000
客房,79100000
缘分天注定,729000
特警英雄,765000
一步之遥,15500000
分歧者：异类觉醒,1130000
我亲爱的小淘气,80100
临沧的诱惑,160000
野猪林,1580000
正果,13800000
夺命心跳,191000
纽约客@上海,68200
房间里的舞蹈,1460000
超级经纪人,1080000
分手合约,515000
插翅难飞 2,709000
无敌小飞猪,234000
极盗者,1810000
全城热恋,6960000
鏖兵天府,42400
哆啦A梦：大雄与绿巨人传,109000
飞鱼秀,294000
爸爸的木房子,72900
误入歧途,6800000
匆匆那年,53600000
长江7号：超萌特攻队,271000
危情24小时,193000
下一站再爱你,446000
梦行者,125000
谁的青春不迷茫,5420000
一条叫王子的狗,4370000
蝙蝠侠大战超人：正义黎明,1290000
倾城,76200000
三十七,34100000
别样警花,27700
伦敦陷落,1160000
帕丁顿熊,714000
泰国妖医,238000
爱的替身,125000
夺樽,111000
青藏线,1640000
马达加斯加：狐猴之岛,178000
房不剩防,273000
少林寺探案传奇之催命符,9890
爱得起,581000
分手木马计,112000
念书的孩子,4870000
鹰笛雪莲,44900
危城,17700000
使命召唤,36300000
初一,100000000
听说,100000000
许海峰的枪,191000
绿林大冒险,305000
爱在旅途,434000
哈勃望远镜3D,266000
雷神2：黑暗世界,197000
人生不能重来,1830000
古堡之吻,165000
暗藏杀机,1310000
步步追魂,205000
末日崩塌,940000
分手再说我爱你,3610000
不二神探,802000
鹰笛·雪莲,41900
廉吏于成龙,183000
永远的焦裕禄,650000
青红,8910000
大墙无言,6050
擒爱记,355000
深夜前的五分钟,1320000
寒战,29600000
出水芙蓉,6110000
飞跃彩虹,218000
爱&middot;回家,6780
疯狂婚礼,1190000
不能忘却的长征,29100
建国大业,2040000
与时尚同居,245000
转山,4550000
谋杀似水年华,801000
王牌逗王牌,11700000
弹无虚发之死亡之海,20000
胡僧,427000
水煮金蟾,33400
洛克王国4：出发！巨人谷,225000
尼罗河情人,664000
星海,47300000
大话东游之二,1400
大宅男,784000
好好过,18900000
海神密码,751000
不是钱的事,1760000
哭泣的拳头,126000
从天儿降,1090000
财神客栈,441000
泡沫之夏,3020000
斗牛,30900000
青春雷锋,887000
黑瞳,1620000
精武家庭,338000
宝贝别哭,881000
爸爸去哪儿,7690000
恐怖游泳馆,875000
门巴将军,64200
武状元苏乞儿,631000
铁血娇娃,278000
异度空间,1630000
遭遇海明威,687000
夺宝联盟,1160000
蚀之春风桃李,14300
新少林寺,1130000
关工委主任,2130000
垫底辣妹,1130000
育婴室,25800000
史前怪兽,352000
时光大战,949000
羊城暗哨,286000
百年好合,4920000
X特遣队,839000
哥斯拉,6760000
狮口惊魂,468000
火锅英雄,1210000
穷途,6770000
我的个神啊,1300000
我是大明星,3370000
独行侠,3410000
临时同居,439000
死亡邮件,966000
没事偷着乐,534000
功夫熊猫2,1390000
功夫熊猫3,1510000
曼德拉,5570000
玛德2号,10700
环太平洋,5450000
绑架大明星,353000
全民目击,1140000
西藏天空,258000
东京审判,646000
疯狂的疯狂,89500000
海底总动员2：多莉去哪儿,1380000
刮痧,19300000
爱你一生一世,3060000
不肯去观音,2240000
粉红女郎之爱人快跑,134000
请将我遗忘,421000
十二生肖城市英雄,336000
麦兜·饭宝奇兵,1300000
龙须沟,1110000
梦想庄园,1310000
聪明的一休之反斗公主,106000
超能龙骑侠,1150000
云朵上的羊角花,37900
少女哪吒,777000
无人区,8640000
侠盗石川,86500
樱桃小丸子：来自意大利的少年,1100000
侠探杰克,4240000
香气,68800000
幸存者,29800000
角逐,43800000
白雪公主之神秘爸爸,259000
野人传奇,124000
月色狰狞,163000
毛驴县令之酸儿辣女,77900
彼得的龙,953000
九色鹿,3290000
大牌+39&deg;,93
亚马逊萌猴奇遇记,82400
王者之剑3D,779000
绣春刀,1890000
爱情狂想曲,230000
纯纯欲动,208000
谍;莲花,1300000
光棍终结者,231000
蔡李佛-极限拳速,57600
少年圆瑛,70700
白蛇传,20100000
铁血残阳,156000
捉妖记,10800000
神兵小将,678000
猩球崛起：黎明之战,422000
灰姑娘,35500000
圣保罗医院之谜,59500
荣誉至上,106000
亲爱的,95400000
大搜查,1440000
浩昊文字国历险记：三战怪怪城,7210
安妮：纽约奇缘,256000
超能敢死队,7300000
残团,195000
女倾慕者,173000
边境风云,572000
不要迷恋姐,126000
暗剑,291000
赛尔号2：雷伊与迈尔斯,1320000
春天的狂想,70800
单身汉,7970000
完美假妻168,55700
明日世界,1850000
大笑江湖,1100000
赵氏孤儿,4780000
卒迹,72300
家有喜事2009,382000
落跑吧，爱情,32900
失眠男女,1070000
天才眼镜狗,171000
魔比斯环3D,87100
情回鹭岛,2490
黄色潜水艇,452000
CCG EXPO动画电影展,333
民工老大老板,115000
预见未来,3320000
间谍,44600000
艺术家,87000000
美食总动员,694000
海岛之恋,413000
红军乡,48600
青山翠谷,467000
不能错过,6800000
碟中谍2,1270000
碟中谍3,1250000
寻找智美更登,61700
神探,35500000
碟中谍4,1280000
三月情流感,1230000
我叫哀木涕之山口山战记,115000
光的棍,424000
史来贺,224000
雷锋在1959,892000
绿色救赎之追捕真凶,99
红色恋人,915000
母亲的梦想,9510000
笔仙诡影,696000
一触即发,33500000
少年班,2920000
我想和你好好的,9400000
匹夫,12800000
一刻十年,1780000
糯米的苹果,1130000
白雪公主和三只小猪,1220000
一句顶一万句,19100000
惊天绑架团,616000
监禁风暴,650000
蜂鸟特攻,544000
兄弟会5：同学录,2460
翻滚吧！阿信,433000
所以……和黑粉结婚了,1410000
白毛女,3790000
机动部队-同袍,260000
巴霍巴利王：开端,881000
西游&middot;降魔篇,765
三更车库,277000
神秘世界历险记2,1440000
孤胆义侠,146000
雷锋的微笑,1990000
乐翻天,17900000
叶问,15600000
红尾鸽,383
小时代4：灵魂尽头,700000
回头是远方,6060000
白日焰火,971000
我们毕业啦,1860000
白发魔女传之明月天国,1230000
我叫MT之山口山战记,1090000
魁拔,13600000
当流星划过天际,620000
昆塔2·反转星球,19300
烟雨红颜,168000
黑金,22600000
闯入者,2080000
黎明之眼,1810000
街头舞王,373000
风云决,668000
爱情万岁,559000
血红的蝴蝶,1160000
无极限之危情速递,89500
十二公民,1940000
大叔，我爱你,2280000
青蛙王国,255000
里约大冒险,1860000
死亡笔记,4470000
奔跑吧！兄弟,6260000
功夫战斗机,359000
赤焰战场,710000
托马斯和朋友们多多岛之迷失宝藏,275000
跟踪,100000000
极限挑战之皇家宝藏,230000
霸王别姬（京剧）,1410000
5颗子弹,93900
爸爸的假期,6350000
西游降魔篇,1760000
忍者神龟,14000000
今天&middot;明天,3720
紫霞,11700000
让熊猫飞,170000
文雀,349000
我的男友和狗,156000
幸福额度,524000
刘庄布偶,66
归来,82200000
吓死宝宝了,601000
湘女萧萧,52400
嗨起，打他个鬼子,179000
变形金刚4：绝迹重生,2240000
漫瀚调,150000
摩尔庄园2之海妖宝藏,277000
来历不明,5230000
银河护卫队,1650000
整容日记,982000
指尖太阳,1070000
汽车人总动员,498000
苏武牧羊 豫剧,258000
超脑48小时,77700
功夫咏春,550000
非常幸运,3770000
吉星高照2015,727000
我们恋爱吧,484000
麻将棒棒手,16400
心灵的阳光,10900000
死亡之谜之双鱼玉佩,76100
不惧风暴,709000
太空熊猫英雄归来,165000
会飞的小精灵,726000
悬战,288000
北京等待,90500
我是谁2015,1280000
整形师·脸,43100
临终囧事,199000
摇滚英雄,991000
画皮2,1670000
倒霉的一天,4000000
影子爱人,1010000
妹娃要过河,336000
一诺·千金,1500000
圣战士,877000
狐猴之岛：马达加斯加,176000
再次出发,4170000
心战,1870000
毛泽东的故事,195000
听见下雨的声音,1090000
小鬼队,14200
生死诀,120000
霹雳囧花,334000
小时代3：刺金时代,682000
魔警,633000
一切都好,5360000
这儿是香格里拉,112000
乡村守望的女人,36600
箱子,78900000
笔仙惊魂,672000
红楼梦,49700000
变形金刚1,2980000
变形金刚3,5440000
变形金刚2,1940000
大火种,284000
火鸡总动员,281000
太阳脸,668000
丑男大翻身,127000
赛尔号4大电影：圣魔之战,603000
王化买父,5300
超凡蜘蛛侠2,2660000
侠僧探案传奇之大兴赌坊,82400
黄金时代,21800000
简单爱,3470000
背水一战,6810000
城南旧事,3790000
张思德,1130000
古田会议,1710000
赤狼蚁,2220
外出,95800000
星探,5990000
双龙会,826000
疯狂的石头,4810000
超级女特工,248000
我叫阿里木,39800
催命符,1440000
精武风云;陈真,374000
X战警：逆转未来,1150000
从天“儿”降,3440000
只要我们在一起,36500000
第一次,100000000
那是说着玩的,824000
"将错,就错",2330000
百星酒店,267000
夺路而逃,5650000
看见我和你,2740000
韶山少年,1350000
诡替身,194000
侏罗纪公园3D,1020000
诡婴吉咪,193000
车在囧途,796000
午夜火车,1180000
灵偶契约,534000
守梦者,94900
可可西里,6310000
女神时代,3620000
金箍棒传奇,831000
冬荫功2：拳霸天下,371000
文字国历险记——浩昊勇闯童话城,4700
人狼大战,627000
201314,2350000
如果爱,14600000
石将军石勇,151000
新年来啦之大闹除夕,86300
红髅,387000
恐怖照相机,874000
一江明烛,83600
有人赞美聪慧，有人则不,74500
爸爸妈妈复婚记,422000
我11,12800000
伴我闯天涯,214000
迁徙,77200000
追爱总动员,202000
少年师爷之大禹宝藏,479000
失踪的女中学生,40000
听风者,870000
湖杀令,109000
爱的“蟹”逅,642000
昆塔&middot;盒子总动员,84500
小亲亲,577000
圣诞大赢家,372000
结婚那件事,751000
一个勺子,1630000
卡萨布兰卡,4320000
永远的车神,255000
一个人的武林,2150000
敌后文工队,11300
同根生,2610000
海底淘法,23000
大明猩,392000
开罗宣言,1320000
非常完美,14300000
嘻游记,1120000
风雨日升昌,79300
乌珠穆沁的孩子,19000
男神抱抱,99700
纽约行动,1160000
刻在石磨上的勋章,78
少年岳飞传奇,44100
世界屋脊的歌声,451000
变身契约,123000
拯救大明星,130000
未营业,2650000
硬汉,36600000
冰美人,1980000
早熟,72400000
失孤,3430000
窃听风云2,1010000
没女神探,270000
乱战,4510000
银蛇谋杀案,79100
冰雪女王,16200000
潜艇总动员之时光宝盒,562000
一个温州的女人,1220000
少年派的奇幻漂流,1160000
别有动机,416000
让爱绽放,239000
战狼,25200000
龙凤店,408000
再爱一次好不好,81300
最后的巫师猎人,545000
忠诚与背叛,2360000
路边草,140000
被解救的姜戈,776000
男儿本色,2690000
天将雄师,1680000
破风,3210000
命运派对,181000
白色星球,119000
走路上学,434000
安德的游戏,987000
老萨的战争,77600
午夜寻访录,350000
黑猫警长之翡翠之星,450000
伤城,1190000
点对点,13200000
生死28小时,35200
新年行动,1020000
乳娘情,16100
我爱的是你爱我,2640000
谁hold住谁,80600
我是谁,29700000
同谋,3910000
桑榆街9号,1280
杀破狼2,1280000
未择之路,150000
房子,100000000
国酒,15900000
少年岳飞,1160000
HOLD住爱,701000
向阳坡传说,29000
喜羊羊与灰太狼之喜气羊羊过蛇年,3830000
一剑钟情,81000
河,100000000
海岛冒险,1080000
爱情麻辣烫之情定终身,377000
藏羚王之雪域精灵,139000
消失的子弹,3030000
山外是海,3430
心灵解码,706000
向阳花开,676000
盲探,809000
春桃,1460000
京城81号,1190000
巴黎假期,789000
甲方乙方,1530000
奇幻森林,2320000
歼十出击,335000
极速风流,934000
女理发师,299000
赵氏孤儿（秦腔）,525000
魔卡行动,599000
锁麟囊（秦腔）,352000
暴疯语,1390000
摩尔庄园冰世纪,518000
半夜不要照镜子,813000
爱情魔发师,613000
合欢树,1220000
好想和你在一起,242000
告别,82800000
星际迷航：暗黑无界,673000
蜘蛛侠2,1580000
秋雨,37700000
白居易在龙门,1310000
我的“狐朋狗友”,141000
乔布斯,28500000
百变爱人,193000
三七情缘,85700
时尚先生,2560000
凶间雪山,1410000
首席执行官,27600000
夜宴,7970000
保持通话,868000
老哨卡,37500
小时代:青木时代,605000
今天我休息,308000
疯狂72小时,790000
名侦探柯南：业火的向日葵,776000
神探夏洛克,5010000
喊·山,3
爱&middot;回家/外婆的家,33
了不起的处女座,1170000
夜半梳头,358000
妄想症,7280000
奥拉星：进击圣殿,227000
像素大战,1180000
南京的那个夏天,26800
第一书记,4200000
魔比斯环,291000
海洋天堂,854000
马达加斯加3,1380000
恐怖将映,994000
名侦探柯南2009：漆黑的追迹者,88200
龙潭夺宝,232000
吹梦巨人,943000
代课老师,2620000
极地大反攻,251000
潘多拉的宝剑,415000
一棵心中的许愿树,35500
碧罗雪山,368000
少年杨靖宇,400000
丑小鸭历险记,844000
救我,16300000
花样年华,11500000
波鲁鲁冰雪大冒险,1420000
硬汉奶爸,148000
家在水草丰茂的地方,386000
沉睡魔咒,863000
爱别离,1670000
天津闲人,118000
蟹蟹侬,119000
孤岛,43800000
南漂,336000
化妆师,27800000
线索,92300000
拆散专家,175000
致我们终将到来的爱情,1240000
轩辕剑传奇,594000
东方欲晓,482000
热爱岛,245000
勇士之门,3100000
三只小猪与神灯,325000
小魔仙之黑魔法来袭,690000
北回归线,6350000
蜜月酒店杀人事件,598000
超能游戏者,179000
笑过2012,1110000
大腕,17700000
舍身技,134000
圆梦巨人,4380000
墓穴迷城,1000000
新地雷战：神勇小子,203000
玩命时光,765000
甜蜜十八岁,151000
我的名字叫可汗,252000
特警判官,499000
卧龙岗,2220000
封门诡影,279000
加油中国,523000
斯大林格勒,3610000
致我们终将逝去的青春,1570000
蝙蝠侠大战超人：,3040000
大统一理论,210000
烈日灼心,4270000
今天;明天,24500000
初夏日记,801000
天堂口,494000
野草莓,960000
大野狼和小绵羊的爱情,212000
飞鹰艾迪,808000
到阜阳六百里,186000
南泥湾,2970000
冰川时代5：星际碰撞,1840000
小鬼智多星,17700
分歧者2：绝地反击,85900
天行者,1840000
都是手机惹的祸,875000
神枪手与智多星,250000
公证人之大卫之死,13500
双生记之误入总裁身,217000
恐怖电影院,3940000
天理难容,2660000
爸爸我来救你了,95600
天生不对,4420000
南京,100000000
百万爱情宝贝,745000
日本电影周,5320000
西柏坡,6410000
深海浩劫,1310000
别拿自己不当干部,185000
君子道,579000
快手枪手快枪手,1640000
柳堡的故事,339000
时间都去哪了,2000000
寻龙诀,11400000
拐杖,70900000
忍者神龟2：破影而出,2220000
李祥和的婚事,9520
东莞女孩,1500000
诡宅,624000
天亮;分手,1570000
一八九四&middot;甲午大海战,105000
当我们年轻的时候,872000
终结者：创世纪,1080000
九局下半,129000
甜蜜蜜,16800000
X战警2,1260000
萨米大冒险,658000
爱情真可怕,208000
前任攻略,1150000
姚明年,116000
为梦想，跑,9120000
派饭,176000
雷神,36100000
一路顺疯,851000
隔窗有眼,64100
疯狂粉丝王,142000
男人不可以穷,1120000
马兰花,1760000
西游记之大闹天宫,2230000
黑海夺金,5470000
美丽家园,3430000
一场风花雪月的事,2530000
第五个新娘,570000
民警故事,1090000
近在咫尺的爱恋,1150000
萨米大冒险2,500000
超能太阳鸭,704000
你的情歌我来唱,5640000
我爱灰太狼2,1750000
天台爱情,1080000
超蛙战士之初露锋芒,134000
分歧者3：忠诚世界,539000
出租车4,3790000
帝王蝶的迁徙,53300
小人国,3830000
罪与罚,3180000
飞扬的青春,878000
山间传来牛铃声,21200
闪魂,344000
海岛小卫士,16700
死亡派对,808000
有这样一个医生,1420000
最强囍事2011,136000
头彩,2110000
大地有爱,26600
文字国历险记-浩昊巧破笑话城,14200
不怕贼惦记,367000
特工艾米拉,223000
再生之乐,426000
麦田,26300000
小小飞虎队,282000
我的青春蜜友,151000
决不饶恕,256000
状元媒,614000
老海的新生活,23000
斗地主传奇之双王之王,37800
狂野飞车,2150000
帝国秘符,127000
山花烂漫时,1970000
李可乐寻人记,168000
缘份,17300000
宝贝计划,3750000
被偷走的那五年,1060000
201413爱你一世一生,12300
兰花香,1450000
生化危机4：战神再生,241000
无言的界碑,19100
人在驴途,1480000
油菜花儿开,116000
澳门风云,14200000
大气层消失,78900
赤焰战场2,384000
绝命航班,451000
飞越老人院,376000
荒岛情未了,159000
来电不善,547000
警察追击,1550000
金刚王：死亡救赎,199000
杨门女将之军令如山,233000
兵临城下之决战要塞,229000
啊朋友还钱,83400
新鲁冰花：孩子的天空,55600
张震讲故事之合租屋,3700000
热血男人帮,508000
喜酒,7320000
终极大冒险,153000
秋喜,337000
花腰新娘,280000
星空,80400000
超能兔战队,698000
大喜临门,441000
冲锋战警,176000
罪恶赎金,136000
一九四二,2210000
与贼同屋,162000
购物女王,990000
西洋镜,925000
何以笙箫默,9370000
我和初恋的三次婚礼,322000
换个活法,521000
结婚狂想曲,209000
不是闹着玩的,2820000
五月天追梦3DNA,178000
单身男女,7750000
奔驰的大葱,404000
恋爱789,799000
黎明行动,123000
丑女大翻身,665000
暖春,3270000
百家拳之关门弟子,14900
鲨滩,1770000
圣龙奇兵大冒险,89600
愤怒的小鸟,9220000
再见我们的十年,2700000
小战象2,106000
受降前夕,106000
宝岛双雄,147000
姑鲁之恋,20000
神战：权力之眼,1240000
团圆,56400000
海啸奇迹,549000
神探亨特张,279000
顺风车,13600000
大山的女儿,50800
私奔B计划,330000
缘，妙不可言,722000
画皮,17900000
无法触碰的爱,107000
东方中国梦,898000
猎神：冬日之战,499000
笨贼别跑,212000
神秘的未知世界,470000
山丹丹花儿开,25600
永春白鹤拳之擎天画卷,212000
心在彼处,156000
一夜惊喜,1050000
爱宠大机密,4280000
人间&middot;小团圆,23
在雨中,12000000
卧虎藏龙2：青冥宝剑,1210000
华丽上班族,1210000
女生宿舍,5780000
大上海,7440000
抱养,2290000
菜鸟,74400000
那山那人那狗,302000
饥饿游戏3：嘲笑鸟（上）,2290000
章鱼哥,1470000
壁虎,9760000
同桌的妳,354000
狼牙山五壮士,2860000
大山的声音,5840000
猿创世界之熊孩子部落,87600
泰山归来：人猿大战,293000
圣哲老子,47300
我们毕业的夏天,153000
都市童话,1180000
2016法国电影展映活动,19600000
非你勿扰,363000
不爱不散,151000
家里有我,109000
2016年乌兹别克斯坦电影周,1230000
夜迷宫,162000
爱情天梯,1060000
金蝉脱壳,2190000
璀璨的婚礼,1560000
小角色,6270000
哆啦A梦：伴我同行,1270000
梦幻列车,35300
剑河,3860000
幸福很囧,179000
爱爱囧事,737000
男二本色,33200
101次求婚,1230000
窈窕绅士,318000
花花型警,153000
我们的十年,14300000
证人,30200000
他是龙,5330000
里耶;情简,10100
假装情侣,843000
火云端,98600
天下第二,1140000
门球健将,40500
擦枪走火,2730000
南方大冰雪,1930000
火车快跑,878000
严冬里的春天,2010000
丘吉尔的好莱坞生涯,182000
辛巴达历险记2013,89000
守望者,18300000
汉江怪物,758000
2016年意大利电影展映,4170000
全城戒备,434000
变节：潜罪犯,166000
移动迷宫,1160000
飘落的羽毛,1370000
憨哥进城,58700
笔仙,4600000
跑山,2220000
一路惊喜,12000000
恐怖爱情故事之死亡公路,609000
赤道雪山下的国家坦葛,11900
鼠来宝4：萌在囧途,346000
李三娘（花鼓戏）,152000
上海英国电影周,6990000
杂技小精灵,34300
708090之深圳恋歌,500000
名侦探柯南2015：业火的向日葵,765000
永州故事,1220000
你是哪里人,14200000
高跟鞋先生,828000
扫毒,3310000
女大学生宿舍,766000
恋爱兄弟,6200000
老虎都要嫁,170000
不许动,2820000
龙在哪里?,8560000
好命先生,526000
这个大叔不太囧,131000
小时代4：灵魂尽头（纪录片版）,576000
菊花台,2420000
林海雪原,2840000
诡拼车,163000
情花谷,103000
通灵之六世古宅,1650000
如果&middot;爱,85300
黄克功案件,174000
天亮之前,3030000
少年当自强,2170000
复仇者联盟,2970000
冰雪11天,349000
守灵,2100000
咱们的工会主席,194000
归途列车,204000
摩尔庄园大电影3魔幻列车大冒险,151000
梦开始的地方,5420000
铜牌小车手,236000
放心去飞,428000
金画眉,52300
有种你爱我,2880000
奇葩追梦,675000
光辉岁月,9360000
烽火,49300000
三少爷的剑,2350000
冰川时代：融冰之灾,100000
魔镜,14300000
地下室惊魂,149000
追你到天边,37900
忠诚,88600000
惊魂游戏,579000
火线战将,195000
花样厨神,781000
杀戒,5880000
明日边缘,1070000
情归陶然亭,96900
贵族大盗,241000
十三岁女孩,210000
初恋红豆冰,247000
霹雳贝贝,410000
少年林祥谦,52600
金箍棒传奇2,98700
浴血反击,1430000
平凡的足球,1920000
情笛之爱,107000
孝女彩金,68900
崂山道士,543000
黑炮事件,173000
最爱,97300000
独自等待,1160000
盗马贼,289000
诡魇,187000
建党伟业,9190000
危情营救,200000
走出迷林,14800
爱封了,2720000
澳门风云3,1270000
澳门风云2,1230000
你是不是我的爱人,385000
难忘的岁月,713000
横冲直撞好莱坞,1290000
疯狂侏罗纪,621000
林中小屋,1280000
这里的黎明静悄悄,1190000
37次想你,2020000
虎胆龙威5,938000
虎胆龙威4,994000
青春祭,270000
新大头儿子和小头爸爸之秘密计划,478000
亡命地中海,142000
黑金风暴,44800
胜利,100000000
81号农场之保卫麦咭,103000
神秘群岛,159000
潜艇总动员3：彩虹宝藏,624000
小门神,3150000
雷锋侠,12500000
微微一笑很倾城,54100000
打工老板,6330000
北京&middot;纽约,40500
牧马人,18500000
钢琴木马,323000
阿嬷的梦中情人,228000
最美,88700000
死亡面具,1150000
痞子英雄：黎明升起,529000
第七谎言,745000
一生一世,22300000
斗地主,71100000
求爱大作战,364000
三城记,1140000
地域无门,138000
正骨,6930000
钢铁，是这样炼成的,3010000
环城七十里,107000
永远的绿盖头,280000
夏洛特烦恼,2340000
动植物大战,1600000
我的美丽王国,9860
邻家特工,311000
诡娃,296000
超萌英雄,795000
密道追踪之阴兵虎符,226000
昆虫总动员,588000
大武生,1100000
绣花鞋,4340000
一夜危机,847000
恋爱三万英尺,233000
青春的应答,1400000
北京万国城2016香港主题电影展映,6260
失恋33天,1790000
韩城攻略,324000
放飞理想,2870000
龙拳小子,1060000
战火焚情,3720
5月天诺亚方舟,427000
小王子,37600000
杜拉拉追婚记,1290000
人山人海,23400000
八十一格,109000
笔仙惊魂3,541000
那座山,1680000
80后的独立宣言,668000
地牢围攻,1070000
怨灵人偶,209000
鹭语,76300
情况不妙,3600000
U盘,82900000
功夫四侠,864000
铁甲钢拳,1280000
海洋之恋,718000
魔宫魅影,1380000
一只狗的大学时光,2390000
人皮拼图,211000
哪一天我们会飞,707000
决战刹马镇,373000
箭士柳白猿,289000
夺命追踪,117000
人命如天,22000
赏金猎人,11500000
玄奘大师,811000
云中岗亭,36000
马达加斯加的企鹅,1150000
最美的时候遇见你,1530000
战无双,661000
活宝,11700000
美女与野兽,4770000
生命的托举,46400
爱上灰姑娘,174000
守株人,148000
布基兰,129000
红楼梦（昆曲）,1200000
大丑,1170000
心跳戈壁,197000
夜店诡谈,205000
我是路人甲,1410000
私人订制,23800000
伊宁不眠夜,9970
盘夫索夫,252000
蝴蝶梦,4400000
扑通扑通我的人生,421000
007：大破天幕杀机,399000
半生缘,3020000
我是大熊猫,986000
英雄之战,1700000
别惹我,2430000
呼吸正常,22100000
恶战,7730000
我很帅,1440000
大闹天宫（动画版）,1370000
梦回金沙城,174000
兄弟之生死同盟,110000
绝种好男人,297000
星月童话,530000
国宝疑云,164000
青春.com,10200000
屠魔战士,436000
三峡好人,442000
敢死队,28300000
魔幻厨房,539000
天使请吻我,300000
杀生,11000000
天机&middot;富春山居图,323000
盟军夺宝队,138000
一步之城,20200
足球大侠,737000
谎言大爆炸,486000
连环局,299000
念念,52700000
请把你的窗户打开,965000
白雪公主与青蛙王子,610000
我爸比我小四岁,244000
潜艇总动员3 - 彩虹宝藏,552000
